location,zone,tank_id,tank_id_raw,date,period,parameter,value,unit
Aqua,Aqua,3,3,2025-07-10,morning,ammonia,0.16,mg/L
Aqua,Aqua,3,3,2025-07-10,morning,nitrate,6.8,mg/L
Aqua,Aqua,3,3,2025-07-10,morning,nitrite,0.44,mg/L
Aqua,Aqua,3,3,2025-07-10,morning,ph,6.38,pH
Aqua,Aqua,8,8,2025-07-10,morning,ammonia,0.17,mg/L
Aqua,Aqua,8,8,2025-07-10,morning,nitrate,7.3,mg/L
Aqua,Aqua,8,8,2025-07-10,morning,nitrite,0.005,mg/L
Aqua,Aqua,8,8,2025-07-10,morning,ph,6.58,pH
Aqua,Aqua,14,14,2025-07-08,morning,ammonia,0.13,mg/L
Aqua,Aqua,14,14,2025-07-08,morning,nitrate,7.3,mg/L
Aqua,Aqua,14,14,2025-07-08,morning,nitrite,0.028,mg/L
Aqua,Aqua,14,14,2025-07-08,morning,ph,6.64,pH
Aqua,Aqua,16,16,2025-07-10,morning,ammonia,0.16,mg/L
Aqua,Aqua,16,16,2025-07-10,morning,nitrate,7.0,mg/L
Aqua,Aqua,16,16,2025-07-10,morning,nitrite,0.51,mg/L
Aqua,Aqua,16,16,2025-07-10,morning,ph,6.71,pH
Aqua,Aqua,20,20,2025-07-08,morning,ammonia,0.11,mg/L
Aqua,Aqua,20,20,2025-07-08,morning,nitrate,6.9,mg/L
Aqua,Aqua,20,20,2025-07-08,morning,nitrite,0.073,mg/L
Aqua,Aqua,20,20,2025-07-08,morning,ph,6.82,pH
Aqua,Aqua,24,24,2025-07-10,morning,ammonia,0.16,mg/L
Aqua,Aqua,24,24,2025-07-10,morning,nitrate,7.9,mg/L
Aqua,Aqua,24,24,2025-07-10,morning,nitrite,0.56,mg/L
Aqua,Aqua,24,24,2025-07-10,morning,ph,6.83,pH
Block L,Block L,1,1,2025-07-01,morning,dissolved_oxygen,7.08,mg/L
Block L,Block L,1,1,2025-07-01,morning,temperature,28.8,degC
Block L,Block L,1,1,2025-07-02,morning,dissolved_oxygen,6.44,mg/L
Block L,Block L,1,1,2025-07-02,morning,temperature,27.6,degC
Block L,Block L,1,1,2025-07-03,morning,dissolved_oxygen,7.25,mg/L
Block L,Block L,1,1,2025-07-03,morning,temperature,28.1,degC
Block L,Block L,1,1,2025-07-04,morning,dissolved_oxygen,7.04,mg/L
Block L,Block L,1,1,2025-07-04,morning,temperature,28.4,degC
Block L,Block L,1,1,2025-07-07,morning,ammonia,1.43,mg/L
Block L,Block L,1,1,2025-07-07,morning,nitrate,3.5,mg/L
Block L,Block L,1,1,2025-07-07,morning,nitrite,0.7,mg/L
Block L,Block L,1,1,2025-07-07,morning,ph,6.97,pH
Block L,Block L,1,1,2025-07-10,morning,dissolved_oxygen,7.51,mg/L
Block L,Block L,1,1,2025-07-10,morning,temperature,28.5,degC
Block L,Block L,1,1,2025-07-11,morning,ammonia,2.45,mg/L
Block L,Block L,1,1,2025-07-11,morning,dissolved_oxygen,5.18,mg/L
Block L,Block L,1,1,2025-07-11,morning,nitrate,2.6,mg/L
Block L,Block L,1,1,2025-07-11,morning,nitrite,0.017,mg/L
Block L,Block L,1,1,2025-07-11,morning,ph,6.7,pH
Block L,Block L,1,1,2025-07-11,morning,temperature,30.1,degC
Block L,Block L,1,1,2025-07-15,morning,dissolved_oxygen,7.02,mg/L
Block L,Block L,1,1,2025-07-15,morning,temperature,28.7,degC
Block L,Block L,1,1,2025-07-17,morning,dissolved_oxygen,7.4,mg/L
Block L,Block L,1,1,2025-07-17,morning,temperature,29.0,degC
Block L,Block L,1,1,2025-07-18,morning,dissolved_oxygen,7.11,mg/L
Block L,Block L,1,1,2025-07-18,morning,temperature,29.2,degC
Block L,Block L,1,1,2025-07-21,morning,dissolved_oxygen,6.63,mg/L
Block L,Block L,1,1,2025-07-21,morning,temperature,29.5,degC
Block L,Block L,1,1,2025-07-23,morning,dissolved_oxygen,6.3,mg/L
Block L,Block L,1,1,2025-07-23,morning,temperature,27.5,degC
Block L,Block L,1,1,2025-07-24,morning,dissolved_oxygen,9.21,mg/L
Block L,Block L,1,1,2025-07-24,morning,temperature,28.5,degC
Block L,Block L,1,1,2025-07-28,morning,dissolved_oxygen,7.35,mg/L
Block L,Block L,1,1,2025-07-28,morning,temperature,28.9,degC
Block L,Block L,1,1,2025-07-29,morning,dissolved_oxygen,7.12,mg/L
Block L,Block L,1,1,2025-07-29,morning,temperature,29.2,degC
Block L,Block L,2,2,2025-07-01,afternoon,dissolved_oxygen,6.28,mg/L
Block L,Block L,2,2,2025-07-01,afternoon,temperature,29.1,degC
Block L,Block L,2,2,2025-07-01,morning,dissolved_oxygen,6.71,mg/L
Block L,Block L,2,2,2025-07-01,morning,temperature,28.0,degC
Block L,Block L,2,2,2025-07-02,afternoon,dissolved_oxygen,6.4,mg/L
Block L,Block L,2,2,2025-07-02,afternoon,temperature,28.6,degC
Block L,Block L,2,2,2025-07-02,morning,dissolved_oxygen,7.15,mg/L
Block L,Block L,2,2,2025-07-02,morning,temperature,28.4,degC
Block L,Block L,2,2,2025-07-03,morning,dissolved_oxygen,6.13,mg/L
Block L,Block L,2,2,2025-07-03,morning,temperature,27.3,degC
Block L,Block L,2,2,2025-07-08,afternoon,dissolved_oxygen,6.78,mg/L
Block L,Block L,2,2,2025-07-08,afternoon,temperature,28.1,degC
Block L,Block L,2,2,2025-07-10,afternoon,dissolved_oxygen,6.62,mg/L
Block L,Block L,2,2,2025-07-10,afternoon,temperature,28.0,degC
Block L,Block L,2,2,2025-07-10,morning,dissolved_oxygen,6.54,mg/L
Block L,Block L,2,2,2025-07-10,morning,temperature,27.7,degC
Block L,Block L,2,2,2025-07-11,afternoon,dissolved_oxygen,5.82,mg/L
Block L,Block L,2,2,2025-07-11,afternoon,temperature,31.0,degC
Block L,Block L,2,2,2025-07-11,morning,dissolved_oxygen,5.48,mg/L
Block L,Block L,2,2,2025-07-11,morning,temperature,30.2,degC
Block L,Block L,2,2,2025-07-15,afternoon,dissolved_oxygen,5.98,mg/L
Block L,Block L,2,2,2025-07-15,afternoon,temperature,28.6,degC
Block L,Block L,2,2,2025-07-15,morning,dissolved_oxygen,6.56,mg/L
Block L,Block L,2,2,2025-07-15,morning,temperature,27.8,degC
Block L,Block L,2,2,2025-07-16,afternoon,dissolved_oxygen,6.35,mg/L
Block L,Block L,2,2,2025-07-16,afternoon,temperature,28.4,degC
Block L,Block L,2,2,2025-07-17,afternoon,dissolved_oxygen,6.05,mg/L
Block L,Block L,2,2,2025-07-17,afternoon,temperature,29.0,degC
Block L,Block L,2,2,2025-07-17,morning,dissolved_oxygen,6.32,mg/L
Block L,Block L,2,2,2025-07-17,morning,temperature,27.9,degC
Block L,Block L,2,2,2025-07-18,afternoon,dissolved_oxygen,6.44,mg/L
Block L,Block L,2,2,2025-07-18,afternoon,temperature,29.3,degC
Block L,Block L,2,2,2025-07-18,morning,dissolved_oxygen,6.4,mg/L
Block L,Block L,2,2,2025-07-18,morning,temperature,28.2,degC
Block L,Block L,2,2,2025-07-21,afternoon,dissolved_oxygen,6.59,mg/L
Block L,Block L,2,2,2025-07-21,afternoon,temperature,29.4,degC
Block L,Block L,2,2,2025-07-21,morning,dissolved_oxygen,6.63,mg/L
Block L,Block L,2,2,2025-07-21,morning,temperature,28.1,degC
Block L,Block L,2,2,2025-07-22,afternoon,dissolved_oxygen,6.61,mg/L
Block L,Block L,2,2,2025-07-22,afternoon,temperature,29.1,degC
Block L,Block L,2,2,2025-07-23,afternoon,dissolved_oxygen,5.62,mg/L
Block L,Block L,2,2,2025-07-23,afternoon,temperature,30.4,degC
Block L,Block L,2,2,2025-07-23,morning,dissolved_oxygen,6.17,mg/L
Block L,Block L,2,2,2025-07-23,morning,temperature,27.2,degC
Block L,Block L,2,2,2025-07-24,afternoon,dissolved_oxygen,7.72,mg/L
Block L,Block L,2,2,2025-07-24,afternoon,temperature,29.6,degC
Block L,Block L,2,2,2025-07-24,morning,dissolved_oxygen,8.66,mg/L
Block L,Block L,2,2,2025-07-24,morning,temperature,28.6,degC
Block L,Block L,2,2,2025-07-25,afternoon,dissolved_oxygen,8.77,mg/L
Block L,Block L,2,2,2025-07-25,afternoon,temperature,29.8,degC
Block L,Block L,2,2,2025-07-28,afternoon,dissolved_oxygen,6.25,mg/L
Block L,Block L,2,2,2025-07-28,afternoon,temperature,29.4,degC
Block L,Block L,2,2,2025-07-28,morning,dissolved_oxygen,6.05,mg/L
Block L,Block L,2,2,2025-07-28,morning,temperature,28.2,degC
Block L,Block L,2,2,2025-07-29,afternoon,dissolved_oxygen,6.15,mg/L
Block L,Block L,2,2,2025-07-29,afternoon,temperature,29.7,degC
Block L,Block L,2,2,2025-07-29,morning,dissolved_oxygen,6.35,mg/L
Block L,Block L,2,2,2025-07-29,morning,temperature,28.4,degC
Block L,Block L,2,2,2025-07-30,afternoon,dissolved_oxygen,5.14,mg/L
Block L,Block L,2,2,2025-07-30,afternoon,temperature,29.4,degC
Block L,Block L,3,3,2025-07-01,afternoon,dissolved_oxygen,6.78,mg/L
Block L,Block L,3,3,2025-07-01,afternoon,temperature,28.8,degC
Block L,Block L,3,3,2025-07-01,morning,dissolved_oxygen,7.37,mg/L
Block L,Block L,3,3,2025-07-01,morning,temperature,27.8,degC
Block L,Block L,3,3,2025-07-02,afternoon,dissolved_oxygen,6.67,mg/L
Block L,Block L,3,3,2025-07-02,afternoon,temperature,28.3,degC
Block L,Block L,3,3,2025-07-02,morning,dissolved_oxygen,6.8,mg/L
Block L,Block L,3,3,2025-07-02,morning,temperature,27.6,degC
Block L,Block L,3,3,2025-07-03,morning,dissolved_oxygen,7.08,mg/L
Block L,Block L,3,3,2025-07-03,morning,temperature,27.0,degC
Block L,Block L,3,3,2025-07-04,afternoon,dissolved_oxygen,6.95,mg/L
Block L,Block L,3,3,2025-07-04,afternoon,temperature,28.1,degC
Block L,Block L,3,3,2025-07-04,morning,dissolved_oxygen,7.23,mg/L
Block L,Block L,3,3,2025-07-04,morning,temperature,27.2,degC
Block L,Block L,3,3,2025-07-08,afternoon,dissolved_oxygen,6.76,mg/L
Block L,Block L,3,3,2025-07-08,afternoon,temperature,28.0,degC
Block L,Block L,3,3,2025-07-10,afternoon,dissolved_oxygen,6.87,mg/L
Block L,Block L,3,3,2025-07-10,afternoon,temperature,27.9,degC
Block L,Block L,3,3,2025-07-10,morning,dissolved_oxygen,6.75,mg/L
Block L,Block L,3,3,2025-07-10,morning,temperature,27.7,degC
Block L,Block L,3,3,2025-07-11,afternoon,dissolved_oxygen,6.62,mg/L
Block L,Block L,3,3,2025-07-11,afternoon,temperature,30.8,degC
Block L,Block L,3,3,2025-07-11,morning,dissolved_oxygen,6.43,mg/L
Block L,Block L,3,3,2025-07-11,morning,temperature,30.0,degC
Block L,Block L,3,3,2025-07-15,afternoon,dissolved_oxygen,6.82,mg/L
Block L,Block L,3,3,2025-07-15,afternoon,temperature,28.3,degC
Block L,Block L,3,3,2025-07-15,morning,dissolved_oxygen,7.1,mg/L
Block L,Block L,3,3,2025-07-15,morning,temperature,27.4,degC
Block L,Block L,3,3,2025-07-16,afternoon,dissolved_oxygen,7.05,mg/L
Block L,Block L,3,3,2025-07-16,afternoon,temperature,28.2,degC
Block L,Block L,3,3,2025-07-17,afternoon,dissolved_oxygen,6.96,mg/L
Block L,Block L,3,3,2025-07-17,afternoon,temperature,28.6,degC
Block L,Block L,3,3,2025-07-17,morning,dissolved_oxygen,6.87,mg/L
Block L,Block L,3,3,2025-07-17,morning,temperature,27.4,degC
Block L,Block L,3,3,2025-07-18,afternoon,dissolved_oxygen,6.93,mg/L
Block L,Block L,3,3,2025-07-18,afternoon,temperature,28.9,degC
Block L,Block L,3,3,2025-07-18,morning,dissolved_oxygen,7.07,mg/L
Block L,Block L,3,3,2025-07-18,morning,temperature,27.8,degC
Block L,Block L,3,3,2025-07-21,afternoon,dissolved_oxygen,6.99,mg/L
Block L,Block L,3,3,2025-07-21,afternoon,temperature,28.9,degC
Block L,Block L,3,3,2025-07-21,morning,dissolved_oxygen,6.81,mg/L
Block L,Block L,3,3,2025-07-21,morning,temperature,27.6,degC
Block L,Block L,3,3,2025-07-22,afternoon,dissolved_oxygen,6.65,mg/L
Block L,Block L,3,3,2025-07-22,afternoon,temperature,28.6,degC
Block L,Block L,3,3,2025-07-23,afternoon,dissolved_oxygen,6.73,mg/L
Block L,Block L,3,3,2025-07-23,afternoon,temperature,30.2,degC
Block L,Block L,3,3,2025-07-23,morning,dissolved_oxygen,6.92,mg/L
Block L,Block L,3,3,2025-07-23,morning,temperature,27.2,degC
Block L,Block L,3,3,2025-07-24,afternoon,dissolved_oxygen,9.0,mg/L
Block L,Block L,3,3,2025-07-24,afternoon,temperature,29.4,degC
Block L,Block L,3,3,2025-07-24,morning,dissolved_oxygen,9.55,mg/L
Block L,Block L,3,3,2025-07-24,morning,temperature,28.3,degC
Block L,Block L,3,3,2025-07-25,afternoon,dissolved_oxygen,9.14,mg/L
Block L,Block L,3,3,2025-07-25,afternoon,temperature,29.4,degC
Block L,Block L,3,3,2025-07-28,afternoon,dissolved_oxygen,7.06,mg/L
Block L,Block L,3,3,2025-07-28,afternoon,temperature,29.0,degC
Block L,Block L,3,3,2025-07-28,morning,dissolved_oxygen,7.05,mg/L
Block L,Block L,3,3,2025-07-28,morning,temperature,27.6,degC
Block L,Block L,3,3,2025-07-29,afternoon,dissolved_oxygen,6.95,mg/L
Block L,Block L,3,3,2025-07-29,afternoon,temperature,29.2,degC
Block L,Block L,3,3,2025-07-29,morning,dissolved_oxygen,6.97,mg/L
Block L,Block L,3,3,2025-07-29,morning,temperature,27.9,degC
Block L,Block L,3,3,2025-07-30,afternoon,dissolved_oxygen,6.99,mg/L
Block L,Block L,3,3,2025-07-30,afternoon,temperature,29.1,degC
Block L,Block L,4,4,2025-07-01,afternoon,dissolved_oxygen,6.84,mg/L
Block L,Block L,4,4,2025-07-01,afternoon,temperature,28.3,degC
Block L,Block L,4,4,2025-07-01,morning,dissolved_oxygen,6.86,mg/L
Block L,Block L,4,4,2025-07-01,morning,temperature,27.3,degC
Block L,Block L,4,4,2025-07-02,afternoon,dissolved_oxygen,6.63,mg/L
Block L,Block L,4,4,2025-07-02,afternoon,temperature,27.8,degC
Block L,Block L,4,4,2025-07-02,morning,dissolved_oxygen,5.36,mg/L
Block L,Block L,4,4,2025-07-02,morning,temperature,27.6,degC
Block L,Block L,4,4,2025-07-03,morning,dissolved_oxygen,6.98,mg/L
Block L,Block L,4,4,2025-07-03,morning,temperature,26.5,degC
Block L,Block L,4,4,2025-07-04,afternoon,dissolved_oxygen,6.84,mg/L
Block L,Block L,4,4,2025-07-04,afternoon,temperature,27.0,degC
Block L,Block L,4,4,2025-07-04,morning,dissolved_oxygen,6.95,mg/L
Block L,Block L,4,4,2025-07-04,morning,temperature,26.7,degC
Block L,Block L,4,4,2025-07-08,afternoon,dissolved_oxygen,6.53,mg/L
Block L,Block L,4,4,2025-07-08,afternoon,temperature,27.6,degC
Block L,Block L,4,4,2025-07-10,afternoon,dissolved_oxygen,6.82,mg/L
Block L,Block L,4,4,2025-07-10,afternoon,temperature,27.6,degC
Block L,Block L,4,4,2025-07-10,morning,dissolved_oxygen,6.5,mg/L
Block L,Block L,4,4,2025-07-10,morning,temperature,27.5,degC
Block L,Block L,4,4,2025-07-11,afternoon,dissolved_oxygen,6.1,mg/L
Block L,Block L,4,4,2025-07-11,afternoon,temperature,31.0,degC
Block L,Block L,4,4,2025-07-15,afternoon,dissolved_oxygen,6.62,mg/L
Block L,Block L,4,4,2025-07-15,afternoon,temperature,28.4,degC
Block L,Block L,4,4,2025-07-15,morning,dissolved_oxygen,6.39,mg/L
Block L,Block L,4,4,2025-07-15,morning,temperature,27.4,degC
Block L,Block L,4,4,2025-07-16,afternoon,dissolved_oxygen,6.88,mg/L
Block L,Block L,4,4,2025-07-16,afternoon,temperature,28.2,degC
Block L,Block L,4,4,2025-07-17,afternoon,dissolved_oxygen,6.19,mg/L
Block L,Block L,4,4,2025-07-17,afternoon,temperature,28.9,degC
Block L,Block L,4,4,2025-07-17,morning,dissolved_oxygen,6.4,mg/L
Block L,Block L,4,4,2025-07-17,morning,temperature,27.6,degC
Block L,Block L,4,4,2025-07-18,afternoon,dissolved_oxygen,6.5,mg/L
Block L,Block L,4,4,2025-07-18,afternoon,temperature,29.0,degC
Block L,Block L,4,4,2025-07-18,morning,dissolved_oxygen,6.62,mg/L
Block L,Block L,4,4,2025-07-18,morning,temperature,27.8,degC
Block L,Block L,4,4,2025-07-21,afternoon,dissolved_oxygen,6.65,mg/L
Block L,Block L,4,4,2025-07-21,afternoon,temperature,28.8,degC
Block L,Block L,4,4,2025-07-21,morning,dissolved_oxygen,6.68,mg/L
Block L,Block L,4,4,2025-07-21,morning,temperature,27.6,degC
Block L,Block L,4,4,2025-07-22,afternoon,dissolved_oxygen,6.72,mg/L
Block L,Block L,4,4,2025-07-22,afternoon,temperature,28.4,degC
Block L,Block L,4,4,2025-07-23,afternoon,dissolved_oxygen,6.46,mg/L
Block L,Block L,4,4,2025-07-23,afternoon,temperature,29.7,degC
Block L,Block L,4,4,2025-07-23,morning,dissolved_oxygen,6.07,mg/L
Block L,Block L,4,4,2025-07-23,morning,temperature,27.3,degC
Block L,Block L,4,4,2025-07-24,afternoon,dissolved_oxygen,8.63,mg/L
Block L,Block L,4,4,2025-07-24,afternoon,temperature,29.7,degC
Block L,Block L,4,4,2025-07-24,morning,dissolved_oxygen,8.74,mg/L
Block L,Block L,4,4,2025-07-24,morning,temperature,28.3,degC
Block L,Block L,4,4,2025-07-25,afternoon,dissolved_oxygen,9.18,mg/L
Block L,Block L,4,4,2025-07-25,afternoon,temperature,29.5,degC
Block L,Block L,4,4,2025-07-28,afternoon,dissolved_oxygen,6.72,mg/L
Block L,Block L,4,4,2025-07-28,afternoon,temperature,29.0,degC
Block L,Block L,4,4,2025-07-28,morning,dissolved_oxygen,6.3,mg/L
Block L,Block L,4,4,2025-07-28,morning,temperature,27.6,degC
Block L,Block L,4,4,2025-07-29,afternoon,dissolved_oxygen,6.7,mg/L
Block L,Block L,4,4,2025-07-29,afternoon,temperature,29.2,degC
Block L,Block L,4,4,2025-07-29,morning,dissolved_oxygen,6.66,mg/L
Block L,Block L,4,4,2025-07-29,morning,temperature,28.0,degC
Block L,Block L,4,4,2025-07-30,afternoon,dissolved_oxygen,5.44,mg/L
Block L,Block L,4,4,2025-07-30,afternoon,temperature,29.4,degC
Block L,Block L,5,5,2025-07-01,afternoon,dissolved_oxygen,7.14,mg/L
Block L,Block L,5,5,2025-07-01,afternoon,temperature,28.6,degC
Block L,Block L,5,5,2025-07-01,morning,ammonia,1.45,mg/L
Block L,Block L,5,5,2025-07-01,morning,dissolved_oxygen,7.12,mg/L
Block L,Block L,5,5,2025-07-01,morning,nitrate,1.9,mg/L
Block L,Block L,5,5,2025-07-01,morning,nitrite,0.133,mg/L
Block L,Block L,5,5,2025-07-01,morning,ph,6.73,pH
Block L,Block L,5,5,2025-07-01,morning,temperature,27.6,degC
Block L,Block L,5,5,2025-07-02,afternoon,dissolved_oxygen,6.47,mg/L
Block L,Block L,5,5,2025-07-02,afternoon,temperature,28.3,degC
Block L,Block L,5,5,2025-07-02,morning,dissolved_oxygen,7.18,mg/L
Block L,Block L,5,5,2025-07-02,morning,temperature,27.6,degC
Block L,Block L,5,5,2025-07-03,morning,dissolved_oxygen,7.35,mg/L
Block L,Block L,5,5,2025-07-03,morning,temperature,26.9,degC
Block L,Block L,5,5,2025-07-04,afternoon,dissolved_oxygen,7.28,mg/L
Block L,Block L,5,5,2025-07-04,afternoon,temperature,28.1,degC
Block L,Block L,5,5,2025-07-04,morning,ammonia,1.19,mg/L
Block L,Block L,5,5,2025-07-04,morning,dissolved_oxygen,7.31,mg/L
Block L,Block L,5,5,2025-07-04,morning,nitrate,3.5,mg/L
Block L,Block L,5,5,2025-07-04,morning,nitrite,0.42,mg/L
Block L,Block L,5,5,2025-07-04,morning,ph,6.82,pH
Block L,Block L,5,5,2025-07-04,morning,temperature,27.0,degC
Block L,Block L,5,5,2025-07-07,morning,ammonia,1.25,mg/L
Block L,Block L,5,5,2025-07-07,morning,nitrate,3.1,mg/L
Block L,Block L,5,5,2025-07-07,morning,ph,6.67,pH
Block L,Block L,5,5,2025-07-08,afternoon,dissolved_oxygen,7.08,mg/L
Block L,Block L,5,5,2025-07-08,afternoon,temperature,28.1,degC
Block L,Block L,5,5,2025-07-10,afternoon,dissolved_oxygen,7.31,mg/L
Block L,Block L,5,5,2025-07-10,afternoon,temperature,27.6,degC
Block L,Block L,5,5,2025-07-10,morning,dissolved_oxygen,7.16,mg/L
Block L,Block L,5,5,2025-07-10,morning,temperature,27.5,degC
Block L,Block L,5,5,2025-07-11,afternoon,dissolved_oxygen,6.43,mg/L
Block L,Block L,5,5,2025-07-11,afternoon,temperature,30.9,degC
Block L,Block L,5,5,2025-07-11,morning,ammonia,3.8,mg/L
Block L,Block L,5,5,2025-07-11,morning,nitrate,3.5,mg/L
Block L,Block L,5,5,2025-07-11,morning,nitrite,2.55,mg/L
Block L,Block L,5,5,2025-07-11,morning,ph,6.39,pH
Block L,Block L,5,5,2025-07-15,afternoon,dissolved_oxygen,6.71,mg/L
Block L,Block L,5,5,2025-07-15,afternoon,temperature,28.5,degC
Block L,Block L,5,5,2025-07-15,morning,dissolved_oxygen,6.64,mg/L
Block L,Block L,5,5,2025-07-15,morning,temperature,27.4,degC
Block L,Block L,5,5,2025-07-16,afternoon,dissolved_oxygen,7.23,mg/L
Block L,Block L,5,5,2025-07-16,afternoon,temperature,28.2,degC
Block L,Block L,5,5,2025-07-17,afternoon,dissolved_oxygen,6.87,mg/L
Block L,Block L,5,5,2025-07-17,afternoon,temperature,28.8,degC
Block L,Block L,5,5,2025-07-17,morning,dissolved_oxygen,6.77,mg/L
Block L,Block L,5,5,2025-07-17,morning,temperature,27.5,degC
Block L,Block L,5,5,2025-07-18,afternoon,dissolved_oxygen,6.81,mg/L
Block L,Block L,5,5,2025-07-18,afternoon,temperature,29.1,degC
Block L,Block L,5,5,2025-07-18,morning,dissolved_oxygen,6.98,mg/L
Block L,Block L,5,5,2025-07-18,morning,temperature,27.9,degC
Block L,Block L,5,5,2025-07-21,afternoon,dissolved_oxygen,6.91,mg/L
Block L,Block L,5,5,2025-07-21,afternoon,temperature,29.0,degC
Block L,Block L,5,5,2025-07-21,morning,dissolved_oxygen,6.86,mg/L
Block L,Block L,5,5,2025-07-21,morning,temperature,27.6,degC
Block L,Block L,5,5,2025-07-22,afternoon,dissolved_oxygen,6.7,mg/L
Block L,Block L,5,5,2025-07-22,afternoon,temperature,28.5,degC
Block L,Block L,5,5,2025-07-23,afternoon,dissolved_oxygen,6.57,mg/L
Block L,Block L,5,5,2025-07-23,afternoon,temperature,30.4,degC
Block L,Block L,5,5,2025-07-23,morning,dissolved_oxygen,6.4,mg/L
Block L,Block L,5,5,2025-07-23,morning,temperature,27.4,degC
Block L,Block L,5,5,2025-07-24,afternoon,dissolved_oxygen,9.04,mg/L
Block L,Block L,5,5,2025-07-24,afternoon,temperature,29.8,degC
Block L,Block L,5,5,2025-07-24,morning,dissolved_oxygen,9.12,mg/L
Block L,Block L,5,5,2025-07-24,morning,temperature,28.8,degC
Block L,Block L,5,5,2025-07-25,afternoon,dissolved_oxygen,9.29,mg/L
Block L,Block L,5,5,2025-07-25,afternoon,temperature,29.6,degC
Block L,Block L,5,5,2025-07-28,afternoon,dissolved_oxygen,6.9,mg/L
Block L,Block L,5,5,2025-07-28,afternoon,temperature,29.3,degC
Block L,Block L,5,5,2025-07-28,morning,dissolved_oxygen,6.66,mg/L
Block L,Block L,5,5,2025-07-28,morning,temperature,27.8,degC
Block L,Block L,5,5,2025-07-29,afternoon,dissolved_oxygen,6.19,mg/L
Block L,Block L,5,5,2025-07-29,afternoon,temperature,29.3,degC
Block L,Block L,5,5,2025-07-29,morning,dissolved_oxygen,6.82,mg/L
Block L,Block L,5,5,2025-07-29,morning,temperature,28.3,degC
Block L,Block L,5,5,2025-07-30,afternoon,dissolved_oxygen,4.09,mg/L
Block L,Block L,5,5,2025-07-30,afternoon,temperature,29.6,degC
Block L,Block L,6,6,2025-07-04,afternoon,dissolved_oxygen,5.23,mg/L
Block L,Block L,6,6,2025-07-04,afternoon,temperature,28.4,degC
Block L,Block L,6,6,2025-07-15,afternoon,dissolved_oxygen,6.34,mg/L
Block L,Block L,6,6,2025-07-15,afternoon,temperature,28.1,degC
Block L,Block L,6,6,2025-07-15,morning,dissolved_oxygen,6.43,mg/L
Block L,Block L,6,6,2025-07-15,morning,temperature,27.2,degC
Block L,Block L,6,6,2025-07-16,afternoon,dissolved_oxygen,6.27,mg/L
Block L,Block L,6,6,2025-07-16,afternoon,temperature,28.1,degC
Block L,Block L,6,6,2025-07-17,afternoon,dissolved_oxygen,6.0,mg/L
Block L,Block L,6,6,2025-07-17,afternoon,temperature,28.5,degC
Block L,Block L,6,6,2025-07-17,morning,dissolved_oxygen,6.29,mg/L
Block L,Block L,6,6,2025-07-17,morning,temperature,27.6,degC
Block L,Block L,6,6,2025-07-18,afternoon,dissolved_oxygen,5.99,mg/L
Block L,Block L,6,6,2025-07-18,afternoon,temperature,28.9,degC
Block L,Block L,6,6,2025-07-18,morning,dissolved_oxygen,6.34,mg/L
Block L,Block L,6,6,2025-07-18,morning,temperature,27.9,degC
Block L,Block L,6,6,2025-07-21,afternoon,dissolved_oxygen,5.97,mg/L
Block L,Block L,6,6,2025-07-21,afternoon,temperature,28.8,degC
Block L,Block L,6,6,2025-07-21,morning,dissolved_oxygen,6.33,mg/L
Block L,Block L,6,6,2025-07-21,morning,temperature,27.7,degC
Block L,Block L,6,6,2025-07-22,afternoon,dissolved_oxygen,6.11,mg/L
Block L,Block L,6,6,2025-07-22,afternoon,temperature,28.4,degC
Block L,Block L,6,6,2025-07-23,afternoon,dissolved_oxygen,5.52,mg/L
Block L,Block L,6,6,2025-07-23,afternoon,temperature,30.6,degC
Block L,Block L,6,6,2025-07-23,morning,dissolved_oxygen,5.71,mg/L
Block L,Block L,6,6,2025-07-23,morning,temperature,27.1,degC
Block L,Block L,6,6,2025-07-24,afternoon,dissolved_oxygen,7.52,mg/L
Block L,Block L,6,6,2025-07-24,afternoon,temperature,29.6,degC
Block L,Block L,6,6,2025-07-24,morning,dissolved_oxygen,7.41,mg/L
Block L,Block L,6,6,2025-07-24,morning,temperature,28.8,degC
Block L,Block L,6,6,2025-07-25,afternoon,dissolved_oxygen,7.93,mg/L
Block L,Block L,6,6,2025-07-25,afternoon,temperature,29.6,degC
Block L,Block L,6,6,2025-07-28,afternoon,dissolved_oxygen,5.7,mg/L
Block L,Block L,6,6,2025-07-28,afternoon,temperature,29.2,degC
Block L,Block L,6,6,2025-07-28,morning,ammonia,2.4,mg/L
Block L,Block L,6,6,2025-07-28,morning,dissolved_oxygen,5.55,mg/L
Block L,Block L,6,6,2025-07-28,morning,ph,7.26,pH
Block L,Block L,6,6,2025-07-28,morning,temperature,27.8,degC
Block L,Block L,6,6,2025-07-29,afternoon,dissolved_oxygen,5.76,mg/L
Block L,Block L,6,6,2025-07-29,afternoon,temperature,29.1,degC
Block L,Block L,6,6,2025-07-29,morning,dissolved_oxygen,5.81,mg/L
Block L,Block L,6,6,2025-07-29,morning,temperature,28.3,degC
Block L,Block L,6,6,2025-07-30,afternoon,dissolved_oxygen,6.66,mg/L
Block L,Block L,6,6,2025-07-30,afternoon,temperature,29.3,degC
Block L,Block L,7,7,2025-07-16,afternoon,dissolved_oxygen,6.37,mg/L
Block L,Block L,7,7,2025-07-16,afternoon,temperature,29.2,degC
Block L,Block L,7,7,2025-07-17,afternoon,dissolved_oxygen,5.49,mg/L
Block L,Block L,7,7,2025-07-17,afternoon,temperature,29.6,degC
Block L,Block L,7,7,2025-07-17,morning,dissolved_oxygen,6.02,mg/L
Block L,Block L,7,7,2025-07-17,morning,temperature,28.2,degC
Block L,Block L,7,7,2025-07-18,afternoon,dissolved_oxygen,6.07,mg/L
Block L,Block L,7,7,2025-07-18,afternoon,temperature,30.0,degC
Block L,Block L,7,7,2025-07-18,morning,dissolved_oxygen,5.42,mg/L
Block L,Block L,7,7,2025-07-18,morning,temperature,28.6,degC
Block L,Block L,7,7,2025-07-21,afternoon,dissolved_oxygen,6.71,mg/L
Block L,Block L,7,7,2025-07-21,afternoon,temperature,29.9,degC
Block L,Block L,7,7,2025-07-21,morning,dissolved_oxygen,5.67,mg/L
Block L,Block L,7,7,2025-07-21,morning,temperature,28.2,degC
Block L,Block L,7,7,2025-07-22,afternoon,dissolved_oxygen,6.2,mg/L
Block L,Block L,7,7,2025-07-22,afternoon,temperature,29.2,degC
Block L,Block L,7,7,2025-07-23,afternoon,dissolved_oxygen,5.7,mg/L
Block L,Block L,7,7,2025-07-23,afternoon,temperature,29.9,degC
Block L,Block L,7,7,2025-07-23,morning,dissolved_oxygen,5.36,mg/L
Block L,Block L,7,7,2025-07-23,morning,temperature,27.1,degC
Block L,Block L,7,7,2025-07-24,afternoon,dissolved_oxygen,6.15,mg/L
Block L,Block L,7,7,2025-07-24,afternoon,temperature,30.5,degC
Block L,Block L,7,7,2025-07-24,morning,dissolved_oxygen,7.52,mg/L
Block L,Block L,7,7,2025-07-24,morning,temperature,28.9,degC
Block L,Block L,7,7,2025-07-25,afternoon,dissolved_oxygen,7.71,mg/L
Block L,Block L,7,7,2025-07-25,afternoon,temperature,30.6,degC
Block L,Block L,7,7,2025-07-28,afternoon,dissolved_oxygen,6.33,mg/L
Block L,Block L,7,7,2025-07-28,afternoon,temperature,30.4,degC
Block L,Block L,7,7,2025-07-28,morning,dissolved_oxygen,5.18,mg/L
Block L,Block L,7,7,2025-07-28,morning,temperature,28.3,degC
Block L,Block L,7,7,2025-07-29,afternoon,dissolved_oxygen,6.28,mg/L
Block L,Block L,7,7,2025-07-29,afternoon,temperature,30.5,degC
Block L,Block L,7,7,2025-07-29,morning,dissolved_oxygen,5.57,mg/L
Block L,Block L,7,7,2025-07-29,morning,temperature,28.8,degC
Block L,Block L,7,7,2025-07-30,afternoon,dissolved_oxygen,5.36,mg/L
Block L,Block L,7,7,2025-07-30,afternoon,temperature,29.8,degC
Block L,Block L,8,8,2025-07-08,afternoon,dissolved_oxygen,6.65,mg/L
Block L,Block L,8,8,2025-07-08,afternoon,temperature,28.8,degC
Block L,Block L,8,8,2025-07-10,afternoon,dissolved_oxygen,6.38,mg/L
Block L,Block L,8,8,2025-07-10,afternoon,temperature,27.4,degC
Block L,Block L,8,8,2025-07-10,morning,dissolved_oxygen,6.3,mg/L
Block L,Block L,8,8,2025-07-10,morning,temperature,27.4,degC
Block L,Block L,8,8,2025-07-11,afternoon,dissolved_oxygen,6.1,mg/L
Block L,Block L,8,8,2025-07-11,afternoon,temperature,27.6,degC
Block L,Block L,8,8,2025-07-11,morning,dissolved_oxygen,6.28,mg/L
Block L,Block L,8,8,2025-07-11,morning,temperature,26.8,degC
Block L,Block L,8,8,2025-07-15,afternoon,dissolved_oxygen,5.23,mg/L
Block L,Block L,8,8,2025-07-15,afternoon,temperature,27.4,degC
Block L,Block L,8,8,2025-07-15,morning,dissolved_oxygen,5.22,mg/L
Block L,Block L,8,8,2025-07-15,morning,temperature,27.0,degC
Block L,Block L,8,8,2025-07-16,afternoon,dissolved_oxygen,5.59,mg/L
Block L,Block L,8,8,2025-07-16,afternoon,temperature,27.5,degC
Block L,Block L,8,8,2025-07-17,afternoon,dissolved_oxygen,5.47,mg/L
Block L,Block L,8,8,2025-07-17,afternoon,temperature,27.8,degC
Block L,Block L,8,8,2025-07-17,morning,dissolved_oxygen,5.54,mg/L
Block L,Block L,8,8,2025-07-17,morning,temperature,27.2,degC
Block L,Block L,8,8,2025-07-18,afternoon,dissolved_oxygen,5.25,mg/L
Block L,Block L,8,8,2025-07-18,afternoon,temperature,31.4,degC
Block L,Block L,8,8,2025-07-18,morning,dissolved_oxygen,5.01,mg/L
Block L,Block L,8,8,2025-07-18,morning,temperature,27.4,degC
Block L,Block L,8,8,2025-07-21,afternoon,dissolved_oxygen,6.0,mg/L
Block L,Block L,8,8,2025-07-21,afternoon,temperature,28.0,degC
Block L,Block L,8,8,2025-07-21,morning,dissolved_oxygen,6.41,mg/L
Block L,Block L,8,8,2025-07-21,morning,temperature,27.3,degC
Block L,Block L,8,8,2025-07-22,afternoon,dissolved_oxygen,4.27,mg/L
Block L,Block L,8,8,2025-07-22,afternoon,temperature,28.1,degC
Block L,Block L,8,8,2025-07-23,afternoon,dissolved_oxygen,6.35,mg/L
Block L,Block L,8,8,2025-07-23,afternoon,temperature,28.1,degC
Block L,Block L,8,8,2025-07-23,morning,dissolved_oxygen,5.56,mg/L
Block L,Block L,8,8,2025-07-23,morning,temperature,27.2,degC
Block L,Block L,8,8,2025-07-24,afternoon,dissolved_oxygen,7.09,mg/L
Block L,Block L,8,8,2025-07-24,afternoon,temperature,28.2,degC
Block L,Block L,8,8,2025-07-24,morning,dissolved_oxygen,7.83,mg/L
Block L,Block L,8,8,2025-07-24,morning,temperature,27.4,degC
Block L,Block L,8,8,2025-07-25,afternoon,dissolved_oxygen,8.03,mg/L
Block L,Block L,8,8,2025-07-25,afternoon,temperature,29.4,degC
Block L,Block L,8,8,2025-07-28,afternoon,dissolved_oxygen,5.81,mg/L
Block L,Block L,8,8,2025-07-28,afternoon,temperature,31.3,degC
Block L,Block L,8,8,2025-07-28,morning,dissolved_oxygen,5.85,mg/L
Block L,Block L,8,8,2025-07-28,morning,temperature,27.6,degC
Block L,Block L,8,8,2025-07-29,afternoon,dissolved_oxygen,5.57,mg/L
Block L,Block L,8,8,2025-07-29,afternoon,temperature,29.5,degC
Block L,Block L,8,8,2025-07-29,morning,dissolved_oxygen,5.72,mg/L
Block L,Block L,8,8,2025-07-29,morning,temperature,28.8,degC
Block L,Block L,8,8,2025-07-30,afternoon,dissolved_oxygen,6.33,mg/L
Block L,Block L,8,8,2025-07-30,afternoon,temperature,29.4,degC
Block L,Block L,9,9,2025-07-08,afternoon,dissolved_oxygen,6.91,mg/L
Block L,Block L,9,9,2025-07-08,afternoon,temperature,28.6,degC
Block L,Block L,9,9,2025-07-10,afternoon,dissolved_oxygen,6.63,mg/L
Block L,Block L,9,9,2025-07-10,afternoon,temperature,27.3,degC
Block L,Block L,9,9,2025-07-10,morning,dissolved_oxygen,6.36,mg/L
Block L,Block L,9,9,2025-07-10,morning,temperature,27.3,degC
Block L,Block L,9,9,2025-07-11,afternoon,dissolved_oxygen,6.13,mg/L
Block L,Block L,9,9,2025-07-11,afternoon,temperature,27.9,degC
Block L,Block L,9,9,2025-07-11,morning,dissolved_oxygen,7.06,mg/L
Block L,Block L,9,9,2025-07-11,morning,temperature,26.8,degC
Block L,Block L,9,9,2025-07-15,afternoon,dissolved_oxygen,5.48,mg/L
Block L,Block L,9,9,2025-07-15,afternoon,temperature,27.4,degC
Block L,Block L,9,9,2025-07-15,morning,dissolved_oxygen,5.51,mg/L
Block L,Block L,9,9,2025-07-15,morning,temperature,27.0,degC
Block L,Block L,9,9,2025-07-16,afternoon,dissolved_oxygen,5.71,mg/L
Block L,Block L,9,9,2025-07-16,afternoon,temperature,27.4,degC
Block L,Block L,9,9,2025-07-17,afternoon,dissolved_oxygen,5.51,mg/L
Block L,Block L,9,9,2025-07-17,afternoon,temperature,27.7,degC
Block L,Block L,9,9,2025-07-17,morning,dissolved_oxygen,5.8,mg/L
Block L,Block L,9,9,2025-07-17,morning,temperature,27.2,degC
Block L,Block L,9,9,2025-07-18,afternoon,dissolved_oxygen,4.8,mg/L
Block L,Block L,9,9,2025-07-18,afternoon,temperature,31.4,degC
Block L,Block L,9,9,2025-07-18,morning,dissolved_oxygen,5.01,mg/L
Block L,Block L,9,9,2025-07-18,morning,temperature,27.4,degC
Block L,Block L,9,9,2025-07-21,afternoon,dissolved_oxygen,5.24,mg/L
Block L,Block L,9,9,2025-07-21,afternoon,temperature,27.9,degC
Block L,Block L,9,9,2025-07-21,morning,dissolved_oxygen,6.22,mg/L
Block L,Block L,9,9,2025-07-21,morning,temperature,27.3,degC
Block L,Block L,9,9,2025-07-22,afternoon,dissolved_oxygen,4.69,mg/L
Block L,Block L,9,9,2025-07-22,afternoon,temperature,27.8,degC
Block L,Block L,9,9,2025-07-23,afternoon,dissolved_oxygen,5.14,mg/L
Block L,Block L,9,9,2025-07-23,afternoon,temperature,27.8,degC
Block L,Block L,9,9,2025-07-23,morning,dissolved_oxygen,6.48,mg/L
Block L,Block L,9,9,2025-07-23,morning,temperature,27.5,degC
Block L,Block L,9,9,2025-07-24,afternoon,dissolved_oxygen,7.13,mg/L
Block L,Block L,9,9,2025-07-24,afternoon,temperature,28.1,degC
Block L,Block L,9,9,2025-07-24,morning,dissolved_oxygen,7.74,mg/L
Block L,Block L,9,9,2025-07-24,morning,temperature,27.4,degC
Block L,Block L,9,9,2025-07-25,afternoon,dissolved_oxygen,7.98,mg/L
Block L,Block L,9,9,2025-07-25,afternoon,temperature,29.0,degC
Block L,Block L,9,9,2025-07-28,afternoon,dissolved_oxygen,6.63,mg/L
Block L,Block L,9,9,2025-07-28,afternoon,temperature,31.0,degC
Block L,Block L,9,9,2025-07-28,morning,ammonia,2.44,mg/L
Block L,Block L,9,9,2025-07-28,morning,dissolved_oxygen,6.13,mg/L
Block L,Block L,9,9,2025-07-28,morning,ph,6.94,pH
Block L,Block L,9,9,2025-07-28,morning,temperature,27.5,degC
Block L,Block L,9,9,2025-07-29,afternoon,dissolved_oxygen,6.77,mg/L
Block L,Block L,9,9,2025-07-29,afternoon,temperature,29.0,degC
Block L,Block L,9,9,2025-07-29,morning,dissolved_oxygen,6.67,mg/L
Block L,Block L,9,9,2025-07-29,morning,temperature,28.6,degC
Block L,Block L,9,9,2025-07-30,afternoon,dissolved_oxygen,4.99,mg/L
Block L,Block L,9,9,2025-07-30,afternoon,temperature,29.6,degC
Block L,Block L,10,10,2025-07-08,afternoon,dissolved_oxygen,6.14,mg/L
Block L,Block L,10,10,2025-07-08,afternoon,temperature,28.8,degC
Block L,Block L,10,10,2025-07-10,afternoon,dissolved_oxygen,6.25,mg/L
Block L,Block L,10,10,2025-07-10,afternoon,temperature,27.5,degC
Block L,Block L,10,10,2025-07-10,morning,dissolved_oxygen,6.35,mg/L
Block L,Block L,10,10,2025-07-10,morning,temperature,27.5,degC
Block L,Block L,10,10,2025-07-11,afternoon,dissolved_oxygen,6.41,mg/L
Block L,Block L,10,10,2025-07-11,afternoon,temperature,28.1,degC
Block L,Block L,10,10,2025-07-11,morning,dissolved_oxygen,6.8,mg/L
Block L,Block L,10,10,2025-07-11,morning,temperature,27.0,degC
Block L,Block L,10,10,2025-07-15,afternoon,dissolved_oxygen,5.87,mg/L
Block L,Block L,10,10,2025-07-15,afternoon,temperature,28.0,degC
Block L,Block L,10,10,2025-07-15,morning,dissolved_oxygen,5.8,mg/L
Block L,Block L,10,10,2025-07-15,morning,temperature,27.2,degC
Block L,Block L,10,10,2025-07-16,afternoon,dissolved_oxygen,6.08,mg/L
Block L,Block L,10,10,2025-07-16,afternoon,temperature,27.7,degC
Block L,Block L,10,10,2025-07-17,afternoon,dissolved_oxygen,5.76,mg/L
Block L,Block L,10,10,2025-07-17,afternoon,temperature,28.4,degC
Block L,Block L,10,10,2025-07-17,morning,dissolved_oxygen,6.21,mg/L
Block L,Block L,10,10,2025-07-17,morning,temperature,27.4,degC
Block L,Block L,10,10,2025-07-18,afternoon,dissolved_oxygen,5.45,mg/L
Block L,Block L,10,10,2025-07-18,afternoon,temperature,31.4,degC
Block L,Block L,10,10,2025-07-18,morning,dissolved_oxygen,5.67,mg/L
Block L,Block L,10,10,2025-07-18,morning,temperature,27.5,degC
Block L,Block L,10,10,2025-07-21,afternoon,dissolved_oxygen,6.14,mg/L
Block L,Block L,10,10,2025-07-21,afternoon,temperature,28.6,degC
Block L,Block L,10,10,2025-07-21,morning,dissolved_oxygen,6.74,mg/L
Block L,Block L,10,10,2025-07-21,morning,temperature,27.5,degC
Block L,Block L,10,10,2025-07-22,afternoon,dissolved_oxygen,5.75,mg/L
Block L,Block L,10,10,2025-07-22,afternoon,temperature,28.3,degC
Block L,Block L,10,10,2025-07-23,afternoon,dissolved_oxygen,5.34,mg/L
Block L,Block L,10,10,2025-07-23,afternoon,temperature,29.3,degC
Block L,Block L,10,10,2025-07-23,morning,dissolved_oxygen,6.27,mg/L
Block L,Block L,10,10,2025-07-23,morning,temperature,27.3,degC
Block L,Block L,10,10,2025-07-24,afternoon,dissolved_oxygen,8.04,mg/L
Block L,Block L,10,10,2025-07-24,afternoon,temperature,28.5,degC
Block L,Block L,10,10,2025-07-24,morning,dissolved_oxygen,8.27,mg/L
Block L,Block L,10,10,2025-07-24,morning,temperature,27.4,degC
Block L,Block L,10,10,2025-07-25,afternoon,dissolved_oxygen,8.24,mg/L
Block L,Block L,10,10,2025-07-25,afternoon,temperature,29.2,degC
Block L,Block L,10,10,2025-07-28,afternoon,dissolved_oxygen,6.24,mg/L
Block L,Block L,10,10,2025-07-28,afternoon,temperature,30.9,degC
Block L,Block L,10,10,2025-07-28,morning,dissolved_oxygen,6.16,mg/L
Block L,Block L,10,10,2025-07-28,morning,temperature,27.6,degC
Block L,Block L,10,10,2025-07-29,afternoon,dissolved_oxygen,5.9,mg/L
Block L,Block L,10,10,2025-07-29,afternoon,temperature,29.4,degC
Block L,Block L,10,10,2025-07-29,morning,dissolved_oxygen,6.02,mg/L
Block L,Block L,10,10,2025-07-29,morning,temperature,28.7,degC
Block L,Block L,10,10,2025-07-30,afternoon,dissolved_oxygen,4.36,mg/L
Block L,Block L,10,10,2025-07-30,afternoon,temperature,29.7,degC
Block L,Block L,11,11,2025-07-01,afternoon,dissolved_oxygen,5.7,mg/L
Block L,Block L,11,11,2025-07-01,afternoon,temperature,29.7,degC
Block L,Block L,11,11,2025-07-01,morning,ammonia,1.65,mg/L
Block L,Block L,11,11,2025-07-01,morning,dissolved_oxygen,6.31,mg/L
Block L,Block L,11,11,2025-07-01,morning,nitrate,1.4,mg/L
Block L,Block L,11,11,2025-07-01,morning,nitrite,0.028,mg/L
Block L,Block L,11,11,2025-07-01,morning,ph,6.74,pH
Block L,Block L,11,11,2025-07-01,morning,temperature,27.4,degC
Block L,Block L,11,11,2025-07-02,afternoon,dissolved_oxygen,5.18,mg/L
Block L,Block L,11,11,2025-07-02,afternoon,temperature,28.6,degC
Block L,Block L,11,11,2025-07-02,morning,dissolved_oxygen,5.78,mg/L
Block L,Block L,11,11,2025-07-02,morning,temperature,27.8,degC
Block L,Block L,11,11,2025-07-03,morning,dissolved_oxygen,4.84,mg/L
Block L,Block L,11,11,2025-07-03,morning,temperature,27.0,degC
Block L,Block L,11,11,2025-07-04,afternoon,dissolved_oxygen,4.54,mg/L
Block L,Block L,11,11,2025-07-04,afternoon,temperature,28.3,degC
Block L,Block L,11,11,2025-07-04,morning,dissolved_oxygen,4.75,mg/L
Block L,Block L,11,11,2025-07-04,morning,temperature,27.1,degC
Block L,Block L,11,11,2025-07-07,morning,ammonia,4.1,mg/L
Block L,Block L,11,11,2025-07-07,morning,nitrate,1.7,mg/L
Block L,Block L,11,11,2025-07-07,morning,nitrite,0.034,mg/L
Block L,Block L,11,11,2025-07-07,morning,ph,6.54,pH
Block L,Block L,11,11,2025-07-08,afternoon,dissolved_oxygen,5.72,mg/L
Block L,Block L,11,11,2025-07-08,afternoon,temperature,27.8,degC
Block L,Block L,11,11,2025-07-10,afternoon,dissolved_oxygen,5.77,mg/L
Block L,Block L,11,11,2025-07-10,afternoon,temperature,28.3,degC
Block L,Block L,11,11,2025-07-10,morning,dissolved_oxygen,6.1,mg/L
Block L,Block L,11,11,2025-07-10,morning,temperature,28.2,degC
Block L,Block L,11,11,2025-07-11,afternoon,dissolved_oxygen,5.56,mg/L
Block L,Block L,11,11,2025-07-11,afternoon,temperature,28.6,degC
Block L,Block L,11,11,2025-07-11,morning,ammonia,2.64,mg/L
Block L,Block L,11,11,2025-07-11,morning,dissolved_oxygen,5.86,mg/L
Block L,Block L,11,11,2025-07-11,morning,nitrate,0.8,mg/L
Block L,Block L,11,11,2025-07-11,morning,nitrite,0.092,mg/L
Block L,Block L,11,11,2025-07-11,morning,ph,6.53,pH
Block L,Block L,11,11,2025-07-11,morning,temperature,27.2,degC
Block L,Block L,11,11,2025-07-15,afternoon,dissolved_oxygen,5.3,mg/L
Block L,Block L,11,11,2025-07-15,afternoon,temperature,28.4,degC
Block L,Block L,11,11,2025-07-15,morning,ammonia,0.4,mg/L
Block L,Block L,11,11,2025-07-15,morning,dissolved_oxygen,5.12,mg/L
Block L,Block L,11,11,2025-07-15,morning,nitrate,2.6,mg/L
Block L,Block L,11,11,2025-07-15,morning,nitrite,0.415,mg/L
Block L,Block L,11,11,2025-07-15,morning,ph,6.97,pH
Block L,Block L,11,11,2025-07-15,morning,temperature,27.6,degC
Block L,Block L,11,11,2025-07-16,afternoon,dissolved_oxygen,5.13,mg/L
Block L,Block L,11,11,2025-07-16,afternoon,temperature,28.3,degC
Block L,Block L,11,11,2025-07-17,afternoon,dissolved_oxygen,6.0,mg/L
Block L,Block L,11,11,2025-07-17,afternoon,temperature,29.6,degC
Block L,Block L,11,11,2025-07-17,morning,dissolved_oxygen,5.36,mg/L
Block L,Block L,11,11,2025-07-17,morning,temperature,28.7,degC
Block L,Block L,11,11,2025-07-18,afternoon,dissolved_oxygen,6.1,mg/L
Block L,Block L,11,11,2025-07-18,afternoon,temperature,29.0,degC
Block L,Block L,11,11,2025-07-18,morning,dissolved_oxygen,6.42,mg/L
Block L,Block L,11,11,2025-07-18,morning,temperature,28.0,degC
Block L,Block L,11,11,2025-07-21,afternoon,dissolved_oxygen,6.42,mg/L
Block L,Block L,11,11,2025-07-21,afternoon,temperature,28.7,degC
Block L,Block L,11,11,2025-07-21,morning,dissolved_oxygen,7.22,mg/L
Block L,Block L,11,11,2025-07-21,morning,temperature,27.4,degC
Block L,Block L,11,11,2025-07-22,afternoon,dissolved_oxygen,6.39,mg/L
Block L,Block L,11,11,2025-07-22,afternoon,temperature,28.4,degC
Block L,Block L,11,11,2025-07-23,afternoon,dissolved_oxygen,6.21,mg/L
Block L,Block L,11,11,2025-07-23,afternoon,temperature,31.4,degC
Block L,Block L,11,11,2025-07-23,morning,dissolved_oxygen,6.76,mg/L
Block L,Block L,11,11,2025-07-23,morning,temperature,27.3,degC
Block L,Block L,11,11,2025-07-24,afternoon,dissolved_oxygen,8.82,mg/L
Block L,Block L,11,11,2025-07-24,afternoon,temperature,28.8,degC
Block L,Block L,11,11,2025-07-24,morning,dissolved_oxygen,8.63,mg/L
Block L,Block L,11,11,2025-07-24,morning,temperature,27.5,degC
Block L,Block L,11,11,2025-07-25,afternoon,dissolved_oxygen,7.79,mg/L
Block L,Block L,11,11,2025-07-25,afternoon,temperature,29.9,degC
Block L,Block L,11,11,2025-07-28,afternoon,dissolved_oxygen,6.47,mg/L
Block L,Block L,11,11,2025-07-28,afternoon,temperature,28.9,degC
Block L,Block L,11,11,2025-07-28,morning,ammonia,0.14,mg/L
Block L,Block L,11,11,2025-07-28,morning,dissolved_oxygen,6.25,mg/L
Block L,Block L,11,11,2025-07-28,morning,ph,6.89,pH
Block L,Block L,11,11,2025-07-28,morning,temperature,27.6,degC
Block L,Block L,11,11,2025-07-29,afternoon,dissolved_oxygen,5.81,mg/L
Block L,Block L,11,11,2025-07-29,afternoon,temperature,29.0,degC
Block L,Block L,11,11,2025-07-29,morning,dissolved_oxygen,6.13,mg/L
Block L,Block L,11,11,2025-07-29,morning,temperature,27.9,degC
Block L,Block L,11,11,2025-07-30,afternoon,dissolved_oxygen,6.47,mg/L
Block L,Block L,11,11,2025-07-30,afternoon,temperature,29.1,degC
Block L,Block L,12,12,2025-07-01,afternoon,dissolved_oxygen,6.5,mg/L
Block L,Block L,12,12,2025-07-01,afternoon,temperature,29.8,degC
Block L,Block L,12,12,2025-07-01,morning,ammonia,2.7,mg/L
Block L,Block L,12,12,2025-07-01,morning,dissolved_oxygen,7.09,mg/L
Block L,Block L,12,12,2025-07-01,morning,nitrate,1.9,mg/L
Block L,Block L,12,12,2025-07-01,morning,nitrite,0.019,mg/L
Block L,Block L,12,12,2025-07-01,morning,ph,6.63,pH
Block L,Block L,12,12,2025-07-01,morning,temperature,27.5,degC
Block L,Block L,12,12,2025-07-02,afternoon,dissolved_oxygen,5.19,mg/L
Block L,Block L,12,12,2025-07-02,afternoon,temperature,28.5,degC
Block L,Block L,12,12,2025-07-02,morning,dissolved_oxygen,6.58,mg/L
Block L,Block L,12,12,2025-07-02,morning,temperature,27.8,degC
Block L,Block L,12,12,2025-07-03,morning,dissolved_oxygen,6.64,mg/L
Block L,Block L,12,12,2025-07-03,morning,temperature,26.8,degC
Block L,Block L,12,12,2025-07-04,afternoon,dissolved_oxygen,5.98,mg/L
Block L,Block L,12,12,2025-07-04,afternoon,temperature,28.1,degC
Block L,Block L,12,12,2025-07-04,morning,dissolved_oxygen,6.38,mg/L
Block L,Block L,12,12,2025-07-04,morning,temperature,26.9,degC
Block L,Block L,12,12,2025-07-07,morning,ammonia,1.22,mg/L
Block L,Block L,12,12,2025-07-07,morning,nitrate,1.1,mg/L
Block L,Block L,12,12,2025-07-07,morning,nitrite,0.047,mg/L
Block L,Block L,12,12,2025-07-07,morning,ph,6.71,pH
Block L,Block L,12,12,2025-07-08,afternoon,dissolved_oxygen,6.43,mg/L
Block L,Block L,12,12,2025-07-08,afternoon,temperature,27.9,degC
Block L,Block L,12,12,2025-07-10,afternoon,dissolved_oxygen,6.59,mg/L
Block L,Block L,12,12,2025-07-10,afternoon,temperature,28.2,degC
Block L,Block L,12,12,2025-07-10,morning,dissolved_oxygen,6.14,mg/L
Block L,Block L,12,12,2025-07-10,morning,temperature,28.2,degC
Block L,Block L,12,12,2025-07-11,afternoon,dissolved_oxygen,6.0,mg/L
Block L,Block L,12,12,2025-07-11,afternoon,temperature,28.5,degC
Block L,Block L,12,12,2025-07-11,morning,ammonia,0.91,mg/L
Block L,Block L,12,12,2025-07-11,morning,dissolved_oxygen,6.54,mg/L
Block L,Block L,12,12,2025-07-11,morning,nitrate,1.0,mg/L
Block L,Block L,12,12,2025-07-11,morning,nitrite,0.096,mg/L
Block L,Block L,12,12,2025-07-11,morning,ph,6.62,pH
Block L,Block L,12,12,2025-07-11,morning,temperature,27.3,degC
Block L,Block L,12,12,2025-07-15,afternoon,dissolved_oxygen,6.49,mg/L
Block L,Block L,12,12,2025-07-15,afternoon,temperature,28.4,degC
Block L,Block L,12,12,2025-07-15,morning,ammonia,0.9,mg/L
Block L,Block L,12,12,2025-07-15,morning,dissolved_oxygen,6.55,mg/L
Block L,Block L,12,12,2025-07-15,morning,nitrate,1.3,mg/L
Block L,Block L,12,12,2025-07-15,morning,nitrite,0.253,mg/L
Block L,Block L,12,12,2025-07-15,morning,ph,7.01,pH
Block L,Block L,12,12,2025-07-15,morning,temperature,27.5,degC
Block L,Block L,12,12,2025-07-16,afternoon,dissolved_oxygen,6.62,mg/L
Block L,Block L,12,12,2025-07-16,afternoon,temperature,28.3,degC
Block L,Block L,12,12,2025-07-17,afternoon,dissolved_oxygen,5.86,mg/L
Block L,Block L,12,12,2025-07-17,afternoon,temperature,29.5,degC
Block L,Block L,12,12,2025-07-17,morning,dissolved_oxygen,6.23,mg/L
Block L,Block L,12,12,2025-07-17,morning,temperature,28.7,degC
Block L,Block L,12,12,2025-07-18,afternoon,dissolved_oxygen,6.31,mg/L
Block L,Block L,12,12,2025-07-18,afternoon,temperature,29.0,degC
Block L,Block L,12,12,2025-07-18,morning,dissolved_oxygen,6.35,mg/L
Block L,Block L,12,12,2025-07-18,morning,temperature,28.1,degC
Block L,Block L,12,12,2025-07-21,afternoon,dissolved_oxygen,6.7,mg/L
Block L,Block L,12,12,2025-07-21,afternoon,temperature,28.7,degC
Block L,Block L,12,12,2025-07-21,morning,dissolved_oxygen,6.82,mg/L
Block L,Block L,12,12,2025-07-21,morning,temperature,27.4,degC
Block L,Block L,12,12,2025-07-22,afternoon,dissolved_oxygen,6.16,mg/L
Block L,Block L,12,12,2025-07-22,afternoon,temperature,28.5,degC
Block L,Block L,12,12,2025-07-23,afternoon,dissolved_oxygen,6.23,mg/L
Block L,Block L,12,12,2025-07-23,afternoon,temperature,31.3,degC
Block L,Block L,12,12,2025-07-23,morning,dissolved_oxygen,6.33,mg/L
Block L,Block L,12,12,2025-07-23,morning,temperature,27.2,degC
Block L,Block L,12,12,2025-07-24,afternoon,dissolved_oxygen,8.8,mg/L
Block L,Block L,12,12,2025-07-24,afternoon,temperature,28.7,degC
Block L,Block L,12,12,2025-07-24,morning,dissolved_oxygen,9.21,mg/L
Block L,Block L,12,12,2025-07-24,morning,temperature,27.4,degC
Block L,Block L,12,12,2025-07-25,afternoon,dissolved_oxygen,8.01,mg/L
Block L,Block L,12,12,2025-07-25,afternoon,temperature,29.9,degC
Block L,Block L,12,12,2025-07-28,afternoon,dissolved_oxygen,6.82,mg/L
Block L,Block L,12,12,2025-07-28,afternoon,temperature,29.0,degC
Block L,Block L,12,12,2025-07-28,morning,ammonia,0.38,mg/L
Block L,Block L,12,12,2025-07-28,morning,dissolved_oxygen,6.4,mg/L
Block L,Block L,12,12,2025-07-28,morning,ph,6.85,pH
Block L,Block L,12,12,2025-07-28,morning,temperature,27.5,degC
Block L,Block L,12,12,2025-07-29,afternoon,dissolved_oxygen,6.25,mg/L
Block L,Block L,12,12,2025-07-29,afternoon,temperature,29.0,degC
Block L,Block L,12,12,2025-07-29,morning,dissolved_oxygen,6.34,mg/L
Block L,Block L,12,12,2025-07-29,morning,temperature,27.8,degC
Block L,Block L,12,12,2025-07-30,afternoon,dissolved_oxygen,5.55,mg/L
Block L,Block L,12,12,2025-07-30,afternoon,temperature,29.4,degC
Block L,Block L,13,13,2025-07-01,afternoon,dissolved_oxygen,6.12,mg/L
Block L,Block L,13,13,2025-07-01,afternoon,temperature,29.6,degC
Block L,Block L,13,13,2025-07-01,morning,ammonia,6.0,mg/L
Block L,Block L,13,13,2025-07-01,morning,dissolved_oxygen,6.5,mg/L
Block L,Block L,13,13,2025-07-01,morning,nitrate,5.0,mg/L
Block L,Block L,13,13,2025-07-01,morning,nitrite,0.97,mg/L
Block L,Block L,13,13,2025-07-01,morning,ph,6.73,pH
Block L,Block L,13,13,2025-07-01,morning,temperature,28.1,degC
Block L,Block L,13,13,2025-07-02,afternoon,dissolved_oxygen,6.93,mg/L
Block L,Block L,13,13,2025-07-02,afternoon,temperature,29.1,degC
Block L,Block L,13,13,2025-07-02,morning,dissolved_oxygen,6.24,mg/L
Block L,Block L,13,13,2025-07-02,morning,temperature,28.2,degC
Block L,Block L,13,13,2025-07-03,morning,dissolved_oxygen,7.28,mg/L
Block L,Block L,13,13,2025-07-03,morning,temperature,27.1,degC
Block L,Block L,13,13,2025-07-04,afternoon,dissolved_oxygen,6.46,mg/L
Block L,Block L,13,13,2025-07-04,afternoon,temperature,28.7,degC
Block L,Block L,13,13,2025-07-04,morning,ammonia,0.93,mg/L
Block L,Block L,13,13,2025-07-04,morning,dissolved_oxygen,6.92,mg/L
Block L,Block L,13,13,2025-07-04,morning,nitrate,1.4,mg/L
Block L,Block L,13,13,2025-07-04,morning,nitrite,0.148,mg/L
Block L,Block L,13,13,2025-07-04,morning,ph,6.91,pH
Block L,Block L,13,13,2025-07-04,morning,temperature,26.9,degC
Block L,Block L,13,13,2025-07-07,morning,ammonia,2.0,mg/L
Block L,Block L,13,13,2025-07-07,morning,nitrate,3.9,mg/L
Block L,Block L,13,13,2025-07-07,morning,nitrite,0.8,mg/L
Block L,Block L,13,13,2025-07-07,morning,ph,6.7,pH
Block L,Block L,13,13,2025-07-08,afternoon,dissolved_oxygen,6.68,mg/L
Block L,Block L,13,13,2025-07-08,afternoon,temperature,28.6,degC
Block L,Block L,13,13,2025-07-10,afternoon,dissolved_oxygen,7.09,mg/L
Block L,Block L,13,13,2025-07-10,afternoon,temperature,28.1,degC
Block L,Block L,13,13,2025-07-10,morning,dissolved_oxygen,7.34,mg/L
Block L,Block L,13,13,2025-07-10,morning,temperature,28.0,degC
Block L,Block L,13,13,2025-07-11,afternoon,dissolved_oxygen,6.28,mg/L
Block L,Block L,13,13,2025-07-11,afternoon,temperature,31.3,degC
Block L,Block L,13,13,2025-07-11,morning,ammonia,4.63,mg/L
Block L,Block L,13,13,2025-07-11,morning,dissolved_oxygen,4.68,mg/L
Block L,Block L,13,13,2025-07-11,morning,nitrate,4.9,mg/L
Block L,Block L,13,13,2025-07-11,morning,nitrite,0.112,mg/L
Block L,Block L,13,13,2025-07-11,morning,ph,6.68,pH
Block L,Block L,13,13,2025-07-11,morning,temperature,30.2,degC
Block L,Block L,13,13,2025-07-15,afternoon,dissolved_oxygen,6.19,mg/L
Block L,Block L,13,13,2025-07-15,afternoon,temperature,29.1,degC
Block L,Block L,13,13,2025-07-15,morning,dissolved_oxygen,6.17,mg/L
Block L,Block L,13,13,2025-07-15,morning,temperature,28.1,degC
Block L,Block L,13,13,2025-07-16,afternoon,dissolved_oxygen,5.824,mg/L
Block L,Block L,13,13,2025-07-16,afternoon,temperature,29.1,degC
Block L,Block L,13,13,2025-07-17,afternoon,dissolved_oxygen,5.84,mg/L
Block L,Block L,13,13,2025-07-17,afternoon,temperature,29.6,degC
Block L,Block L,13,13,2025-07-17,morning,dissolved_oxygen,6.05,mg/L
Block L,Block L,13,13,2025-07-17,morning,temperature,28.6,degC
Block L,Block L,13,13,2025-07-18,afternoon,dissolved_oxygen,5.28,mg/L
Block L,Block L,13,13,2025-07-18,afternoon,temperature,30.0,degC
Block L,Block L,13,13,2025-07-18,morning,dissolved_oxygen,5.73,mg/L
Block L,Block L,13,13,2025-07-18,morning,temperature,28.5,degC
Block L,Block L,13,13,2025-07-21,afternoon,dissolved_oxygen,6.35,mg/L
Block L,Block L,13,13,2025-07-21,afternoon,temperature,29.9,degC
Block L,Block L,13,13,2025-07-21,morning,dissolved_oxygen,6.69,mg/L
Block L,Block L,13,13,2025-07-21,morning,temperature,28.2,degC
Block L,Block L,13,13,2025-07-22,afternoon,dissolved_oxygen,5.82,mg/L
Block L,Block L,13,13,2025-07-22,afternoon,temperature,29.2,degC
Block L,Block L,13,13,2025-07-23,afternoon,dissolved_oxygen,5.66,mg/L
Block L,Block L,13,13,2025-07-23,afternoon,temperature,31.2,degC
Block L,Block L,13,13,2025-07-23,morning,dissolved_oxygen,5.23,mg/L
Block L,Block L,13,13,2025-07-23,morning,temperature,27.6,degC
Block L,Block L,13,13,2025-07-24,afternoon,dissolved_oxygen,8.55,mg/L
Block L,Block L,13,13,2025-07-24,afternoon,temperature,30.0,degC
Block L,Block L,13,13,2025-07-24,morning,dissolved_oxygen,8.77,mg/L
Block L,Block L,13,13,2025-07-24,morning,temperature,28.3,degC
Block L,Block L,13,13,2025-07-25,afternoon,dissolved_oxygen,8.84,mg/L
Block L,Block L,13,13,2025-07-25,afternoon,temperature,30.5,degC
Block L,Block L,13,13,2025-07-28,afternoon,dissolved_oxygen,6.12,mg/L
Block L,Block L,13,13,2025-07-28,afternoon,temperature,31.7,degC
Block L,Block L,13,13,2025-07-28,morning,dissolved_oxygen,6.86,mg/L
Block L,Block L,13,13,2025-07-28,morning,temperature,28.5,degC
Block L,Block L,13,13,2025-07-29,afternoon,dissolved_oxygen,5.75,mg/L
Block L,Block L,13,13,2025-07-29,afternoon,temperature,30.7,degC
Block L,Block L,13,13,2025-07-29,morning,dissolved_oxygen,5.93,mg/L
Block L,Block L,13,13,2025-07-29,morning,temperature,29.4,degC
Block L,Block L,13,13,2025-07-30,afternoon,dissolved_oxygen,5.55,mg/L
Block L,Block L,13,13,2025-07-30,afternoon,temperature,29.4,degC
Block L,Block L,14,14,2025-07-01,afternoon,dissolved_oxygen,6.27,mg/L
Block L,Block L,14,14,2025-07-01,afternoon,temperature,29.0,degC
Block L,Block L,14,14,2025-07-01,morning,ammonia,1.9,mg/L
Block L,Block L,14,14,2025-07-01,morning,dissolved_oxygen,6.26,mg/L
Block L,Block L,14,14,2025-07-01,morning,nitrate,3.4,mg/L
Block L,Block L,14,14,2025-07-01,morning,nitrite,0.5,mg/L
Block L,Block L,14,14,2025-07-01,morning,ph,6.73,pH
Block L,Block L,14,14,2025-07-01,morning,temperature,27.9,degC
Block L,Block L,14,14,2025-07-02,afternoon,dissolved_oxygen,6.59,mg/L
Block L,Block L,14,14,2025-07-02,afternoon,temperature,30.5,degC
Block L,Block L,14,14,2025-07-02,morning,dissolved_oxygen,6.35,mg/L
Block L,Block L,14,14,2025-07-02,morning,temperature,27.9,degC
Block L,Block L,14,14,2025-07-03,morning,dissolved_oxygen,6.93,mg/L
Block L,Block L,14,14,2025-07-03,morning,temperature,27.6,degC
Block L,Block L,14,14,2025-07-04,afternoon,dissolved_oxygen,6.51,mg/L
Block L,Block L,14,14,2025-07-04,afternoon,temperature,28.5,degC
Block L,Block L,14,14,2025-07-04,morning,ammonia,0.61,mg/L
Block L,Block L,14,14,2025-07-04,morning,dissolved_oxygen,6.86,mg/L
Block L,Block L,14,14,2025-07-04,morning,nitrate,1.0,mg/L
Block L,Block L,14,14,2025-07-04,morning,nitrite,0.086,mg/L
Block L,Block L,14,14,2025-07-04,morning,ph,6.95,pH
Block L,Block L,14,14,2025-07-04,morning,temperature,27.2,degC
Block L,Block L,14,14,2025-07-08,afternoon,dissolved_oxygen,6.6,mg/L
Block L,Block L,14,14,2025-07-08,afternoon,temperature,28.0,degC
Block L,Block L,14,14,2025-07-10,afternoon,dissolved_oxygen,7.17,mg/L
Block L,Block L,14,14,2025-07-10,afternoon,temperature,27.7,degC
Block L,Block L,14,14,2025-07-10,morning,dissolved_oxygen,6.89,mg/L
Block L,Block L,14,14,2025-07-10,morning,temperature,27.7,degC
Block L,Block L,14,14,2025-07-11,afternoon,dissolved_oxygen,6.33,mg/L
Block L,Block L,14,14,2025-07-11,afternoon,temperature,30.7,degC
Block L,Block L,14,14,2025-07-11,morning,dissolved_oxygen,6.27,mg/L
Block L,Block L,14,14,2025-07-11,morning,temperature,29.7,degC
Block L,Block L,14,14,2025-07-15,afternoon,dissolved_oxygen,5.67,mg/L
Block L,Block L,14,14,2025-07-15,afternoon,temperature,28.8,degC
Block L,Block L,14,14,2025-07-15,morning,dissolved_oxygen,5.61,mg/L
Block L,Block L,14,14,2025-07-15,morning,temperature,27.8,degC
Block L,Block L,14,14,2025-07-16,afternoon,dissolved_oxygen,5.64,mg/L
Block L,Block L,14,14,2025-07-16,afternoon,temperature,28.7,degC
Block L,Block L,14,14,2025-07-17,afternoon,dissolved_oxygen,5.47,mg/L
Block L,Block L,14,14,2025-07-17,afternoon,temperature,29.2,degC
Block L,Block L,14,14,2025-07-17,morning,dissolved_oxygen,5.17,mg/L
Block L,Block L,14,14,2025-07-17,morning,temperature,28.1,degC
Block L,Block L,14,14,2025-07-18,afternoon,dissolved_oxygen,5.25,mg/L
Block L,Block L,14,14,2025-07-18,afternoon,temperature,29.3,degC
Block L,Block L,14,14,2025-07-18,morning,dissolved_oxygen,5.15,mg/L
Block L,Block L,14,14,2025-07-18,morning,temperature,28.3,degC
Block L,Block L,14,14,2025-07-21,afternoon,dissolved_oxygen,6.12,mg/L
Block L,Block L,14,14,2025-07-21,afternoon,temperature,29.1,degC
Block L,Block L,14,14,2025-07-21,morning,dissolved_oxygen,6.72,mg/L
Block L,Block L,14,14,2025-07-21,morning,temperature,28.0,degC
Block L,Block L,14,14,2025-07-22,afternoon,dissolved_oxygen,5.59,mg/L
Block L,Block L,14,14,2025-07-22,afternoon,temperature,28.8,degC
Block L,Block L,14,14,2025-07-23,afternoon,dissolved_oxygen,4.96,mg/L
Block L,Block L,14,14,2025-07-23,afternoon,temperature,32.0,degC
Block L,Block L,14,14,2025-07-23,morning,dissolved_oxygen,6.5,mg/L
Block L,Block L,14,14,2025-07-23,morning,temperature,27.4,degC
Block L,Block L,14,14,2025-07-24,afternoon,dissolved_oxygen,8.06,mg/L
Block L,Block L,14,14,2025-07-24,afternoon,temperature,29.2,degC
Block L,Block L,14,14,2025-07-24,morning,dissolved_oxygen,8.19,mg/L
Block L,Block L,14,14,2025-07-24,morning,temperature,27.9,degC
Block L,Block L,14,14,2025-07-25,afternoon,dissolved_oxygen,8.31,mg/L
Block L,Block L,14,14,2025-07-25,afternoon,temperature,29.7,degC
Block L,Block L,14,14,2025-07-28,afternoon,dissolved_oxygen,6.16,mg/L
Block L,Block L,14,14,2025-07-28,afternoon,temperature,31.6,degC
Block L,Block L,14,14,2025-07-28,morning,dissolved_oxygen,6.69,mg/L
Block L,Block L,14,14,2025-07-28,morning,temperature,27.9,degC
Block L,Block L,14,14,2025-07-29,afternoon,dissolved_oxygen,5.87,mg/L
Block L,Block L,14,14,2025-07-29,afternoon,temperature,30.1,degC
Block L,Block L,14,14,2025-07-29,morning,dissolved_oxygen,6.06,mg/L
Block L,Block L,14,14,2025-07-29,morning,temperature,29.2,degC
Block L,Block L,14,14,2025-07-30,afternoon,dissolved_oxygen,4.75,mg/L
Block L,Block L,14,14,2025-07-30,afternoon,temperature,29.3,degC
Block L,Block L,15,15,2025-07-02,afternoon,dissolved_oxygen,7.02,mg/L
Block L,Block L,15,15,2025-07-02,afternoon,temperature,29.1,degC
Block L,Block L,15,15,2025-07-03,morning,dissolved_oxygen,7.3,mg/L
Block L,Block L,15,15,2025-07-03,morning,temperature,27.0,degC
Block L,Block L,15,15,2025-07-04,afternoon,dissolved_oxygen,6.47,mg/L
Block L,Block L,15,15,2025-07-04,afternoon,temperature,28.5,degC
Block L,Block L,15,15,2025-07-04,morning,dissolved_oxygen,7.05,mg/L
Block L,Block L,15,15,2025-07-04,morning,temperature,27.0,degC
Block L,Block L,15,15,2025-07-08,afternoon,dissolved_oxygen,6.87,mg/L
Block L,Block L,15,15,2025-07-08,afternoon,temperature,27.9,degC
Block L,Block L,15,15,2025-07-10,afternoon,dissolved_oxygen,6.78,mg/L
Block L,Block L,15,15,2025-07-10,afternoon,temperature,27.6,degC
Block L,Block L,15,15,2025-07-10,morning,dissolved_oxygen,7.28,mg/L
Block L,Block L,15,15,2025-07-10,morning,temperature,27.5,degC
Block L,Block L,15,15,2025-07-11,afternoon,dissolved_oxygen,6.3,mg/L
Block L,Block L,15,15,2025-07-11,afternoon,temperature,30.9,degC
Block L,Block L,15,15,2025-07-15,afternoon,dissolved_oxygen,5.72,mg/L
Block L,Block L,15,15,2025-07-15,afternoon,temperature,28.9,degC
Block L,Block L,15,15,2025-07-15,morning,dissolved_oxygen,5.46,mg/L
Block L,Block L,15,15,2025-07-15,morning,temperature,27.8,degC
Block L,Block L,15,15,2025-07-16,afternoon,dissolved_oxygen,5.97,mg/L
Block L,Block L,15,15,2025-07-16,afternoon,temperature,28.8,degC
Block L,Block L,15,15,2025-07-17,afternoon,dissolved_oxygen,5.88,mg/L
Block L,Block L,15,15,2025-07-17,afternoon,temperature,29.7,degC
Block L,Block L,15,15,2025-07-17,morning,dissolved_oxygen,5.82,mg/L
Block L,Block L,15,15,2025-07-17,morning,temperature,28.2,degC
Block L,Block L,15,15,2025-07-18,afternoon,dissolved_oxygen,5.53,mg/L
Block L,Block L,15,15,2025-07-18,afternoon,temperature,29.5,degC
Block L,Block L,15,15,2025-07-18,morning,dissolved_oxygen,5.24,mg/L
Block L,Block L,15,15,2025-07-18,morning,temperature,28.4,degC
Block L,Block L,15,15,2025-07-21,afternoon,dissolved_oxygen,6.22,mg/L
Block L,Block L,15,15,2025-07-21,afternoon,temperature,29.3,degC
Block L,Block L,15,15,2025-07-21,morning,dissolved_oxygen,6.46,mg/L
Block L,Block L,15,15,2025-07-21,morning,temperature,27.9,degC
Block L,Block L,15,15,2025-07-22,afternoon,dissolved_oxygen,5.61,mg/L
Block L,Block L,15,15,2025-07-22,afternoon,temperature,28.8,degC
Block L,Block L,15,15,2025-07-23,afternoon,dissolved_oxygen,4.76,mg/L
Block L,Block L,15,15,2025-07-23,afternoon,temperature,32.0,degC
Block L,Block L,15,15,2025-07-23,morning,dissolved_oxygen,6.6,mg/L
Block L,Block L,15,15,2025-07-23,morning,temperature,27.2,degC
Block L,Block L,15,15,2025-07-24,afternoon,dissolved_oxygen,8.42,mg/L
Block L,Block L,15,15,2025-07-24,afternoon,temperature,29.3,degC
Block L,Block L,15,15,2025-07-24,morning,dissolved_oxygen,8.34,mg/L
Block L,Block L,15,15,2025-07-24,morning,temperature,27.8,degC
Block L,Block L,15,15,2025-07-25,afternoon,dissolved_oxygen,9.04,mg/L
Block L,Block L,15,15,2025-07-25,afternoon,temperature,29.8,degC
Block L,Block L,15,15,2025-07-28,afternoon,dissolved_oxygen,5.98,mg/L
Block L,Block L,15,15,2025-07-28,afternoon,temperature,32.3,degC
Block L,Block L,15,15,2025-07-28,morning,ammonia,8.5,mg/L
Block L,Block L,15,15,2025-07-28,morning,dissolved_oxygen,6.74,mg/L
Block L,Block L,15,15,2025-07-28,morning,ph,7.13,pH
Block L,Block L,15,15,2025-07-28,morning,temperature,27.8,degC
Block L,Block L,15,15,2025-07-29,afternoon,dissolved_oxygen,5.79,mg/L
Block L,Block L,15,15,2025-07-29,afternoon,temperature,30.3,degC
Block L,Block L,15,15,2025-07-29,morning,dissolved_oxygen,6.03,mg/L
Block L,Block L,15,15,2025-07-29,morning,temperature,29.4,degC
Block L,Block L,15,15,2025-07-30,afternoon,dissolved_oxygen,6.66,mg/L
Block L,Block L,15,15,2025-07-30,afternoon,temperature,29.2,degC
Block L,Block L,16,16,2025-07-08,afternoon,dissolved_oxygen,6.53,mg/L
Block L,Block L,16,16,2025-07-08,afternoon,temperature,29.2,degC
Block L,Block L,16,16,2025-07-10,afternoon,dissolved_oxygen,6.91,mg/L
Block L,Block L,16,16,2025-07-10,afternoon,temperature,27.8,degC
Block L,Block L,16,16,2025-07-10,morning,dissolved_oxygen,6.83,mg/L
Block L,Block L,16,16,2025-07-10,morning,temperature,27.6,degC
Block L,Block L,16,16,2025-07-11,afternoon,dissolved_oxygen,6.35,mg/L
Block L,Block L,16,16,2025-07-11,afternoon,temperature,28.5,degC
Block L,Block L,16,16,2025-07-11,morning,dissolved_oxygen,6.54,mg/L
Block L,Block L,16,16,2025-07-11,morning,temperature,27.1,degC
Block L,Block L,16,16,2025-07-15,afternoon,dissolved_oxygen,6.27,mg/L
Block L,Block L,16,16,2025-07-15,afternoon,temperature,28.6,degC
Block L,Block L,16,16,2025-07-15,morning,dissolved_oxygen,6.1,mg/L
Block L,Block L,16,16,2025-07-15,morning,temperature,27.5,degC
Block L,Block L,16,16,2025-07-16,afternoon,dissolved_oxygen,6.18,mg/L
Block L,Block L,16,16,2025-07-16,afternoon,temperature,28.4,degC
Block L,Block L,16,16,2025-07-17,afternoon,dissolved_oxygen,5.83,mg/L
Block L,Block L,16,16,2025-07-17,afternoon,temperature,29.2,degC
Block L,Block L,16,16,2025-07-17,morning,dissolved_oxygen,5.95,mg/L
Block L,Block L,16,16,2025-07-17,morning,temperature,27.8,degC
Block L,Block L,16,16,2025-07-18,afternoon,dissolved_oxygen,5.52,mg/L
Block L,Block L,16,16,2025-07-18,afternoon,temperature,29.4,degC
Block L,Block L,16,16,2025-07-18,morning,dissolved_oxygen,5.73,mg/L
Block L,Block L,16,16,2025-07-18,morning,temperature,28.1,degC
Block L,Block L,16,16,2025-07-21,afternoon,dissolved_oxygen,6.06,mg/L
Block L,Block L,16,16,2025-07-21,afternoon,temperature,29.3,degC
Block L,Block L,16,16,2025-07-21,morning,dissolved_oxygen,6.75,mg/L
Block L,Block L,16,16,2025-07-21,morning,temperature,27.8,degC
Block L,Block L,16,16,2025-07-22,afternoon,dissolved_oxygen,5.51,mg/L
Block L,Block L,16,16,2025-07-22,afternoon,temperature,28.8,degC
Block L,Block L,16,16,2025-07-23,afternoon,dissolved_oxygen,5.44,mg/L
Block L,Block L,16,16,2025-07-23,afternoon,temperature,32.0,degC
Block L,Block L,16,16,2025-07-23,morning,dissolved_oxygen,6.79,mg/L
Block L,Block L,16,16,2025-07-23,morning,temperature,27.0,degC
Block L,Block L,16,16,2025-07-24,afternoon,dissolved_oxygen,8.13,mg/L
Block L,Block L,16,16,2025-07-24,afternoon,temperature,29.7,degC
Block L,Block L,16,16,2025-07-24,morning,dissolved_oxygen,9.29,mg/L
Block L,Block L,16,16,2025-07-24,morning,temperature,28.3,degC
Block L,Block L,16,16,2025-07-25,afternoon,dissolved_oxygen,8.89,mg/L
Block L,Block L,16,16,2025-07-25,afternoon,temperature,29.7,degC
Block L,Block L,16,16,2025-07-28,afternoon,dissolved_oxygen,6.36,mg/L
Block L,Block L,16,16,2025-07-28,afternoon,temperature,29.4,degC
Block L,Block L,16,16,2025-07-28,morning,dissolved_oxygen,6.41,mg/L
Block L,Block L,16,16,2025-07-28,morning,temperature,27.7,degC
Block L,Block L,16,16,2025-07-29,afternoon,dissolved_oxygen,6.19,mg/L
Block L,Block L,16,16,2025-07-29,afternoon,temperature,29.6,degC
Block L,Block L,16,16,2025-07-29,morning,dissolved_oxygen,6.28,mg/L
Block L,Block L,16,16,2025-07-29,morning,temperature,28.4,degC
Block L,Block L,16,16,2025-07-30,afternoon,dissolved_oxygen,5.78,mg/L
Block L,Block L,16,16,2025-07-30,afternoon,temperature,29.7,degC
Block L,Block L,17,17,2025-07-01,afternoon,dissolved_oxygen,6.57,mg/L
Block L,Block L,17,17,2025-07-01,afternoon,temperature,29.4,degC
Block L,Block L,17,17,2025-07-01,morning,dissolved_oxygen,7.23,mg/L
Block L,Block L,17,17,2025-07-01,morning,temperature,27.6,degC
Block L,Block L,17,17,2025-07-04,afternoon,dissolved_oxygen,5.96,mg/L
Block L,Block L,17,17,2025-07-04,afternoon,temperature,28.6,degC
Block L,Block L,17,17,2025-07-08,afternoon,dissolved_oxygen,6.4,mg/L
Block L,Block L,17,17,2025-07-08,afternoon,temperature,28.0,degC
Block L,Block L,17,17,2025-07-10,afternoon,dissolved_oxygen,6.42,mg/L
Block L,Block L,17,17,2025-07-10,afternoon,temperature,28.3,degC
Block L,Block L,17,17,2025-07-10,morning,dissolved_oxygen,6.64,mg/L
Block L,Block L,17,17,2025-07-10,morning,temperature,28.3,degC
Block L,Block L,17,17,2025-07-11,afternoon,dissolved_oxygen,6.26,mg/L
Block L,Block L,17,17,2025-07-11,afternoon,temperature,30.5,degC
Block L,Block L,17,17,2025-07-11,morning,dissolved_oxygen,6.94,mg/L
Block L,Block L,17,17,2025-07-11,morning,temperature,29.4,degC
Block L,Block L,17,17,2025-07-15,afternoon,dissolved_oxygen,6.22,mg/L
Block L,Block L,17,17,2025-07-15,afternoon,temperature,28.8,degC
Block L,Block L,17,17,2025-07-15,morning,dissolved_oxygen,6.73,mg/L
Block L,Block L,17,17,2025-07-15,morning,temperature,27.6,degC
Block L,Block L,17,17,2025-07-16,afternoon,dissolved_oxygen,6.51,mg/L
Block L,Block L,17,17,2025-07-16,afternoon,temperature,28.6,degC
Block L,Block L,17,17,2025-07-17,afternoon,dissolved_oxygen,5.72,mg/L
Block L,Block L,17,17,2025-07-17,afternoon,temperature,29.7,degC
Block L,Block L,17,17,2025-07-17,morning,dissolved_oxygen,6.03,mg/L
Block L,Block L,17,17,2025-07-17,morning,temperature,28.9,degC
Block L,Block L,17,17,2025-07-18,afternoon,dissolved_oxygen,5.68,mg/L
Block L,Block L,17,17,2025-07-18,afternoon,temperature,29.4,degC
Block L,Block L,17,17,2025-07-18,morning,dissolved_oxygen,6.0,mg/L
Block L,Block L,17,17,2025-07-18,morning,temperature,28.3,degC
Block L,Block L,17,17,2025-07-21,afternoon,dissolved_oxygen,6.48,mg/L
Block L,Block L,17,17,2025-07-21,afternoon,temperature,28.9,degC
Block L,Block L,17,17,2025-07-21,morning,dissolved_oxygen,6.83,mg/L
Block L,Block L,17,17,2025-07-21,morning,temperature,27.6,degC
Block L,Block L,17,17,2025-07-22,afternoon,dissolved_oxygen,5.31,mg/L
Block L,Block L,17,17,2025-07-22,afternoon,temperature,28.6,degC
Block L,Block L,17,17,2025-07-23,afternoon,dissolved_oxygen,4.19,mg/L
Block L,Block L,17,17,2025-07-23,afternoon,temperature,32.0,degC
Block L,Block L,17,17,2025-07-23,morning,dissolved_oxygen,5.71,mg/L
Block L,Block L,17,17,2025-07-23,morning,temperature,27.3,degC
Block L,Block L,17,17,2025-07-24,afternoon,dissolved_oxygen,8.7,mg/L
Block L,Block L,17,17,2025-07-24,afternoon,temperature,29.1,degC
Block L,Block L,17,17,2025-07-24,morning,dissolved_oxygen,9.81,mg/L
Block L,Block L,17,17,2025-07-24,morning,temperature,27.7,degC
Block L,Block L,17,17,2025-07-25,afternoon,dissolved_oxygen,9.48,mg/L
Block L,Block L,17,17,2025-07-25,afternoon,temperature,30.1,degC
Block L,Block L,17,17,2025-07-28,afternoon,dissolved_oxygen,6.69,mg/L
Block L,Block L,17,17,2025-07-28,afternoon,temperature,29.3,degC
Block L,Block L,17,17,2025-07-28,morning,ammonia,1.95,mg/L
Block L,Block L,17,17,2025-07-28,morning,dissolved_oxygen,6.89,mg/L
Block L,Block L,17,17,2025-07-28,morning,ph,7.1,pH
Block L,Block L,17,17,2025-07-28,morning,temperature,27.7,degC
Block L,Block L,17,17,2025-07-29,afternoon,dissolved_oxygen,5.44,mg/L
Block L,Block L,17,17,2025-07-29,afternoon,temperature,29.4,degC
Block L,Block L,17,17,2025-07-29,morning,dissolved_oxygen,5.83,mg/L
Block L,Block L,17,17,2025-07-29,morning,temperature,28.3,degC
Block L,Block L,17,17,2025-07-30,afternoon,dissolved_oxygen,6.75,mg/L
Block L,Block L,17,17,2025-07-30,afternoon,temperature,29.6,degC
Block L,Block L,18,18,2025-07-01,afternoon,dissolved_oxygen,6.73,mg/L
Block L,Block L,18,18,2025-07-01,afternoon,temperature,28.9,degC
Block L,Block L,18,18,2025-07-01,morning,ammonia,1.0,mg/L
Block L,Block L,18,18,2025-07-01,morning,dissolved_oxygen,7.26,mg/L
Block L,Block L,18,18,2025-07-01,morning,nitrate,2.3,mg/L
Block L,Block L,18,18,2025-07-01,morning,nitrite,0.074,mg/L
Block L,Block L,18,18,2025-07-01,morning,ph,6.78,pH
Block L,Block L,18,18,2025-07-01,morning,temperature,27.7,degC
Block L,Block L,18,18,2025-07-02,afternoon,dissolved_oxygen,6.93,mg/L
Block L,Block L,18,18,2025-07-02,afternoon,temperature,28.4,degC
Block L,Block L,18,18,2025-07-02,morning,dissolved_oxygen,5.12,mg/L
Block L,Block L,18,18,2025-07-02,morning,temperature,28.1,degC
Block L,Block L,18,18,2025-07-03,morning,dissolved_oxygen,6.9,mg/L
Block L,Block L,18,18,2025-07-03,morning,temperature,26.8,degC
Block L,Block L,18,18,2025-07-04,afternoon,dissolved_oxygen,7.04,mg/L
Block L,Block L,18,18,2025-07-04,afternoon,temperature,28.3,degC
Block L,Block L,18,18,2025-07-04,morning,ammonia,2.46,mg/L
Block L,Block L,18,18,2025-07-04,morning,dissolved_oxygen,7.27,mg/L
Block L,Block L,18,18,2025-07-04,morning,nitrate,3.1,mg/L
Block L,Block L,18,18,2025-07-04,morning,nitrite,0.62,mg/L
Block L,Block L,18,18,2025-07-04,morning,ph,6.89,pH
Block L,Block L,18,18,2025-07-04,morning,temperature,27.0,degC
Block L,Block L,18,18,2025-07-08,afternoon,dissolved_oxygen,6.92,mg/L
Block L,Block L,18,18,2025-07-08,afternoon,temperature,28.0,degC
Block L,Block L,18,18,2025-07-10,afternoon,dissolved_oxygen,6.82,mg/L
Block L,Block L,18,18,2025-07-10,afternoon,temperature,27.8,degC
Block L,Block L,18,18,2025-07-10,morning,dissolved_oxygen,6.89,mg/L
Block L,Block L,18,18,2025-07-10,morning,temperature,27.7,degC
Block L,Block L,18,18,2025-07-11,afternoon,dissolved_oxygen,6.06,mg/L
Block L,Block L,18,18,2025-07-11,afternoon,temperature,30.7,degC
Block L,Block L,18,18,2025-07-11,morning,dissolved_oxygen,5.8,mg/L
Block L,Block L,18,18,2025-07-11,morning,temperature,30.1,degC
Block L,Block L,18,18,2025-07-15,afternoon,dissolved_oxygen,6.35,mg/L
Block L,Block L,18,18,2025-07-15,afternoon,temperature,28.6,degC
Block L,Block L,18,18,2025-07-15,morning,dissolved_oxygen,6.6,mg/L
Block L,Block L,18,18,2025-07-15,morning,temperature,27.5,degC
Block L,Block L,18,18,2025-07-16,afternoon,dissolved_oxygen,6.86,mg/L
Block L,Block L,18,18,2025-07-16,afternoon,temperature,28.4,degC
Block L,Block L,18,18,2025-07-17,afternoon,dissolved_oxygen,6.46,mg/L
Block L,Block L,18,18,2025-07-17,afternoon,temperature,29.0,degC
Block L,Block L,18,18,2025-07-17,morning,dissolved_oxygen,6.93,mg/L
Block L,Block L,18,18,2025-07-17,morning,temperature,27.7,degC
Block L,Block L,18,18,2025-07-18,afternoon,dissolved_oxygen,6.69,mg/L
Block L,Block L,18,18,2025-07-18,afternoon,temperature,29.2,degC
Block L,Block L,18,18,2025-07-18,morning,dissolved_oxygen,6.62,mg/L
Block L,Block L,18,18,2025-07-18,morning,temperature,28.1,degC
Block L,Block L,18,18,2025-07-21,afternoon,dissolved_oxygen,6.68,mg/L
Block L,Block L,18,18,2025-07-21,afternoon,temperature,29.0,degC
Block L,Block L,18,18,2025-07-21,morning,dissolved_oxygen,6.79,mg/L
Block L,Block L,18,18,2025-07-21,morning,temperature,27.7,degC
Block L,Block L,18,18,2025-07-22,afternoon,dissolved_oxygen,6.35,mg/L
Block L,Block L,18,18,2025-07-22,afternoon,temperature,28.8,degC
Block L,Block L,18,18,2025-07-23,afternoon,dissolved_oxygen,4.7,mg/L
Block L,Block L,18,18,2025-07-23,afternoon,temperature,31.9,degC
Block L,Block L,18,18,2025-07-23,morning,dissolved_oxygen,5.32,mg/L
Block L,Block L,18,18,2025-07-23,morning,temperature,27.0,degC
Block L,Block L,18,18,2025-07-24,afternoon,dissolved_oxygen,9.0,mg/L
Block L,Block L,18,18,2025-07-24,afternoon,temperature,29.6,degC
Block L,Block L,18,18,2025-07-24,morning,dissolved_oxygen,9.24,mg/L
Block L,Block L,18,18,2025-07-24,morning,temperature,28.3,degC
Block L,Block L,18,18,2025-07-25,afternoon,dissolved_oxygen,9.22,mg/L
Block L,Block L,18,18,2025-07-25,afternoon,temperature,29.6,degC
Block L,Block L,18,18,2025-07-28,afternoon,dissolved_oxygen,6.7,mg/L
Block L,Block L,18,18,2025-07-28,afternoon,temperature,29.3,degC
Block L,Block L,18,18,2025-07-28,morning,dissolved_oxygen,6.32,mg/L
Block L,Block L,18,18,2025-07-28,morning,temperature,27.6,degC
Block L,Block L,18,18,2025-07-29,afternoon,dissolved_oxygen,6.71,mg/L
Block L,Block L,18,18,2025-07-29,afternoon,temperature,29.6,degC
Block L,Block L,18,18,2025-07-29,morning,dissolved_oxygen,6.52,mg/L
Block L,Block L,18,18,2025-07-29,morning,temperature,28.1,degC
Block L,Block L,18,18,2025-07-30,afternoon,dissolved_oxygen,5.44,mg/L
Block L,Block L,18,18,2025-07-30,afternoon,temperature,29.2,degC
Block L,Block L,19,19,2025-07-01,afternoon,dissolved_oxygen,6.72,mg/L
Block L,Block L,19,19,2025-07-01,afternoon,temperature,29.5,degC
Block L,Block L,19,19,2025-07-01,morning,dissolved_oxygen,6.66,mg/L
Block L,Block L,19,19,2025-07-01,morning,temperature,28.3,degC
Block L,Block L,19,19,2025-07-02,afternoon,dissolved_oxygen,6.54,mg/L
Block L,Block L,19,19,2025-07-02,afternoon,temperature,28.8,degC
Block L,Block L,19,19,2025-07-02,morning,dissolved_oxygen,6.76,mg/L
Block L,Block L,19,19,2025-07-02,morning,temperature,28.2,degC
Block L,Block L,19,19,2025-07-03,morning,dissolved_oxygen,7.13,mg/L
Block L,Block L,19,19,2025-07-03,morning,temperature,27.2,degC
Block L,Block L,19,19,2025-07-04,afternoon,dissolved_oxygen,6.86,mg/L
Block L,Block L,19,19,2025-07-04,afternoon,temperature,28.7,degC
Block L,Block L,19,19,2025-07-04,morning,dissolved_oxygen,7.09,mg/L
Block L,Block L,19,19,2025-07-04,morning,temperature,27.4,degC
Block L,Block L,19,19,2025-07-07,morning,ammonia,2.27,mg/L
Block L,Block L,19,19,2025-07-07,morning,nitrate,6.0,mg/L
Block L,Block L,19,19,2025-07-07,morning,nitrite,1.3,mg/L
Block L,Block L,19,19,2025-07-07,morning,ph,6.42,pH
Block L,Block L,19,19,2025-07-08,afternoon,dissolved_oxygen,6.6,mg/L
Block L,Block L,19,19,2025-07-08,afternoon,temperature,28.5,degC
Block L,Block L,19,19,2025-07-10,afternoon,dissolved_oxygen,7.17,mg/L
Block L,Block L,19,19,2025-07-10,afternoon,temperature,28.3,degC
Block L,Block L,19,19,2025-07-10,morning,dissolved_oxygen,7.23,mg/L
Block L,Block L,19,19,2025-07-10,morning,temperature,28.2,degC
Block L,Block L,19,19,2025-07-11,afternoon,dissolved_oxygen,7.12,mg/L
Block L,Block L,19,19,2025-07-11,afternoon,temperature,29.2,degC
Block L,Block L,19,19,2025-07-11,morning,ammonia,10.94,mg/L
Block L,Block L,19,19,2025-07-11,morning,dissolved_oxygen,7.52,mg/L
Block L,Block L,19,19,2025-07-11,morning,nitrate,1.4,mg/L
Block L,Block L,19,19,2025-07-11,morning,nitrite,0.087,mg/L
Block L,Block L,19,19,2025-07-11,morning,ph,6.7,pH
Block L,Block L,19,19,2025-07-11,morning,temperature,27.0,degC
Block L,Block L,19,19,2025-07-15,afternoon,dissolved_oxygen,6.71,mg/L
Block L,Block L,19,19,2025-07-15,afternoon,temperature,29.3,degC
Block L,Block L,19,19,2025-07-15,morning,dissolved_oxygen,6.71,mg/L
Block L,Block L,19,19,2025-07-15,morning,temperature,27.7,degC
Block L,Block L,19,19,2025-07-16,afternoon,dissolved_oxygen,7.38,mg/L
Block L,Block L,19,19,2025-07-16,afternoon,temperature,29.0,degC
Block L,Block L,19,19,2025-07-17,afternoon,dissolved_oxygen,6.37,mg/L
Block L,Block L,19,19,2025-07-17,afternoon,temperature,29.8,degC
Block L,Block L,19,19,2025-07-17,morning,dissolved_oxygen,6.18,mg/L
Block L,Block L,19,19,2025-07-17,morning,temperature,28.2,degC
Block L,Block L,19,19,2025-07-18,afternoon,dissolved_oxygen,6.12,mg/L
Block L,Block L,19,19,2025-07-18,afternoon,temperature,30.1,degC
Block L,Block L,19,19,2025-07-18,morning,dissolved_oxygen,6.0,mg/L
Block L,Block L,19,19,2025-07-18,morning,temperature,28.6,degC
Block L,Block L,19,19,2025-07-21,afternoon,dissolved_oxygen,7.01,mg/L
Block L,Block L,19,19,2025-07-21,afternoon,temperature,26.7,degC
Block L,Block L,19,19,2025-07-21,morning,dissolved_oxygen,7.06,mg/L
Block L,Block L,19,19,2025-07-21,morning,temperature,27.9,degC
Block L,Block L,19,19,2025-07-22,afternoon,dissolved_oxygen,6.13,mg/L
Block L,Block L,19,19,2025-07-22,afternoon,temperature,29.2,degC
Block L,Block L,19,19,2025-07-23,afternoon,dissolved_oxygen,5.55,mg/L
Block L,Block L,19,19,2025-07-23,afternoon,temperature,31.9,degC
Block L,Block L,19,19,2025-07-23,morning,dissolved_oxygen,6.33,mg/L
Block L,Block L,19,19,2025-07-23,morning,temperature,27.1,degC
Block L,Block L,19,19,2025-07-24,afternoon,dissolved_oxygen,8.75,mg/L
Block L,Block L,19,19,2025-07-24,afternoon,temperature,30.1,degC
Block L,Block L,19,19,2025-07-24,morning,dissolved_oxygen,8.97,mg/L
Block L,Block L,19,19,2025-07-24,morning,temperature,28.7,degC
Block L,Block L,19,19,2025-07-25,afternoon,dissolved_oxygen,8.07,mg/L
Block L,Block L,19,19,2025-07-25,afternoon,temperature,30.3,degC
Block L,Block L,19,19,2025-07-28,afternoon,dissolved_oxygen,6.81,mg/L
Block L,Block L,19,19,2025-07-28,afternoon,temperature,29.8,degC
Block L,Block L,19,19,2025-07-28,morning,dissolved_oxygen,6.27,mg/L
Block L,Block L,19,19,2025-07-28,morning,temperature,28.1,degC
Block L,Block L,19,19,2025-07-29,afternoon,dissolved_oxygen,6.66,mg/L
Block L,Block L,19,19,2025-07-29,afternoon,temperature,30.2,degC
Block L,Block L,19,19,2025-07-29,morning,dissolved_oxygen,6.54,mg/L
Block L,Block L,19,19,2025-07-29,morning,temperature,28.6,degC
Block L,Block L,19,19,2025-07-30,afternoon,dissolved_oxygen,6.96,mg/L
Block L,Block L,19,19,2025-07-30,afternoon,temperature,29.7,degC
Fish Tank 1,Fish Tanks,1,1,2025-07-01,morning,ammonia,7.0,mg/L
Fish Tank 1,Fish Tanks,1,1,2025-07-01,morning,dissolved_oxygen,3.32,mg/L
Fish Tank 1,Fish Tanks,1,1,2025-07-01,morning,nitrate,6.8,mg/L
Fish Tank 1,Fish Tanks,1,1,2025-07-01,morning,nitrite,1.29,mg/L
Fish Tank 1,Fish Tanks,1,1,2025-07-01,morning,ph,6.92,pH
Fish Tank 1,Fish Tanks,1,1,2025-07-01,morning,temperature,28.6,degC
Fish Tank 1,Fish Tanks,1,1,2025-07-02,morning,dissolved_oxygen,4.7,mg/L
Fish Tank 1,Fish Tanks,1,1,2025-07-02,morning,temperature,28.5,degC
Fish Tank 1,Fish Tanks,1,1,2025-07-03,morning,dissolved_oxygen,5.96,mg/L
Fish Tank 1,Fish Tanks,1,1,2025-07-03,morning,temperature,27.9,degC
Fish Tank 1,Fish Tanks,1,1,2025-07-04,morning,ammonia,4.1,mg/L
Fish Tank 1,Fish Tanks,1,1,2025-07-04,morning,dissolved_oxygen,6.22,mg/L
Fish Tank 1,Fish Tanks,1,1,2025-07-04,morning,nitrite,0.166,mg/L
Fish Tank 1,Fish Tanks,1,1,2025-07-04,morning,ph,7.38,pH
Fish Tank 1,Fish Tanks,1,1,2025-07-04,morning,temperature,28.1,degC
Fish Tank 1,Fish Tanks,1,1,2025-07-07,morning,dissolved_oxygen,5.78,mg/L
Fish Tank 1,Fish Tanks,1,1,2025-07-07,morning,temperature,29.0,degC
Fish Tank 1,Fish Tanks,2,2,2025-07-01,afternoon,dissolved_oxygen,2.42,mg/L
Fish Tank 1,Fish Tanks,2,2,2025-07-01,afternoon,temperature,30.6,degC
Fish Tank 1,Fish Tanks,2,2,2025-07-01,morning,dissolved_oxygen,3.08,mg/L
Fish Tank 1,Fish Tanks,2,2,2025-07-01,morning,temperature,28.6,degC
Fish Tank 1,Fish Tanks,2,2,2025-07-02,afternoon,dissolved_oxygen,3.1,mg/L
Fish Tank 1,Fish Tanks,2,2,2025-07-02,afternoon,temperature,31.5,degC
Fish Tank 1,Fish Tanks,2,2,2025-07-02,morning,dissolved_oxygen,3.96,mg/L
Fish Tank 1,Fish Tanks,2,2,2025-07-02,morning,temperature,28.6,degC
Fish Tank 1,Fish Tanks,2,2,2025-07-03,morning,dissolved_oxygen,5.79,mg/L
Fish Tank 1,Fish Tanks,2,2,2025-07-03,morning,temperature,27.8,degC
Fish Tank 1,Fish Tanks,2,2,2025-07-04,afternoon,dissolved_oxygen,3.98,mg/L
Fish Tank 1,Fish Tanks,2,2,2025-07-04,afternoon,temperature,29.7,degC
Fish Tank 1,Fish Tanks,2,2,2025-07-04,morning,dissolved_oxygen,6.04,mg/L
Fish Tank 1,Fish Tanks,2,2,2025-07-04,morning,temperature,27.9,degC
Fish Tank 1,Fish Tanks,2,2,2025-07-07,morning,dissolved_oxygen,5.49,mg/L
Fish Tank 1,Fish Tanks,2,2,2025-07-07,morning,temperature,29.0,degC
Fish Tank 1,Fish Tanks,5,5,2025-07-01,afternoon,dissolved_oxygen,3.84,mg/L
Fish Tank 1,Fish Tanks,5,5,2025-07-01,afternoon,temperature,29.7,degC
Fish Tank 1,Fish Tanks,5,5,2025-07-01,morning,dissolved_oxygen,4.51,mg/L
Fish Tank 1,Fish Tanks,5,5,2025-07-01,morning,temperature,28.3,degC
Fish Tank 1,Fish Tanks,5,5,2025-07-02,afternoon,dissolved_oxygen,4.31,mg/L
Fish Tank 1,Fish Tanks,5,5,2025-07-02,afternoon,temperature,31.3,degC
Fish Tank 1,Fish Tanks,5,5,2025-07-02,morning,dissolved_oxygen,5.33,mg/L
Fish Tank 1,Fish Tanks,5,5,2025-07-02,morning,temperature,28.3,degC
Fish Tank 1,Fish Tanks,5,5,2025-07-03,morning,dissolved_oxygen,5.48,mg/L
Fish Tank 1,Fish Tanks,5,5,2025-07-03,morning,temperature,27.9,degC
Fish Tank 1,Fish Tanks,5,5,2025-07-04,afternoon,dissolved_oxygen,3.95,mg/L
Fish Tank 1,Fish Tanks,5,5,2025-07-04,afternoon,temperature,29.4,degC
Fish Tank 1,Fish Tanks,5,5,2025-07-04,morning,dissolved_oxygen,5.89,mg/L
Fish Tank 1,Fish Tanks,5,5,2025-07-04,morning,temperature,27.9,degC
Fish Tank 1,Fish Tanks,5,5,2025-07-07,morning,ammonia,8.3,mg/L
Fish Tank 1,Fish Tanks,5,5,2025-07-07,morning,dissolved_oxygen,5.41,mg/L
Fish Tank 1,Fish Tanks,5,5,2025-07-07,morning,nitrate,5.5,mg/L
Fish Tank 1,Fish Tanks,5,5,2025-07-07,morning,nitrite,1.53,mg/L
Fish Tank 1,Fish Tanks,5,5,2025-07-07,morning,ph,7.74,pH
Fish Tank 1,Fish Tanks,5,5,2025-07-07,morning,temperature,28.8,degC
Fish Tank 1,Fish Tanks,7,7,2025-07-01,afternoon,dissolved_oxygen,3.51,mg/L
Fish Tank 1,Fish Tanks,7,7,2025-07-01,afternoon,temperature,29.6,degC
Fish Tank 1,Fish Tanks,7,7,2025-07-01,morning,dissolved_oxygen,3.71,mg/L
Fish Tank 1,Fish Tanks,7,7,2025-07-01,morning,temperature,28.2,degC
Fish Tank 1,Fish Tanks,7,7,2025-07-02,afternoon,dissolved_oxygen,3.52,mg/L
Fish Tank 1,Fish Tanks,7,7,2025-07-02,afternoon,temperature,31.3,degC
Fish Tank 1,Fish Tanks,7,7,2025-07-02,morning,dissolved_oxygen,5.0,mg/L
Fish Tank 1,Fish Tanks,7,7,2025-07-02,morning,temperature,28.3,degC
Fish Tank 1,Fish Tanks,7,7,2025-07-03,morning,dissolved_oxygen,5.27,mg/L
Fish Tank 1,Fish Tanks,7,7,2025-07-03,morning,temperature,28.0,degC
Fish Tank 1,Fish Tanks,7,7,2025-07-04,afternoon,dissolved_oxygen,3.96,mg/L
Fish Tank 1,Fish Tanks,7,7,2025-07-04,afternoon,temperature,29.4,degC
Fish Tank 1,Fish Tanks,7,7,2025-07-04,morning,dissolved_oxygen,5.34,mg/L
Fish Tank 1,Fish Tanks,7,7,2025-07-04,morning,temperature,28.0,degC
Fish Tank 1,Fish Tanks,7,7,2025-07-07,morning,dissolved_oxygen,5.04,mg/L
Fish Tank 1,Fish Tanks,7,7,2025-07-07,morning,temperature,28.7,degC
Fish Tank 1,Fish Tanks,8,8,2025-07-01,afternoon,dissolved_oxygen,3.34,mg/L
Fish Tank 1,Fish Tanks,8,8,2025-07-01,afternoon,temperature,31.2,degC
Fish Tank 1,Fish Tanks,8,8,2025-07-01,morning,ammonia,5.3,mg/L
Fish Tank 1,Fish Tanks,8,8,2025-07-01,morning,dissolved_oxygen,3.94,mg/L
Fish Tank 1,Fish Tanks,8,8,2025-07-01,morning,nitrate,8.1,mg/L
Fish Tank 1,Fish Tanks,8,8,2025-07-01,morning,nitrite,2.9,mg/L
Fish Tank 1,Fish Tanks,8,8,2025-07-01,morning,ph,6.77,pH
Fish Tank 1,Fish Tanks,8,8,2025-07-01,morning,temperature,28.4,degC
Fish Tank 1,Fish Tanks,8,8,2025-07-02,afternoon,dissolved_oxygen,3.55,mg/L
Fish Tank 1,Fish Tanks,8,8,2025-07-02,afternoon,temperature,31.3,degC
Fish Tank 1,Fish Tanks,8,8,2025-07-02,morning,dissolved_oxygen,5.19,mg/L
Fish Tank 1,Fish Tanks,8,8,2025-07-02,morning,temperature,28.2,degC
Fish Tank 1,Fish Tanks,8,8,2025-07-03,morning,dissolved_oxygen,5.06,mg/L
Fish Tank 1,Fish Tanks,8,8,2025-07-03,morning,temperature,28.0,degC
Fish Tank 1,Fish Tanks,8,8,2025-07-04,afternoon,dissolved_oxygen,3.29,mg/L
Fish Tank 1,Fish Tanks,8,8,2025-07-04,afternoon,temperature,29.4,degC
Fish Tank 1,Fish Tanks,8,8,2025-07-04,morning,ammonia,2.9,mg/L
Fish Tank 1,Fish Tanks,8,8,2025-07-04,morning,dissolved_oxygen,5.33,mg/L
Fish Tank 1,Fish Tanks,8,8,2025-07-04,morning,nitrate,2.4,mg/L
Fish Tank 1,Fish Tanks,8,8,2025-07-04,morning,nitrite,0.13,mg/L
Fish Tank 1,Fish Tanks,8,8,2025-07-04,morning,ph,7.23,pH
Fish Tank 1,Fish Tanks,8,8,2025-07-04,morning,temperature,28.0,degC
Fish Tank 1,Fish Tanks,8,8,2025-07-07,morning,dissolved_oxygen,4.59,mg/L
Fish Tank 1,Fish Tanks,8,8,2025-07-07,morning,temperature,28.8,degC
Fish Tank 1,Fish Tanks,9,9,2025-07-01,afternoon,dissolved_oxygen,4.06,mg/L
Fish Tank 1,Fish Tanks,9,9,2025-07-01,afternoon,temperature,29.7,degC
Fish Tank 1,Fish Tanks,9,9,2025-07-01,morning,dissolved_oxygen,4.45,mg/L
Fish Tank 1,Fish Tanks,9,9,2025-07-01,morning,temperature,28.2,degC
Fish Tank 1,Fish Tanks,9,9,2025-07-02,afternoon,dissolved_oxygen,3.88,mg/L
Fish Tank 1,Fish Tanks,9,9,2025-07-02,afternoon,temperature,31.3,degC
Fish Tank 1,Fish Tanks,9,9,2025-07-02,morning,dissolved_oxygen,5.66,mg/L
Fish Tank 1,Fish Tanks,9,9,2025-07-02,morning,temperature,28.3,degC
Fish Tank 1,Fish Tanks,9,9,2025-07-03,morning,dissolved_oxygen,5.42,mg/L
Fish Tank 1,Fish Tanks,9,9,2025-07-03,morning,temperature,28.0,degC
Fish Tank 1,Fish Tanks,9,9,2025-07-04,afternoon,dissolved_oxygen,4.05,mg/L
Fish Tank 1,Fish Tanks,9,9,2025-07-04,afternoon,temperature,29.4,degC
Fish Tank 1,Fish Tanks,9,9,2025-07-04,morning,dissolved_oxygen,5.95,mg/L
Fish Tank 1,Fish Tanks,9,9,2025-07-04,morning,temperature,27.9,degC
Fish Tank 1,Fish Tanks,9,9,2025-07-07,morning,dissolved_oxygen,5.61,mg/L
Fish Tank 1,Fish Tanks,9,9,2025-07-07,morning,temperature,28.7,degC
Fish Tank 1,Fish Tanks,10,10,2025-07-01,afternoon,dissolved_oxygen,2.81,mg/L
Fish Tank 1,Fish Tanks,10,10,2025-07-01,afternoon,temperature,29.6,degC
Fish Tank 1,Fish Tanks,10,10,2025-07-01,morning,dissolved_oxygen,3.69,mg/L
Fish Tank 1,Fish Tanks,10,10,2025-07-01,morning,temperature,28.3,degC
Fish Tank 1,Fish Tanks,10,10,2025-07-02,afternoon,dissolved_oxygen,3.86,mg/L
Fish Tank 1,Fish Tanks,10,10,2025-07-02,afternoon,temperature,31.4,degC
Fish Tank 1,Fish Tanks,10,10,2025-07-02,morning,dissolved_oxygen,4.34,mg/L
Fish Tank 1,Fish Tanks,10,10,2025-07-02,morning,temperature,28.5,degC
Fish Tank 1,Fish Tanks,10,10,2025-07-03,morning,dissolved_oxygen,5.11,mg/L
Fish Tank 1,Fish Tanks,10,10,2025-07-03,morning,temperature,28.1,degC
Fish Tank 1,Fish Tanks,10,10,2025-07-04,afternoon,dissolved_oxygen,3.0,mg/L
Fish Tank 1,Fish Tanks,10,10,2025-07-04,afternoon,temperature,29.5,degC
Fish Tank 1,Fish Tanks,10,10,2025-07-04,morning,dissolved_oxygen,5.38,mg/L
Fish Tank 1,Fish Tanks,10,10,2025-07-04,morning,temperature,28.1,degC
Fish Tank 1,Fish Tanks,10,10,2025-07-07,morning,ammonia,9.4,mg/L
Fish Tank 1,Fish Tanks,10,10,2025-07-07,morning,dissolved_oxygen,4.45,mg/L
Fish Tank 1,Fish Tanks,10,10,2025-07-07,morning,nitrate,9.0,mg/L
Fish Tank 1,Fish Tanks,10,10,2025-07-07,morning,nitrite,2.99,mg/L
Fish Tank 1,Fish Tanks,10,10,2025-07-07,morning,ph,7.34,pH
Fish Tank 1,Fish Tanks,10,10,2025-07-07,morning,temperature,28.9,degC
Fish Tank 1,Fish Tanks,11,11,2025-07-01,afternoon,dissolved_oxygen,2.87,mg/L
Fish Tank 1,Fish Tanks,11,11,2025-07-01,afternoon,temperature,30.0,degC
Fish Tank 1,Fish Tanks,11,11,2025-07-01,morning,dissolved_oxygen,3.76,mg/L
Fish Tank 1,Fish Tanks,11,11,2025-07-01,morning,temperature,28.5,degC
Fish Tank 1,Fish Tanks,11,11,2025-07-02,afternoon,dissolved_oxygen,3.21,mg/L
Fish Tank 1,Fish Tanks,11,11,2025-07-02,afternoon,temperature,31.5,degC
Fish Tank 1,Fish Tanks,11,11,2025-07-02,morning,dissolved_oxygen,4.35,mg/L
Fish Tank 1,Fish Tanks,11,11,2025-07-02,morning,temperature,28.6,degC
Fish Tank 1,Fish Tanks,11,11,2025-07-03,morning,dissolved_oxygen,5.08,mg/L
Fish Tank 1,Fish Tanks,11,11,2025-07-03,morning,temperature,28.1,degC
Fish Tank 1,Fish Tanks,11,11,2025-07-04,afternoon,dissolved_oxygen,3.23,mg/L
Fish Tank 1,Fish Tanks,11,11,2025-07-04,afternoon,temperature,29.6,degC
Fish Tank 1,Fish Tanks,11,11,2025-07-04,morning,dissolved_oxygen,5.64,mg/L
Fish Tank 1,Fish Tanks,11,11,2025-07-04,morning,temperature,28.2,degC
Fish Tank 1,Fish Tanks,11,11,2025-07-07,morning,dissolved_oxygen,4.87,mg/L
Fish Tank 1,Fish Tanks,11,11,2025-07-07,morning,temperature,29.0,degC
Fish Tank 1,Fish Tanks,12,12,2025-07-01,afternoon,dissolved_oxygen,3.28,mg/L
Fish Tank 1,Fish Tanks,12,12,2025-07-01,afternoon,temperature,30.8,degC
Fish Tank 1,Fish Tanks,12,12,2025-07-01,morning,dissolved_oxygen,4.18,mg/L
Fish Tank 1,Fish Tanks,12,12,2025-07-01,morning,temperature,28.5,degC
Fish Tank 1,Fish Tanks,12,12,2025-07-02,afternoon,dissolved_oxygen,3.45,mg/L
Fish Tank 1,Fish Tanks,12,12,2025-07-02,afternoon,temperature,31.4,degC
Fish Tank 1,Fish Tanks,12,12,2025-07-02,morning,dissolved_oxygen,4.32,mg/L
Fish Tank 1,Fish Tanks,12,12,2025-07-02,morning,temperature,28.6,degC
Fish Tank 1,Fish Tanks,12,12,2025-07-03,morning,dissolved_oxygen,5.28,mg/L
Fish Tank 1,Fish Tanks,12,12,2025-07-03,morning,temperature,28.1,degC
Fish Tank 1,Fish Tanks,12,12,2025-07-04,afternoon,dissolved_oxygen,2.92,mg/L
Fish Tank 1,Fish Tanks,12,12,2025-07-04,afternoon,temperature,30.1,degC
Fish Tank 1,Fish Tanks,12,12,2025-07-04,morning,dissolved_oxygen,5.87,mg/L
Fish Tank 1,Fish Tanks,12,12,2025-07-04,morning,temperature,28.1,degC
Fish Tank 1,Fish Tanks,12,12,2025-07-07,morning,dissolved_oxygen,5.27,mg/L
Fish Tank 1,Fish Tanks,12,12,2025-07-07,morning,temperature,29.1,degC
Fish Tank 1,Fish Tanks,13,13,2025-07-01,afternoon,dissolved_oxygen,3.68,mg/L
Fish Tank 1,Fish Tanks,13,13,2025-07-01,afternoon,temperature,30.8,degC
Fish Tank 1,Fish Tanks,13,13,2025-07-01,morning,dissolved_oxygen,4.5,mg/L
Fish Tank 1,Fish Tanks,13,13,2025-07-01,morning,temperature,28.5,degC
Fish Tank 1,Fish Tanks,13,13,2025-07-02,afternoon,dissolved_oxygen,3.84,mg/L
Fish Tank 1,Fish Tanks,13,13,2025-07-02,afternoon,temperature,31.5,degC
Fish Tank 1,Fish Tanks,13,13,2025-07-02,morning,dissolved_oxygen,4.52,mg/L
Fish Tank 1,Fish Tanks,13,13,2025-07-02,morning,temperature,28.5,degC
Fish Tank 1,Fish Tanks,13,13,2025-07-03,morning,dissolved_oxygen,5.68,mg/L
Fish Tank 1,Fish Tanks,13,13,2025-07-03,morning,temperature,28.1,degC
Fish Tank 1,Fish Tanks,13,13,2025-07-04,afternoon,dissolved_oxygen,3.43,mg/L
Fish Tank 1,Fish Tanks,13,13,2025-07-04,afternoon,temperature,30.2,degC
Fish Tank 1,Fish Tanks,13,13,2025-07-04,morning,dissolved_oxygen,6.03,mg/L
Fish Tank 1,Fish Tanks,13,13,2025-07-04,morning,temperature,28.1,degC
Fish Tank 1,Fish Tanks,13,13,2025-07-07,morning,ammonia,15.1,mg/L
Fish Tank 1,Fish Tanks,13,13,2025-07-07,morning,dissolved_oxygen,5.07,mg/L
Fish Tank 1,Fish Tanks,13,13,2025-07-07,morning,nitrate,5.0,mg/L
Fish Tank 1,Fish Tanks,13,13,2025-07-07,morning,nitrite,1.22,mg/L
Fish Tank 1,Fish Tanks,13,13,2025-07-07,morning,ph,7.33,pH
Fish Tank 1,Fish Tanks,13,13,2025-07-07,morning,temperature,29.1,degC
Fish Tank 1,Fish Tanks,14,14,2025-07-01,afternoon,dissolved_oxygen,4.07,mg/L
Fish Tank 1,Fish Tanks,14,14,2025-07-01,afternoon,temperature,30.8,degC
Fish Tank 1,Fish Tanks,14,14,2025-07-01,morning,ammonia,5.7,mg/L
Fish Tank 1,Fish Tanks,14,14,2025-07-01,morning,dissolved_oxygen,4.52,mg/L
Fish Tank 1,Fish Tanks,14,14,2025-07-01,morning,nitrate,8.2,mg/L
Fish Tank 1,Fish Tanks,14,14,2025-07-01,morning,nitrite,0.35,mg/L
Fish Tank 1,Fish Tanks,14,14,2025-07-01,morning,ph,6.78,pH
Fish Tank 1,Fish Tanks,14,14,2025-07-01,morning,temperature,28.7,degC
Fish Tank 1,Fish Tanks,14,14,2025-07-02,afternoon,dissolved_oxygen,3.6,mg/L
Fish Tank 1,Fish Tanks,14,14,2025-07-02,afternoon,temperature,31.7,degC
Fish Tank 1,Fish Tanks,14,14,2025-07-02,morning,dissolved_oxygen,5.47,mg/L
Fish Tank 1,Fish Tanks,14,14,2025-07-02,morning,temperature,28.3,degC
Fish Tank 1,Fish Tanks,14,14,2025-07-03,morning,dissolved_oxygen,5.55,mg/L
Fish Tank 1,Fish Tanks,14,14,2025-07-03,morning,temperature,28.0,degC
Fish Tank 1,Fish Tanks,14,14,2025-07-04,afternoon,dissolved_oxygen,3.83,mg/L
Fish Tank 1,Fish Tanks,14,14,2025-07-04,afternoon,temperature,30.7,degC
Fish Tank 1,Fish Tanks,14,14,2025-07-04,morning,ammonia,3.7,mg/L
Fish Tank 1,Fish Tanks,14,14,2025-07-04,morning,dissolved_oxygen,5.74,mg/L
Fish Tank 1,Fish Tanks,14,14,2025-07-04,morning,nitrate,3.3,mg/L
Fish Tank 1,Fish Tanks,14,14,2025-07-04,morning,nitrite,0.211,mg/L
Fish Tank 1,Fish Tanks,14,14,2025-07-04,morning,ph,7.08,pH
Fish Tank 1,Fish Tanks,14,14,2025-07-04,morning,temperature,28.1,degC
Fish Tank 1,Fish Tanks,14,14,2025-07-07,morning,dissolved_oxygen,5.2,mg/L
Fish Tank 1,Fish Tanks,14,14,2025-07-07,morning,temperature,29.2,degC
Fish Tank 1,Fish Tanks,15,15,2025-07-01,afternoon,dissolved_oxygen,4.37,mg/L
Fish Tank 1,Fish Tanks,15,15,2025-07-01,afternoon,temperature,31.2,degC
Fish Tank 1,Fish Tanks,15,15,2025-07-01,morning,dissolved_oxygen,4.79,mg/L
Fish Tank 1,Fish Tanks,15,15,2025-07-01,morning,temperature,28.8,degC
Fish Tank 1,Fish Tanks,15,15,2025-07-02,afternoon,dissolved_oxygen,4.24,mg/L
Fish Tank 1,Fish Tanks,15,15,2025-07-02,afternoon,temperature,31.6,degC
Fish Tank 1,Fish Tanks,15,15,2025-07-02,morning,dissolved_oxygen,4.77,mg/L
Fish Tank 1,Fish Tanks,15,15,2025-07-02,morning,temperature,28.3,degC
Fish Tank 1,Fish Tanks,15,15,2025-07-03,morning,dissolved_oxygen,5.93,mg/L
Fish Tank 1,Fish Tanks,15,15,2025-07-03,morning,temperature,27.9,degC
Fish Tank 1,Fish Tanks,15,15,2025-07-04,afternoon,dissolved_oxygen,4.22,mg/L
Fish Tank 1,Fish Tanks,15,15,2025-07-04,afternoon,temperature,30.8,degC
Fish Tank 1,Fish Tanks,15,15,2025-07-04,morning,dissolved_oxygen,5.96,mg/L
Fish Tank 1,Fish Tanks,15,15,2025-07-04,morning,temperature,28.1,degC
Fish Tank 1,Fish Tanks,15,15,2025-07-07,morning,dissolved_oxygen,5.22,mg/L
Fish Tank 1,Fish Tanks,15,15,2025-07-07,morning,temperature,29.3,degC
Fish Tank 1,Fish Tanks,16,16,2025-07-01,afternoon,dissolved_oxygen,3.7,mg/L
Fish Tank 1,Fish Tanks,16,16,2025-07-01,afternoon,temperature,29.8,degC
Fish Tank 1,Fish Tanks,16,16,2025-07-01,morning,dissolved_oxygen,3.73,mg/L
Fish Tank 1,Fish Tanks,16,16,2025-07-01,morning,temperature,28.8,degC
Fish Tank 1,Fish Tanks,16,16,2025-07-02,afternoon,dissolved_oxygen,3.08,mg/L
Fish Tank 1,Fish Tanks,16,16,2025-07-02,afternoon,temperature,31.8,degC
Fish Tank 1,Fish Tanks,16,16,2025-07-02,morning,dissolved_oxygen,4.72,mg/L
Fish Tank 1,Fish Tanks,16,16,2025-07-02,morning,temperature,28.3,degC
Fish Tank 1,Fish Tanks,16,16,2025-07-03,morning,dissolved_oxygen,5.27,mg/L
Fish Tank 1,Fish Tanks,16,16,2025-07-03,morning,temperature,28.1,degC
Fish Tank 1,Fish Tanks,16,16,2025-07-04,afternoon,dissolved_oxygen,3.06,mg/L
Fish Tank 1,Fish Tanks,16,16,2025-07-04,afternoon,temperature,30.9,degC
Fish Tank 1,Fish Tanks,16,16,2025-07-04,morning,dissolved_oxygen,5.24,mg/L
Fish Tank 1,Fish Tanks,16,16,2025-07-04,morning,temperature,28.2,degC
Fish Tank 1,Fish Tanks,16,16,2025-07-07,morning,dissolved_oxygen,5.02,mg/L
Fish Tank 1,Fish Tanks,16,16,2025-07-07,morning,temperature,29.5,degC
Fish Tank 1,Fish Tanks,17,17,2025-07-01,afternoon,dissolved_oxygen,2.43,mg/L
Fish Tank 1,Fish Tanks,17,17,2025-07-01,afternoon,temperature,31.4,degC
Fish Tank 1,Fish Tanks,17,17,2025-07-01,morning,dissolved_oxygen,3.05,mg/L
Fish Tank 1,Fish Tanks,17,17,2025-07-01,morning,temperature,29.1,degC
Fish Tank 1,Fish Tanks,17,17,2025-07-02,afternoon,dissolved_oxygen,3.12,mg/L
Fish Tank 1,Fish Tanks,17,17,2025-07-02,afternoon,temperature,31.8,degC
Fish Tank 1,Fish Tanks,17,17,2025-07-02,morning,dissolved_oxygen,5.67,mg/L
Fish Tank 1,Fish Tanks,17,17,2025-07-02,morning,temperature,28.1,degC
Fish Tank 1,Fish Tanks,17,17,2025-07-03,morning,dissolved_oxygen,4.57,mg/L
Fish Tank 1,Fish Tanks,17,17,2025-07-03,morning,temperature,28.2,degC
Fish Tank 1,Fish Tanks,17,17,2025-07-04,afternoon,dissolved_oxygen,2.72,mg/L
Fish Tank 1,Fish Tanks,17,17,2025-07-04,afternoon,temperature,31.1,degC
Fish Tank 1,Fish Tanks,17,17,2025-07-04,morning,dissolved_oxygen,5.06,mg/L
Fish Tank 1,Fish Tanks,17,17,2025-07-04,morning,temperature,28.4,degC
Fish Tank 1,Fish Tanks,17,17,2025-07-07,morning,ammonia,10.7,mg/L
Fish Tank 1,Fish Tanks,17,17,2025-07-07,morning,dissolved_oxygen,4.46,mg/L
Fish Tank 1,Fish Tanks,17,17,2025-07-07,morning,nitrate,3.6,mg/L
Fish Tank 1,Fish Tanks,17,17,2025-07-07,morning,nitrite,0.74,mg/L
Fish Tank 1,Fish Tanks,17,17,2025-07-07,morning,ph,7.29,pH
Fish Tank 1,Fish Tanks,17,17,2025-07-07,morning,temperature,29.7,degC
Fish Tank 1,Fish Tanks,18,18,2025-07-01,afternoon,dissolved_oxygen,3.98,mg/L
Fish Tank 1,Fish Tanks,18,18,2025-07-01,afternoon,temperature,31.3,degC
Fish Tank 1,Fish Tanks,18,18,2025-07-01,morning,ammonia,5.8,mg/L
Fish Tank 1,Fish Tanks,18,18,2025-07-01,morning,dissolved_oxygen,4.88,mg/L
Fish Tank 1,Fish Tanks,18,18,2025-07-01,morning,nitrate,3.8,mg/L
Fish Tank 1,Fish Tanks,18,18,2025-07-01,morning,nitrite,0.25,mg/L
Fish Tank 1,Fish Tanks,18,18,2025-07-01,morning,ph,6.85,pH
Fish Tank 1,Fish Tanks,18,18,2025-07-01,morning,temperature,29.0,degC
Fish Tank 1,Fish Tanks,18,18,2025-07-02,afternoon,dissolved_oxygen,4.04,mg/L
Fish Tank 1,Fish Tanks,18,18,2025-07-02,afternoon,temperature,31.8,degC
Fish Tank 1,Fish Tanks,18,18,2025-07-02,morning,dissolved_oxygen,5.32,mg/L
Fish Tank 1,Fish Tanks,18,18,2025-07-02,morning,temperature,28.3,degC
Fish Tank 1,Fish Tanks,18,18,2025-07-03,morning,dissolved_oxygen,5.78,mg/L
Fish Tank 1,Fish Tanks,18,18,2025-07-03,morning,temperature,28.1,degC
Fish Tank 1,Fish Tanks,18,18,2025-07-04,afternoon,dissolved_oxygen,3.8,mg/L
Fish Tank 1,Fish Tanks,18,18,2025-07-04,afternoon,temperature,31.0,degC
Fish Tank 1,Fish Tanks,18,18,2025-07-04,morning,ammonia,3.8,mg/L
Fish Tank 1,Fish Tanks,18,18,2025-07-04,morning,dissolved_oxygen,6.33,mg/L
Fish Tank 1,Fish Tanks,18,18,2025-07-04,morning,nitrate,2.6,mg/L
Fish Tank 1,Fish Tanks,18,18,2025-07-04,morning,nitrite,0.156,mg/L
Fish Tank 1,Fish Tanks,18,18,2025-07-04,morning,ph,7.06,pH
Fish Tank 1,Fish Tanks,18,18,2025-07-04,morning,temperature,28.2,degC
Fish Tank 1,Fish Tanks,18,18,2025-07-07,morning,dissolved_oxygen,5.38,mg/L
Fish Tank 1,Fish Tanks,18,18,2025-07-07,morning,temperature,29.5,degC
Fish Tank 1,Fish Tanks,19,19,2025-07-01,afternoon,dissolved_oxygen,3.13,mg/L
Fish Tank 1,Fish Tanks,19,19,2025-07-01,afternoon,temperature,31.4,degC
Fish Tank 1,Fish Tanks,19,19,2025-07-01,morning,dissolved_oxygen,3.86,mg/L
Fish Tank 1,Fish Tanks,19,19,2025-07-01,morning,temperature,29.0,degC
Fish Tank 1,Fish Tanks,19,19,2025-07-02,afternoon,dissolved_oxygen,3.51,mg/L
Fish Tank 1,Fish Tanks,19,19,2025-07-02,afternoon,temperature,30.8,degC
Fish Tank 1,Fish Tanks,19,19,2025-07-02,morning,dissolved_oxygen,5.12,mg/L
Fish Tank 1,Fish Tanks,19,19,2025-07-02,morning,temperature,28.0,degC
Fish Tank 1,Fish Tanks,19,19,2025-07-03,morning,dissolved_oxygen,5.12,mg/L
Fish Tank 1,Fish Tanks,19,19,2025-07-03,morning,temperature,28.1,degC
Fish Tank 1,Fish Tanks,19,19,2025-07-04,afternoon,dissolved_oxygen,2.89,mg/L
Fish Tank 1,Fish Tanks,19,19,2025-07-04,afternoon,temperature,31.0,degC
Fish Tank 1,Fish Tanks,19,19,2025-07-04,morning,dissolved_oxygen,5.43,mg/L
Fish Tank 1,Fish Tanks,19,19,2025-07-04,morning,temperature,28.3,degC
Fish Tank 1,Fish Tanks,19,19,2025-07-07,morning,dissolved_oxygen,5.11,mg/L
Fish Tank 1,Fish Tanks,19,19,2025-07-07,morning,temperature,29.5,degC
Fish Tank 1,Fish Tanks,20,20,2025-07-01,afternoon,dissolved_oxygen,4.02,mg/L
Fish Tank 1,Fish Tanks,20,20,2025-07-01,afternoon,temperature,31.3,degC
Fish Tank 1,Fish Tanks,20,20,2025-07-01,morning,ammonia,8.4,mg/L
Fish Tank 1,Fish Tanks,20,20,2025-07-01,morning,dissolved_oxygen,4.74,mg/L
Fish Tank 1,Fish Tanks,20,20,2025-07-01,morning,nitrate,2.3,mg/L
Fish Tank 1,Fish Tanks,20,20,2025-07-01,morning,nitrite,0.257,mg/L
Fish Tank 1,Fish Tanks,20,20,2025-07-01,morning,ph,6.95,pH
Fish Tank 1,Fish Tanks,20,20,2025-07-01,morning,temperature,28.9,degC
Fish Tank 1,Fish Tanks,20,20,2025-07-02,afternoon,dissolved_oxygen,3.96,mg/L
Fish Tank 1,Fish Tanks,20,20,2025-07-02,afternoon,temperature,31.8,degC
Fish Tank 1,Fish Tanks,20,20,2025-07-02,morning,dissolved_oxygen,4.19,mg/L
Fish Tank 1,Fish Tanks,20,20,2025-07-02,morning,temperature,28.4,degC
Fish Tank 1,Fish Tanks,20,20,2025-07-03,morning,dissolved_oxygen,5.4,mg/L
Fish Tank 1,Fish Tanks,20,20,2025-07-03,morning,temperature,28.0,degC
Fish Tank 1,Fish Tanks,20,20,2025-07-04,afternoon,dissolved_oxygen,4.08,mg/L
Fish Tank 1,Fish Tanks,20,20,2025-07-04,afternoon,temperature,31.0,degC
Fish Tank 1,Fish Tanks,20,20,2025-07-04,morning,ammonia,4.2,mg/L
Fish Tank 1,Fish Tanks,20,20,2025-07-04,morning,dissolved_oxygen,6.15,mg/L
Fish Tank 1,Fish Tanks,20,20,2025-07-04,morning,nitrate,2.1,mg/L
Fish Tank 1,Fish Tanks,20,20,2025-07-04,morning,nitrite,0.098,mg/L
Fish Tank 1,Fish Tanks,20,20,2025-07-04,morning,ph,7.06,pH
Fish Tank 1,Fish Tanks,20,20,2025-07-04,morning,temperature,28.2,degC
Fish Tank 1,Fish Tanks,20,20,2025-07-07,morning,dissolved_oxygen,5.53,mg/L
Fish Tank 1,Fish Tanks,20,20,2025-07-07,morning,temperature,29.4,degC
Fish Tank 1,Fish Tanks,21,21,2025-07-01,afternoon,dissolved_oxygen,3.97,mg/L
Fish Tank 1,Fish Tanks,21,21,2025-07-01,afternoon,temperature,31.4,degC
Fish Tank 1,Fish Tanks,21,21,2025-07-01,morning,dissolved_oxygen,4.43,mg/L
Fish Tank 1,Fish Tanks,21,21,2025-07-01,morning,temperature,29.0,degC
Fish Tank 1,Fish Tanks,21,21,2025-07-02,afternoon,dissolved_oxygen,4.14,mg/L
Fish Tank 1,Fish Tanks,21,21,2025-07-02,afternoon,temperature,31.9,degC
Fish Tank 1,Fish Tanks,21,21,2025-07-02,morning,dissolved_oxygen,3.91,mg/L
Fish Tank 1,Fish Tanks,21,21,2025-07-02,morning,temperature,28.6,degC
Fish Tank 1,Fish Tanks,21,21,2025-07-03,morning,dissolved_oxygen,5.4,mg/L
Fish Tank 1,Fish Tanks,21,21,2025-07-03,morning,temperature,28.1,degC
Fish Tank 1,Fish Tanks,21,21,2025-07-04,afternoon,dissolved_oxygen,4.31,mg/L
Fish Tank 1,Fish Tanks,21,21,2025-07-04,afternoon,temperature,31.2,degC
Fish Tank 1,Fish Tanks,21,21,2025-07-04,morning,dissolved_oxygen,5.95,mg/L
Fish Tank 1,Fish Tanks,21,21,2025-07-04,morning,temperature,28.3,degC
Fish Tank 1,Fish Tanks,21,21,2025-07-07,morning,dissolved_oxygen,5.42,mg/L
Fish Tank 1,Fish Tanks,21,21,2025-07-07,morning,nitrate,3.4,mg/L
Fish Tank 1,Fish Tanks,21,21,2025-07-07,morning,nitrite,0.94,mg/L
Fish Tank 1,Fish Tanks,21,21,2025-07-07,morning,ph,7.29,pH
Fish Tank 1,Fish Tanks,21,21,2025-07-07,morning,temperature,29.6,degC
Fish Tank 1,Fish Tanks,22,22,2025-07-01,afternoon,dissolved_oxygen,3.64,mg/L
Fish Tank 1,Fish Tanks,22,22,2025-07-01,afternoon,temperature,31.7,degC
Fish Tank 1,Fish Tanks,22,22,2025-07-01,morning,dissolved_oxygen,4.1,mg/L
Fish Tank 1,Fish Tanks,22,22,2025-07-01,morning,temperature,29.1,degC
Fish Tank 1,Fish Tanks,22,22,2025-07-02,afternoon,dissolved_oxygen,3.49,mg/L
Fish Tank 1,Fish Tanks,22,22,2025-07-02,afternoon,temperature,31.9,degC
Fish Tank 1,Fish Tanks,22,22,2025-07-02,morning,dissolved_oxygen,3.99,mg/L
Fish Tank 1,Fish Tanks,22,22,2025-07-02,morning,temperature,28.7,degC
Fish Tank 1,Fish Tanks,22,22,2025-07-03,morning,dissolved_oxygen,4.84,mg/L
Fish Tank 1,Fish Tanks,22,22,2025-07-03,morning,temperature,28.1,degC
Fish Tank 1,Fish Tanks,22,22,2025-07-04,afternoon,dissolved_oxygen,3.18,mg/L
Fish Tank 1,Fish Tanks,22,22,2025-07-04,afternoon,temperature,31.4,degC
Fish Tank 1,Fish Tanks,22,22,2025-07-04,morning,dissolved_oxygen,5.43,mg/L
Fish Tank 1,Fish Tanks,22,22,2025-07-04,morning,temperature,28.4,degC
Fish Tank 1,Fish Tanks,22,22,2025-07-07,morning,dissolved_oxygen,4.52,mg/L
Fish Tank 1,Fish Tanks,22,22,2025-07-07,morning,temperature,29.7,degC
Fish Tank 1,Fish Tanks,23,23,2025-07-01,afternoon,dissolved_oxygen,3.87,mg/L
Fish Tank 1,Fish Tanks,23,23,2025-07-01,afternoon,temperature,31.8,degC
Fish Tank 1,Fish Tanks,23,23,2025-07-01,morning,ammonia,7.0,mg/L
Fish Tank 1,Fish Tanks,23,23,2025-07-01,morning,dissolved_oxygen,4.17,mg/L
Fish Tank 1,Fish Tanks,23,23,2025-07-01,morning,nitrate,3.5,mg/L
Fish Tank 1,Fish Tanks,23,23,2025-07-01,morning,nitrite,0.36,mg/L
Fish Tank 1,Fish Tanks,23,23,2025-07-01,morning,ph,6.88,pH
Fish Tank 1,Fish Tanks,23,23,2025-07-01,morning,temperature,29.2,degC
Fish Tank 1,Fish Tanks,23,23,2025-07-02,afternoon,dissolved_oxygen,3.84,mg/L
Fish Tank 1,Fish Tanks,23,23,2025-07-02,afternoon,temperature,32.0,degC
Fish Tank 1,Fish Tanks,23,23,2025-07-02,morning,dissolved_oxygen,5.93,mg/L
Fish Tank 1,Fish Tanks,23,23,2025-07-02,morning,temperature,28.6,degC
Fish Tank 1,Fish Tanks,23,23,2025-07-03,morning,dissolved_oxygen,5.48,mg/L
Fish Tank 1,Fish Tanks,23,23,2025-07-03,morning,temperature,28.2,degC
Fish Tank 1,Fish Tanks,23,23,2025-07-04,afternoon,dissolved_oxygen,4.04,mg/L
Fish Tank 1,Fish Tanks,23,23,2025-07-04,afternoon,temperature,31.5,degC
Fish Tank 1,Fish Tanks,23,23,2025-07-04,morning,ammonia,4.0,mg/L
Fish Tank 1,Fish Tanks,23,23,2025-07-04,morning,dissolved_oxygen,5.69,mg/L
Fish Tank 1,Fish Tanks,23,23,2025-07-04,morning,nitrate,2.4,mg/L
Fish Tank 1,Fish Tanks,23,23,2025-07-04,morning,nitrite,0.206,mg/L
Fish Tank 1,Fish Tanks,23,23,2025-07-04,morning,ph,6.98,pH
Fish Tank 1,Fish Tanks,23,23,2025-07-04,morning,temperature,28.5,degC
Fish Tank 1,Fish Tanks,23,23,2025-07-07,morning,dissolved_oxygen,5.27,mg/L
Fish Tank 1,Fish Tanks,23,23,2025-07-07,morning,temperature,29.8,degC
Fish Tank 1,Fish Tanks,24,24,2025-07-01,afternoon,dissolved_oxygen,2.81,mg/L
Fish Tank 1,Fish Tanks,24,24,2025-07-01,afternoon,temperature,31.7,degC
Fish Tank 1,Fish Tanks,24,24,2025-07-01,morning,dissolved_oxygen,3.13,mg/L
Fish Tank 1,Fish Tanks,24,24,2025-07-01,morning,temperature,29.0,degC
Fish Tank 1,Fish Tanks,24,24,2025-07-02,afternoon,dissolved_oxygen,3.23,mg/L
Fish Tank 1,Fish Tanks,24,24,2025-07-02,afternoon,temperature,31.9,degC
Fish Tank 1,Fish Tanks,24,24,2025-07-02,morning,dissolved_oxygen,5.32,mg/L
Fish Tank 1,Fish Tanks,24,24,2025-07-02,morning,temperature,28.9,degC
Fish Tank 1,Fish Tanks,24,24,2025-07-03,morning,dissolved_oxygen,4.68,mg/L
Fish Tank 1,Fish Tanks,24,24,2025-07-03,morning,temperature,28.1,degC
Fish Tank 1,Fish Tanks,24,24,2025-07-04,afternoon,dissolved_oxygen,2.84,mg/L
Fish Tank 1,Fish Tanks,24,24,2025-07-04,afternoon,temperature,31.1,degC
Fish Tank 1,Fish Tanks,24,24,2025-07-04,morning,dissolved_oxygen,4.95,mg/L
Fish Tank 1,Fish Tanks,24,24,2025-07-04,morning,temperature,28.3,degC
Fish Tank 1,Fish Tanks,24,24,2025-07-07,morning,ammonia,10.9,mg/L
Fish Tank 1,Fish Tanks,24,24,2025-07-07,morning,dissolved_oxygen,4.74,mg/L
Fish Tank 1,Fish Tanks,24,24,2025-07-07,morning,nitrate,5.2,mg/L
Fish Tank 1,Fish Tanks,24,24,2025-07-07,morning,nitrite,0.88,mg/L
Fish Tank 1,Fish Tanks,24,24,2025-07-07,morning,ph,7.38,pH
Fish Tank 1,Fish Tanks,24,24,2025-07-07,morning,temperature,29.7,degC
Fish Tank 2,Fish Tanks,26,26,2025-07-01,afternoon,dissolved_oxygen,4.87,mg/L
Fish Tank 2,Fish Tanks,26,26,2025-07-01,afternoon,temperature,32.6,degC
Fish Tank 2,Fish Tanks,26,26,2025-07-02,afternoon,dissolved_oxygen,4.39,mg/L
Fish Tank 2,Fish Tanks,26,26,2025-07-02,afternoon,temperature,30.8,degC
Fish Tank 2,Fish Tanks,26,26,2025-07-02,morning,dissolved_oxygen,5.82,mg/L
Fish Tank 2,Fish Tanks,26,26,2025-07-02,morning,temperature,29.2,degC
Fish Tank 2,Fish Tanks,26,26,2025-07-03,morning,dissolved_oxygen,5.95,mg/L
Fish Tank 2,Fish Tanks,26,26,2025-07-03,morning,temperature,27.4,degC
Fish Tank 2,Fish Tanks,26,26,2025-07-04,afternoon,dissolved_oxygen,4.79,mg/L
Fish Tank 2,Fish Tanks,26,26,2025-07-04,afternoon,temperature,31.5,degC
Fish Tank 2,Fish Tanks,26,26,2025-07-04,morning,dissolved_oxygen,6.22,mg/L
Fish Tank 2,Fish Tanks,26,26,2025-07-04,morning,temperature,28.2,degC
Fish Tank 2,Fish Tanks,26,26,2025-07-07,morning,dissolved_oxygen,6.3,mg/L
Fish Tank 2,Fish Tanks,26,26,2025-07-07,morning,temperature,29.6,degC
Fish Tank 2,Fish Tanks,27,27,2025-07-01,afternoon,dissolved_oxygen,5.2,mg/L
Fish Tank 2,Fish Tanks,27,27,2025-07-01,afternoon,temperature,33.1,degC
Fish Tank 2,Fish Tanks,27,27,2025-07-02,afternoon,dissolved_oxygen,4.23,mg/L
Fish Tank 2,Fish Tanks,27,27,2025-07-02,afternoon,temperature,31.1,degC
Fish Tank 2,Fish Tanks,27,27,2025-07-02,morning,dissolved_oxygen,6.05,mg/L
Fish Tank 2,Fish Tanks,27,27,2025-07-02,morning,temperature,29.1,degC
Fish Tank 2,Fish Tanks,27,27,2025-07-03,morning,dissolved_oxygen,5.83,mg/L
Fish Tank 2,Fish Tanks,27,27,2025-07-03,morning,temperature,27.7,degC
Fish Tank 2,Fish Tanks,27,27,2025-07-04,afternoon,dissolved_oxygen,4.05,mg/L
Fish Tank 2,Fish Tanks,27,27,2025-07-04,afternoon,temperature,31.8,degC
Fish Tank 2,Fish Tanks,27,27,2025-07-04,morning,dissolved_oxygen,6.07,mg/L
Fish Tank 2,Fish Tanks,27,27,2025-07-04,morning,temperature,28.4,degC
Fish Tank 2,Fish Tanks,27,27,2025-07-07,morning,dissolved_oxygen,6.08,mg/L
Fish Tank 2,Fish Tanks,27,27,2025-07-07,morning,temperature,29.8,degC
Fish Tank 2,Fish Tanks,28,28,2025-07-01,afternoon,dissolved_oxygen,5.25,mg/L
Fish Tank 2,Fish Tanks,28,28,2025-07-01,afternoon,temperature,33.1,degC
Fish Tank 2,Fish Tanks,28,28,2025-07-01,morning,ammonia,9.6,mg/L
Fish Tank 2,Fish Tanks,28,28,2025-07-01,morning,nitrate,15.4,mg/L
Fish Tank 2,Fish Tanks,28,28,2025-07-01,morning,nitrite,3.1,mg/L
Fish Tank 2,Fish Tanks,28,28,2025-07-01,morning,ph,6.85,pH
Fish Tank 2,Fish Tanks,28,28,2025-07-02,afternoon,dissolved_oxygen,4.85,mg/L
Fish Tank 2,Fish Tanks,28,28,2025-07-02,afternoon,temperature,31.0,degC
Fish Tank 2,Fish Tanks,28,28,2025-07-02,morning,dissolved_oxygen,5.8,mg/L
Fish Tank 2,Fish Tanks,28,28,2025-07-02,morning,temperature,29.5,degC
Fish Tank 2,Fish Tanks,28,28,2025-07-03,morning,dissolved_oxygen,6.18,mg/L
Fish Tank 2,Fish Tanks,28,28,2025-07-03,morning,temperature,27.7,degC
Fish Tank 2,Fish Tanks,28,28,2025-07-04,afternoon,dissolved_oxygen,4.8,mg/L
Fish Tank 2,Fish Tanks,28,28,2025-07-04,afternoon,temperature,31.8,degC
Fish Tank 2,Fish Tanks,28,28,2025-07-04,morning,ammonia,5.0,mg/L
Fish Tank 2,Fish Tanks,28,28,2025-07-04,morning,dissolved_oxygen,6.2,mg/L
Fish Tank 2,Fish Tanks,28,28,2025-07-04,morning,nitrate,2.7,mg/L
Fish Tank 2,Fish Tanks,28,28,2025-07-04,morning,nitrite,0.269,mg/L
Fish Tank 2,Fish Tanks,28,28,2025-07-04,morning,ph,6.98,pH
Fish Tank 2,Fish Tanks,28,28,2025-07-04,morning,temperature,28.3,degC
Fish Tank 2,Fish Tanks,28,28,2025-07-07,morning,dissolved_oxygen,6.12,mg/L
Fish Tank 2,Fish Tanks,28,28,2025-07-07,morning,temperature,29.9,degC
Fish Tank 2,Fish Tanks,29,29,2025-07-01,afternoon,dissolved_oxygen,5.36,mg/L
Fish Tank 2,Fish Tanks,29,29,2025-07-01,afternoon,temperature,32.8,degC
Fish Tank 2,Fish Tanks,29,29,2025-07-02,afternoon,dissolved_oxygen,4.67,mg/L
Fish Tank 2,Fish Tanks,29,29,2025-07-02,afternoon,temperature,30.8,degC
Fish Tank 2,Fish Tanks,29,29,2025-07-02,morning,dissolved_oxygen,6.32,mg/L
Fish Tank 2,Fish Tanks,29,29,2025-07-02,morning,temperature,29.3,degC
Fish Tank 2,Fish Tanks,29,29,2025-07-03,morning,dissolved_oxygen,6.08,mg/L
Fish Tank 2,Fish Tanks,29,29,2025-07-03,morning,temperature,27.8,degC
Fish Tank 2,Fish Tanks,29,29,2025-07-04,afternoon,dissolved_oxygen,4.36,mg/L
Fish Tank 2,Fish Tanks,29,29,2025-07-04,afternoon,temperature,31.5,degC
Fish Tank 2,Fish Tanks,29,29,2025-07-04,morning,dissolved_oxygen,6.16,mg/L
Fish Tank 2,Fish Tanks,29,29,2025-07-04,morning,temperature,28.3,degC
Fish Tank 2,Fish Tanks,29,29,2025-07-07,morning,ammonia,10.3,mg/L
Fish Tank 2,Fish Tanks,29,29,2025-07-07,morning,dissolved_oxygen,6.13,mg/L
Fish Tank 2,Fish Tanks,29,29,2025-07-07,morning,nitrate,5.0,mg/L
Fish Tank 2,Fish Tanks,29,29,2025-07-07,morning,nitrite,1.22,mg/L
Fish Tank 2,Fish Tanks,29,29,2025-07-07,morning,ph,7.32,pH
Fish Tank 2,Fish Tanks,29,29,2025-07-07,morning,temperature,29.7,degC
Fish Tank 2,Fish Tanks,30,30,2025-07-01,afternoon,dissolved_oxygen,5.11,mg/L
Fish Tank 2,Fish Tanks,30,30,2025-07-01,afternoon,temperature,32.6,degC
Fish Tank 2,Fish Tanks,30,30,2025-07-01,morning,dissolved_oxygen,5.03,mg/L
Fish Tank 2,Fish Tanks,30,30,2025-07-01,morning,temperature,29.3,degC
Fish Tank 2,Fish Tanks,30,30,2025-07-02,afternoon,dissolved_oxygen,4.59,mg/L
Fish Tank 2,Fish Tanks,30,30,2025-07-02,afternoon,temperature,30.8,degC
Fish Tank 2,Fish Tanks,30,30,2025-07-02,morning,dissolved_oxygen,5.82,mg/L
Fish Tank 2,Fish Tanks,30,30,2025-07-02,morning,temperature,29.5,degC
Fish Tank 2,Fish Tanks,30,30,2025-07-03,morning,dissolved_oxygen,5.81,mg/L
Fish Tank 2,Fish Tanks,30,30,2025-07-03,morning,temperature,27.9,degC
Fish Tank 2,Fish Tanks,30,30,2025-07-04,afternoon,dissolved_oxygen,4.29,mg/L
Fish Tank 2,Fish Tanks,30,30,2025-07-04,afternoon,temperature,31.4,degC
Fish Tank 2,Fish Tanks,30,30,2025-07-04,morning,dissolved_oxygen,5.94,mg/L
Fish Tank 2,Fish Tanks,30,30,2025-07-04,morning,temperature,28.4,degC
Fish Tank 2,Fish Tanks,30,30,2025-07-07,morning,dissolved_oxygen,5.85,mg/L
Fish Tank 2,Fish Tanks,30,30,2025-07-07,morning,temperature,29.7,degC
Fish Tank 2,Fish Tanks,31,31,2025-07-01,afternoon,dissolved_oxygen,5.19,mg/L
Fish Tank 2,Fish Tanks,31,31,2025-07-01,afternoon,temperature,32.6,degC
Fish Tank 2,Fish Tanks,31,31,2025-07-01,morning,dissolved_oxygen,4.96,mg/L
Fish Tank 2,Fish Tanks,31,31,2025-07-01,morning,temperature,29.3,degC
Fish Tank 2,Fish Tanks,31,31,2025-07-02,afternoon,dissolved_oxygen,4.93,mg/L
Fish Tank 2,Fish Tanks,31,31,2025-07-02,afternoon,temperature,30.8,degC
Fish Tank 2,Fish Tanks,31,31,2025-07-02,morning,dissolved_oxygen,6.25,mg/L
Fish Tank 2,Fish Tanks,31,31,2025-07-02,morning,temperature,29.2,degC
Fish Tank 2,Fish Tanks,31,31,2025-07-03,morning,dissolved_oxygen,5.76,mg/L
Fish Tank 2,Fish Tanks,31,31,2025-07-03,morning,temperature,27.9,degC
Fish Tank 2,Fish Tanks,31,31,2025-07-04,afternoon,dissolved_oxygen,4.16,mg/L
Fish Tank 2,Fish Tanks,31,31,2025-07-04,afternoon,temperature,31.5,degC
Fish Tank 2,Fish Tanks,31,31,2025-07-04,morning,dissolved_oxygen,6.07,mg/L
Fish Tank 2,Fish Tanks,31,31,2025-07-04,morning,temperature,28.7,degC
Fish Tank 2,Fish Tanks,31,31,2025-07-07,morning,dissolved_oxygen,6.03,mg/L
Fish Tank 2,Fish Tanks,31,31,2025-07-07,morning,temperature,29.7,degC
Fish Tank 2,Fish Tanks,32,32,2025-07-01,afternoon,dissolved_oxygen,5.35,mg/L
Fish Tank 2,Fish Tanks,32,32,2025-07-01,afternoon,temperature,32.5,degC
Fish Tank 2,Fish Tanks,32,32,2025-07-01,morning,dissolved_oxygen,4.75,mg/L
Fish Tank 2,Fish Tanks,32,32,2025-07-01,morning,temperature,29.3,degC
Fish Tank 2,Fish Tanks,32,32,2025-07-02,afternoon,dissolved_oxygen,4.53,mg/L
Fish Tank 2,Fish Tanks,32,32,2025-07-02,afternoon,temperature,30.7,degC
Fish Tank 2,Fish Tanks,32,32,2025-07-02,morning,dissolved_oxygen,5.53,mg/L
Fish Tank 2,Fish Tanks,32,32,2025-07-02,morning,temperature,29.5,degC
Fish Tank 2,Fish Tanks,32,32,2025-07-03,morning,dissolved_oxygen,5.89,mg/L
Fish Tank 2,Fish Tanks,32,32,2025-07-03,morning,temperature,27.9,degC
Fish Tank 2,Fish Tanks,32,32,2025-07-04,afternoon,dissolved_oxygen,4.58,mg/L
Fish Tank 2,Fish Tanks,32,32,2025-07-04,afternoon,temperature,31.2,degC
Fish Tank 2,Fish Tanks,32,32,2025-07-04,morning,dissolved_oxygen,6.12,mg/L
Fish Tank 2,Fish Tanks,32,32,2025-07-04,morning,temperature,28.4,degC
Fish Tank 2,Fish Tanks,32,32,2025-07-07,morning,dissolved_oxygen,5.95,mg/L
Fish Tank 2,Fish Tanks,32,32,2025-07-07,morning,temperature,29.6,degC
Fish Tank 2,Fish Tanks,33,33,2025-07-01,afternoon,dissolved_oxygen,5.18,mg/L
Fish Tank 2,Fish Tanks,33,33,2025-07-01,afternoon,temperature,32.9,degC
Fish Tank 2,Fish Tanks,33,33,2025-07-01,morning,dissolved_oxygen,4.98,mg/L
Fish Tank 2,Fish Tanks,33,33,2025-07-01,morning,temperature,29.3,degC
Fish Tank 2,Fish Tanks,33,33,2025-07-02,afternoon,dissolved_oxygen,4.82,mg/L
Fish Tank 2,Fish Tanks,33,33,2025-07-02,afternoon,temperature,31.0,degC
Fish Tank 2,Fish Tanks,33,33,2025-07-02,morning,dissolved_oxygen,6.03,mg/L
Fish Tank 2,Fish Tanks,33,33,2025-07-02,morning,temperature,29.2,degC
Fish Tank 2,Fish Tanks,33,33,2025-07-03,morning,dissolved_oxygen,6.12,mg/L
Fish Tank 2,Fish Tanks,33,33,2025-07-03,morning,temperature,27.9,degC
Fish Tank 2,Fish Tanks,33,33,2025-07-04,afternoon,dissolved_oxygen,4.29,mg/L
Fish Tank 2,Fish Tanks,33,33,2025-07-04,afternoon,temperature,31.7,degC
Fish Tank 2,Fish Tanks,33,33,2025-07-04,morning,dissolved_oxygen,6.21,mg/L
Fish Tank 2,Fish Tanks,33,33,2025-07-04,morning,temperature,28.4,degC
Fish Tank 2,Fish Tanks,33,33,2025-07-07,morning,dissolved_oxygen,6.22,mg/L
Fish Tank 2,Fish Tanks,33,33,2025-07-07,morning,temperature,29.8,degC
Fish Tank 2,Fish Tanks,35,35,2025-07-01,afternoon,dissolved_oxygen,4.75,mg/L
Fish Tank 2,Fish Tanks,35,35,2025-07-01,afternoon,temperature,33.4,degC
Fish Tank 2,Fish Tanks,35,35,2025-07-01,morning,dissolved_oxygen,4.39,mg/L
Fish Tank 2,Fish Tanks,35,35,2025-07-01,morning,temperature,29.6,degC
Fish Tank 2,Fish Tanks,35,35,2025-07-02,afternoon,dissolved_oxygen,4.0,mg/L
Fish Tank 2,Fish Tanks,35,35,2025-07-02,afternoon,temperature,31.7,degC
Fish Tank 2,Fish Tanks,35,35,2025-07-02,morning,dissolved_oxygen,5.98,mg/L
Fish Tank 2,Fish Tanks,35,35,2025-07-02,morning,temperature,29.3,degC
Fish Tank 2,Fish Tanks,35,35,2025-07-03,morning,dissolved_oxygen,5.39,mg/L
Fish Tank 2,Fish Tanks,35,35,2025-07-03,morning,temperature,28.3,degC
Fish Tank 2,Fish Tanks,35,35,2025-07-04,afternoon,dissolved_oxygen,3.83,mg/L
Fish Tank 2,Fish Tanks,35,35,2025-07-04,afternoon,temperature,32.4,degC
Fish Tank 2,Fish Tanks,35,35,2025-07-04,morning,dissolved_oxygen,5.61,mg/L
Fish Tank 2,Fish Tanks,35,35,2025-07-04,morning,temperature,28.9,degC
Fish Tank 2,Fish Tanks,35,35,2025-07-07,morning,dissolved_oxygen,5.92,mg/L
Fish Tank 2,Fish Tanks,35,35,2025-07-07,morning,temperature,30.3,degC
Fish Tank 2,Fish Tanks,36,36,2025-07-01,afternoon,dissolved_oxygen,4.71,mg/L
Fish Tank 2,Fish Tanks,36,36,2025-07-01,afternoon,temperature,33.2,degC
Fish Tank 2,Fish Tanks,36,36,2025-07-01,morning,dissolved_oxygen,5.15,mg/L
Fish Tank 2,Fish Tanks,36,36,2025-07-01,morning,temperature,29.7,degC
Fish Tank 2,Fish Tanks,36,36,2025-07-02,afternoon,dissolved_oxygen,4.35,mg/L
Fish Tank 2,Fish Tanks,36,36,2025-07-02,afternoon,temperature,31.3,degC
Fish Tank 2,Fish Tanks,36,36,2025-07-02,morning,dissolved_oxygen,5.67,mg/L
Fish Tank 2,Fish Tanks,36,36,2025-07-02,morning,temperature,29.5,degC
Fish Tank 2,Fish Tanks,36,36,2025-07-03,morning,dissolved_oxygen,5.72,mg/L
Fish Tank 2,Fish Tanks,36,36,2025-07-03,morning,temperature,28.2,degC
Fish Tank 2,Fish Tanks,36,36,2025-07-04,afternoon,dissolved_oxygen,4.82,mg/L
Fish Tank 2,Fish Tanks,36,36,2025-07-04,afternoon,temperature,32.2,degC
Fish Tank 2,Fish Tanks,36,36,2025-07-04,morning,dissolved_oxygen,5.91,mg/L
Fish Tank 2,Fish Tanks,36,36,2025-07-04,morning,temperature,28.8,degC
Fish Tank 2,Fish Tanks,36,36,2025-07-07,morning,ammonia,4.6,mg/L
Fish Tank 2,Fish Tanks,36,36,2025-07-07,morning,dissolved_oxygen,6.21,mg/L
Fish Tank 2,Fish Tanks,36,36,2025-07-07,morning,nitrate,8.8,mg/L
Fish Tank 2,Fish Tanks,36,36,2025-07-07,morning,nitrite,1.14,mg/L
Fish Tank 2,Fish Tanks,36,36,2025-07-07,morning,ph,7.2,pH
Fish Tank 2,Fish Tanks,36,36,2025-07-07,morning,temperature,30.3,degC
Fish Tank 2,Fish Tanks,37,37,2025-07-01,afternoon,dissolved_oxygen,5.25,mg/L
Fish Tank 2,Fish Tanks,37,37,2025-07-01,afternoon,temperature,33.0,degC
Fish Tank 2,Fish Tanks,37,37,2025-07-01,morning,dissolved_oxygen,5.92,mg/L
Fish Tank 2,Fish Tanks,37,37,2025-07-01,morning,temperature,29.3,degC
Fish Tank 2,Fish Tanks,37,37,2025-07-02,afternoon,dissolved_oxygen,5.15,mg/L
Fish Tank 2,Fish Tanks,37,37,2025-07-02,afternoon,temperature,31.0,degC
Fish Tank 2,Fish Tanks,37,37,2025-07-02,morning,dissolved_oxygen,6.07,mg/L
Fish Tank 2,Fish Tanks,37,37,2025-07-02,morning,temperature,29.6,degC
Fish Tank 2,Fish Tanks,37,37,2025-07-03,morning,dissolved_oxygen,6.14,mg/L
Fish Tank 2,Fish Tanks,37,37,2025-07-03,morning,temperature,27.9,degC
Fish Tank 2,Fish Tanks,37,37,2025-07-04,afternoon,dissolved_oxygen,4.62,mg/L
Fish Tank 2,Fish Tanks,37,37,2025-07-04,afternoon,temperature,31.9,degC
Fish Tank 2,Fish Tanks,37,37,2025-07-04,morning,dissolved_oxygen,6.3,mg/L
Fish Tank 2,Fish Tanks,37,37,2025-07-04,morning,temperature,28.4,degC
Fish Tank 2,Fish Tanks,37,37,2025-07-07,morning,dissolved_oxygen,6.56,mg/L
Fish Tank 2,Fish Tanks,37,37,2025-07-07,morning,temperature,29.9,degC
Fish Tank 2,Fish Tanks,38,38,2025-07-01,afternoon,dissolved_oxygen,4.94,mg/L
Fish Tank 2,Fish Tanks,38,38,2025-07-01,afternoon,temperature,33.0,degC
Fish Tank 2,Fish Tanks,38,38,2025-07-01,morning,dissolved_oxygen,5.2,mg/L
Fish Tank 2,Fish Tanks,38,38,2025-07-01,morning,temperature,29.3,degC
Fish Tank 2,Fish Tanks,38,38,2025-07-02,afternoon,dissolved_oxygen,4.25,mg/L
Fish Tank 2,Fish Tanks,38,38,2025-07-02,afternoon,temperature,31.0,degC
Fish Tank 2,Fish Tanks,38,38,2025-07-02,morning,dissolved_oxygen,5.19,mg/L
Fish Tank 2,Fish Tanks,38,38,2025-07-02,morning,temperature,29.6,degC
Fish Tank 2,Fish Tanks,38,38,2025-07-03,morning,dissolved_oxygen,5.74,mg/L
Fish Tank 2,Fish Tanks,38,38,2025-07-03,morning,temperature,27.6,degC
Fish Tank 2,Fish Tanks,38,38,2025-07-04,afternoon,dissolved_oxygen,4.36,mg/L
Fish Tank 2,Fish Tanks,38,38,2025-07-04,afternoon,temperature,31.7,degC
Fish Tank 2,Fish Tanks,38,38,2025-07-04,morning,dissolved_oxygen,5.88,mg/L
Fish Tank 2,Fish Tanks,38,38,2025-07-04,morning,temperature,28.4,degC
Fish Tank 2,Fish Tanks,38,38,2025-07-07,morning,dissolved_oxygen,6.23,mg/L
Fish Tank 2,Fish Tanks,38,38,2025-07-07,morning,temperature,29.8,degC
Fish Tank 2,Fish Tanks,39,39,2025-07-01,afternoon,dissolved_oxygen,4.52,mg/L
Fish Tank 2,Fish Tanks,39,39,2025-07-01,afternoon,temperature,32.7,degC
Fish Tank 2,Fish Tanks,39,39,2025-07-01,morning,ammonia,7.7,mg/L
Fish Tank 2,Fish Tanks,39,39,2025-07-01,morning,dissolved_oxygen,4.92,mg/L
Fish Tank 2,Fish Tanks,39,39,2025-07-01,morning,nitrate,12.5,mg/L
Fish Tank 2,Fish Tanks,39,39,2025-07-01,morning,nitrite,2.36,mg/L
Fish Tank 2,Fish Tanks,39,39,2025-07-01,morning,ph,6.8,pH
Fish Tank 2,Fish Tanks,39,39,2025-07-01,morning,temperature,29.2,degC
Fish Tank 2,Fish Tanks,39,39,2025-07-02,afternoon,dissolved_oxygen,3.9,mg/L
Fish Tank 2,Fish Tanks,39,39,2025-07-02,afternoon,temperature,30.7,degC
Fish Tank 2,Fish Tanks,39,39,2025-07-02,morning,dissolved_oxygen,5.94,mg/L
Fish Tank 2,Fish Tanks,39,39,2025-07-02,morning,temperature,29.2,degC
Fish Tank 2,Fish Tanks,39,39,2025-07-03,morning,dissolved_oxygen,5.73,mg/L
Fish Tank 2,Fish Tanks,39,39,2025-07-03,morning,temperature,27.8,degC
Fish Tank 2,Fish Tanks,39,39,2025-07-04,afternoon,dissolved_oxygen,4.09,mg/L
Fish Tank 2,Fish Tanks,39,39,2025-07-04,afternoon,temperature,31.4,degC
Fish Tank 2,Fish Tanks,39,39,2025-07-04,morning,ammonia,4.2,mg/L
Fish Tank 2,Fish Tanks,39,39,2025-07-04,morning,dissolved_oxygen,5.86,mg/L
Fish Tank 2,Fish Tanks,39,39,2025-07-04,morning,nitrate,3.4,mg/L
Fish Tank 2,Fish Tanks,39,39,2025-07-04,morning,nitrite,0.29,mg/L
Fish Tank 2,Fish Tanks,39,39,2025-07-04,morning,ph,6.9,pH
Fish Tank 2,Fish Tanks,39,39,2025-07-04,morning,temperature,28.3,degC
Fish Tank 2,Fish Tanks,39,39,2025-07-07,morning,dissolved_oxygen,5.77,mg/L
Fish Tank 2,Fish Tanks,39,39,2025-07-07,morning,temperature,29.8,degC
Fish Tank 2,Fish Tanks,40,40,2025-07-01,afternoon,dissolved_oxygen,5.1,mg/L
Fish Tank 2,Fish Tanks,40,40,2025-07-01,afternoon,temperature,32.9,degC
Fish Tank 2,Fish Tanks,40,40,2025-07-01,morning,dissolved_oxygen,5.26,mg/L
Fish Tank 2,Fish Tanks,40,40,2025-07-01,morning,temperature,29.2,degC
Fish Tank 2,Fish Tanks,40,40,2025-07-02,afternoon,dissolved_oxygen,4.66,mg/L
Fish Tank 2,Fish Tanks,40,40,2025-07-02,afternoon,temperature,30.8,degC
Fish Tank 2,Fish Tanks,40,40,2025-07-02,morning,dissolved_oxygen,5.53,mg/L
Fish Tank 2,Fish Tanks,40,40,2025-07-02,morning,temperature,29.6,degC
Fish Tank 2,Fish Tanks,40,40,2025-07-03,morning,dissolved_oxygen,6.16,mg/L
Fish Tank 2,Fish Tanks,40,40,2025-07-03,morning,temperature,27.8,degC
Fish Tank 2,Fish Tanks,40,40,2025-07-04,afternoon,dissolved_oxygen,4.12,mg/L
Fish Tank 2,Fish Tanks,40,40,2025-07-04,afternoon,temperature,31.4,degC
Fish Tank 2,Fish Tanks,40,40,2025-07-04,morning,dissolved_oxygen,6.42,mg/L
Fish Tank 2,Fish Tanks,40,40,2025-07-04,morning,temperature,28.2,degC
Fish Tank 2,Fish Tanks,40,40,2025-07-07,morning,dissolved_oxygen,6.11,mg/L
Fish Tank 2,Fish Tanks,40,40,2025-07-07,morning,temperature,29.7,degC
Fish Tank 2,Fish Tanks,41,41,2025-07-01,afternoon,dissolved_oxygen,4.89,mg/L
Fish Tank 2,Fish Tanks,41,41,2025-07-01,afternoon,temperature,32.8,degC
Fish Tank 2,Fish Tanks,41,41,2025-07-01,morning,dissolved_oxygen,5.05,mg/L
Fish Tank 2,Fish Tanks,41,41,2025-07-01,morning,temperature,29.2,degC
Fish Tank 2,Fish Tanks,41,41,2025-07-02,afternoon,dissolved_oxygen,4.55,mg/L
Fish Tank 2,Fish Tanks,41,41,2025-07-02,afternoon,temperature,30.7,degC
Fish Tank 2,Fish Tanks,41,41,2025-07-02,morning,dissolved_oxygen,5.52,mg/L
Fish Tank 2,Fish Tanks,41,41,2025-07-02,morning,temperature,29.6,degC
Fish Tank 2,Fish Tanks,41,41,2025-07-03,morning,dissolved_oxygen,5.89,mg/L
Fish Tank 2,Fish Tanks,41,41,2025-07-03,morning,temperature,27.7,degC
Fish Tank 2,Fish Tanks,41,41,2025-07-04,afternoon,dissolved_oxygen,4.44,mg/L
Fish Tank 2,Fish Tanks,41,41,2025-07-04,afternoon,temperature,31.2,degC
Fish Tank 2,Fish Tanks,41,41,2025-07-04,morning,dissolved_oxygen,5.78,mg/L
Fish Tank 2,Fish Tanks,41,41,2025-07-04,morning,temperature,28.3,degC
Fish Tank 2,Fish Tanks,41,41,2025-07-07,morning,dissolved_oxygen,5.94,mg/L
Fish Tank 2,Fish Tanks,41,41,2025-07-07,morning,temperature,29.6,degC
Fish Tank 2,Fish Tanks,42,42,2025-07-01,afternoon,dissolved_oxygen,5.36,mg/L
Fish Tank 2,Fish Tanks,42,42,2025-07-01,afternoon,temperature,32.9,degC
Fish Tank 2,Fish Tanks,42,42,2025-07-01,morning,dissolved_oxygen,5.34,mg/L
Fish Tank 2,Fish Tanks,42,42,2025-07-01,morning,temperature,29.2,degC
Fish Tank 2,Fish Tanks,42,42,2025-07-02,afternoon,dissolved_oxygen,4.78,mg/L
Fish Tank 2,Fish Tanks,42,42,2025-07-02,afternoon,temperature,30.8,degC
Fish Tank 2,Fish Tanks,42,42,2025-07-02,morning,dissolved_oxygen,5.34,mg/L
Fish Tank 2,Fish Tanks,42,42,2025-07-02,morning,temperature,29.5,degC
Fish Tank 2,Fish Tanks,42,42,2025-07-03,morning,dissolved_oxygen,6.08,mg/L
Fish Tank 2,Fish Tanks,42,42,2025-07-03,morning,temperature,27.7,degC
Fish Tank 2,Fish Tanks,42,42,2025-07-04,afternoon,dissolved_oxygen,4.73,mg/L
Fish Tank 2,Fish Tanks,42,42,2025-07-04,afternoon,temperature,31.3,degC
Fish Tank 2,Fish Tanks,42,42,2025-07-04,morning,dissolved_oxygen,6.35,mg/L
Fish Tank 2,Fish Tanks,42,42,2025-07-04,morning,temperature,28.3,degC
Fish Tank 2,Fish Tanks,42,42,2025-07-07,morning,dissolved_oxygen,6.1,mg/L
Fish Tank 2,Fish Tanks,42,42,2025-07-07,morning,temperature,29.7,degC
Fish Tank 2,Fish Tanks,43,43,2025-07-01,afternoon,dissolved_oxygen,4.84,mg/L
Fish Tank 2,Fish Tanks,43,43,2025-07-01,afternoon,temperature,32.8,degC
Fish Tank 2,Fish Tanks,43,43,2025-07-01,morning,dissolved_oxygen,5.32,mg/L
Fish Tank 2,Fish Tanks,43,43,2025-07-01,morning,temperature,29.3,degC
Fish Tank 2,Fish Tanks,43,43,2025-07-02,afternoon,dissolved_oxygen,4.07,mg/L
Fish Tank 2,Fish Tanks,43,43,2025-07-02,afternoon,temperature,30.8,degC
Fish Tank 2,Fish Tanks,43,43,2025-07-02,morning,dissolved_oxygen,6.02,mg/L
Fish Tank 2,Fish Tanks,43,43,2025-07-02,morning,temperature,29.3,degC
Fish Tank 2,Fish Tanks,43,43,2025-07-03,morning,dissolved_oxygen,5.6,mg/L
Fish Tank 2,Fish Tanks,43,43,2025-07-03,morning,temperature,27.6,degC
Fish Tank 2,Fish Tanks,43,43,2025-07-04,afternoon,dissolved_oxygen,4.35,mg/L
Fish Tank 2,Fish Tanks,43,43,2025-07-04,afternoon,temperature,31.2,degC
Fish Tank 2,Fish Tanks,43,43,2025-07-04,morning,dissolved_oxygen,5.93,mg/L
Fish Tank 2,Fish Tanks,43,43,2025-07-04,morning,temperature,28.2,degC
Fish Tank 2,Fish Tanks,43,43,2025-07-07,morning,dissolved_oxygen,6.12,mg/L
Fish Tank 2,Fish Tanks,43,43,2025-07-07,morning,temperature,29.8,degC
Fish Tank 2,Fish Tanks,44,44,2025-07-01,afternoon,dissolved_oxygen,5.02,mg/L
Fish Tank 2,Fish Tanks,44,44,2025-07-01,afternoon,temperature,32.9,degC
Fish Tank 2,Fish Tanks,44,44,2025-07-01,morning,dissolved_oxygen,5.03,mg/L
Fish Tank 2,Fish Tanks,44,44,2025-07-01,morning,temperature,29.4,degC
Fish Tank 2,Fish Tanks,44,44,2025-07-02,afternoon,dissolved_oxygen,4.08,mg/L
Fish Tank 2,Fish Tanks,44,44,2025-07-02,afternoon,temperature,30.9,degC
Fish Tank 2,Fish Tanks,44,44,2025-07-02,morning,dissolved_oxygen,5.32,mg/L
Fish Tank 2,Fish Tanks,44,44,2025-07-02,morning,temperature,29.4,degC
Fish Tank 2,Fish Tanks,44,44,2025-07-03,morning,dissolved_oxygen,5.88,mg/L
Fish Tank 2,Fish Tanks,44,44,2025-07-03,morning,temperature,27.6,degC
Fish Tank 2,Fish Tanks,44,44,2025-07-04,afternoon,dissolved_oxygen,3.84,mg/L
Fish Tank 2,Fish Tanks,44,44,2025-07-04,afternoon,temperature,31.6,degC
Fish Tank 2,Fish Tanks,44,44,2025-07-04,morning,dissolved_oxygen,6.08,mg/L
Fish Tank 2,Fish Tanks,44,44,2025-07-04,morning,temperature,28.3,degC
Fish Tank 2,Fish Tanks,44,44,2025-07-07,morning,dissolved_oxygen,5.95,mg/L
Fish Tank 2,Fish Tanks,44,44,2025-07-07,morning,temperature,29.9,degC
Fish Tank 2,Fish Tanks,45,45,2025-07-01,afternoon,dissolved_oxygen,5.3,mg/L
Fish Tank 2,Fish Tanks,45,45,2025-07-01,afternoon,temperature,33.0,degC
Fish Tank 2,Fish Tanks,45,45,2025-07-01,morning,dissolved_oxygen,5.21,mg/L
Fish Tank 2,Fish Tanks,45,45,2025-07-01,morning,temperature,29.0,degC
Fish Tank 2,Fish Tanks,45,45,2025-07-02,afternoon,dissolved_oxygen,4.33,mg/L
Fish Tank 2,Fish Tanks,45,45,2025-07-02,afternoon,temperature,30.8,degC
Fish Tank 2,Fish Tanks,45,45,2025-07-02,morning,dissolved_oxygen,5.25,mg/L
Fish Tank 2,Fish Tanks,45,45,2025-07-02,morning,temperature,29.5,degC
Fish Tank 2,Fish Tanks,45,45,2025-07-03,morning,dissolved_oxygen,6.12,mg/L
Fish Tank 2,Fish Tanks,45,45,2025-07-03,morning,temperature,27.4,degC
Fish Tank 2,Fish Tanks,45,45,2025-07-04,afternoon,dissolved_oxygen,4.22,mg/L
Fish Tank 2,Fish Tanks,45,45,2025-07-04,afternoon,temperature,31.3,degC
Fish Tank 2,Fish Tanks,45,45,2025-07-04,morning,dissolved_oxygen,6.23,mg/L
Fish Tank 2,Fish Tanks,45,45,2025-07-04,morning,temperature,28.2,degC
Fish Tank 2,Fish Tanks,45,45,2025-07-07,morning,dissolved_oxygen,5.97,mg/L
Fish Tank 2,Fish Tanks,45,45,2025-07-07,morning,temperature,29.6,degC
Fish Tank 2,Fish Tanks,46,46,2025-07-01,afternoon,dissolved_oxygen,4.72,mg/L
Fish Tank 2,Fish Tanks,46,46,2025-07-01,afternoon,temperature,33.0,degC
Fish Tank 2,Fish Tanks,46,46,2025-07-01,morning,dissolved_oxygen,4.52,mg/L
Fish Tank 2,Fish Tanks,46,46,2025-07-01,morning,temperature,29.1,degC
Fish Tank 2,Fish Tanks,46,46,2025-07-02,afternoon,dissolved_oxygen,3.84,mg/L
Fish Tank 2,Fish Tanks,46,46,2025-07-02,afternoon,temperature,31.0,degC
Fish Tank 2,Fish Tanks,46,46,2025-07-02,morning,dissolved_oxygen,5.07,mg/L
Fish Tank 2,Fish Tanks,46,46,2025-07-02,morning,temperature,29.5,degC
Fish Tank 2,Fish Tanks,46,46,2025-07-03,morning,dissolved_oxygen,5.69,mg/L
Fish Tank 2,Fish Tanks,46,46,2025-07-03,morning,temperature,27.6,degC
Fish Tank 2,Fish Tanks,46,46,2025-07-04,afternoon,dissolved_oxygen,3.82,mg/L
Fish Tank 2,Fish Tanks,46,46,2025-07-04,afternoon,temperature,31.7,degC
Fish Tank 2,Fish Tanks,46,46,2025-07-04,morning,dissolved_oxygen,6.12,mg/L
Fish Tank 2,Fish Tanks,46,46,2025-07-04,morning,temperature,28.3,degC
Fish Tank 2,Fish Tanks,46,46,2025-07-07,morning,dissolved_oxygen,5.75,mg/L
Fish Tank 2,Fish Tanks,46,46,2025-07-07,morning,temperature,29.8,degC
Fish Tank 2,Fish Tanks,48,48,2025-07-01,afternoon,dissolved_oxygen,4.52,mg/L
Fish Tank 2,Fish Tanks,48,48,2025-07-01,afternoon,temperature,32.8,degC
Fish Tank 2,Fish Tanks,48,48,2025-07-01,morning,dissolved_oxygen,4.73,mg/L
Fish Tank 2,Fish Tanks,48,48,2025-07-01,morning,temperature,29.0,degC
Fish Tank 2,Fish Tanks,48,48,2025-07-02,afternoon,dissolved_oxygen,3.84,mg/L
Fish Tank 2,Fish Tanks,48,48,2025-07-02,afternoon,temperature,30.7,degC
Fish Tank 2,Fish Tanks,48,48,2025-07-02,morning,dissolved_oxygen,5.02,mg/L
Fish Tank 2,Fish Tanks,48,48,2025-07-02,morning,temperature,29.5,degC
Fish Tank 2,Fish Tanks,48,48,2025-07-03,morning,dissolved_oxygen,5.6,mg/L
Fish Tank 2,Fish Tanks,48,48,2025-07-03,morning,temperature,27.5,degC
Fish Tank 2,Fish Tanks,48,48,2025-07-04,afternoon,dissolved_oxygen,3.9,mg/L
Fish Tank 2,Fish Tanks,48,48,2025-07-04,afternoon,temperature,31.2,degC
Fish Tank 2,Fish Tanks,48,48,2025-07-04,morning,dissolved_oxygen,5.46,mg/L
Fish Tank 2,Fish Tanks,48,48,2025-07-04,morning,temperature,28.2,degC
Fish Tank 2,Fish Tanks,48,48,2025-07-07,morning,ammonia,4.8,mg/L
Fish Tank 2,Fish Tanks,48,48,2025-07-07,morning,dissolved_oxygen,5.2,mg/L
Fish Tank 2,Fish Tanks,48,48,2025-07-07,morning,nitrate,11.9,mg/L
Fish Tank 2,Fish Tanks,48,48,2025-07-07,morning,nitrite,3.6,mg/L
Fish Tank 2,Fish Tanks,48,48,2025-07-07,morning,ph,6.77,pH
Fish Tank 2,Fish Tanks,48,48,2025-07-07,morning,temperature,29.7,degC
Fish Tank 2,Fish Tanks,49,49,2025-07-01,afternoon,dissolved_oxygen,4.93,mg/L
Fish Tank 2,Fish Tanks,49,49,2025-07-01,afternoon,temperature,32.9,degC
Fish Tank 2,Fish Tanks,49,49,2025-07-01,morning,dissolved_oxygen,5.15,mg/L
Fish Tank 2,Fish Tanks,49,49,2025-07-01,morning,temperature,29.1,degC
Fish Tank 2,Fish Tanks,49,49,2025-07-02,afternoon,dissolved_oxygen,3.8,mg/L
Fish Tank 2,Fish Tanks,49,49,2025-07-02,afternoon,temperature,30.9,degC
Fish Tank 2,Fish Tanks,49,49,2025-07-02,morning,dissolved_oxygen,5.25,mg/L
Fish Tank 2,Fish Tanks,49,49,2025-07-02,morning,temperature,29.5,degC
Fish Tank 2,Fish Tanks,49,49,2025-07-03,morning,dissolved_oxygen,5.76,mg/L
Fish Tank 2,Fish Tanks,49,49,2025-07-03,morning,temperature,27.5,degC
Fish Tank 2,Fish Tanks,49,49,2025-07-04,afternoon,dissolved_oxygen,4.47,mg/L
Fish Tank 2,Fish Tanks,49,49,2025-07-04,afternoon,temperature,31.4,degC
Fish Tank 2,Fish Tanks,49,49,2025-07-04,morning,dissolved_oxygen,6.08,mg/L
Fish Tank 2,Fish Tanks,49,49,2025-07-04,morning,temperature,28.2,degC
Fish Tank 2,Fish Tanks,49,49,2025-07-07,morning,dissolved_oxygen,5.91,mg/L
Fish Tank 2,Fish Tanks,49,49,2025-07-07,morning,temperature,29.7,degC
Fish Tank 2,Fish Tanks,50,50,2025-07-01,afternoon,dissolved_oxygen,5.04,mg/L
Fish Tank 2,Fish Tanks,50,50,2025-07-01,afternoon,temperature,32.9,degC
Fish Tank 2,Fish Tanks,50,50,2025-07-01,morning,dissolved_oxygen,5.05,mg/L
Fish Tank 2,Fish Tanks,50,50,2025-07-01,morning,temperature,29.2,degC
Fish Tank 2,Fish Tanks,50,50,2025-07-02,afternoon,dissolved_oxygen,3.82,mg/L
Fish Tank 2,Fish Tanks,50,50,2025-07-02,afternoon,temperature,30.9,degC
Fish Tank 2,Fish Tanks,50,50,2025-07-02,morning,dissolved_oxygen,5.44,mg/L
Fish Tank 2,Fish Tanks,50,50,2025-07-02,morning,temperature,29.5,degC
Fish Tank 2,Fish Tanks,50,50,2025-07-03,morning,dissolved_oxygen,5.81,mg/L
Fish Tank 2,Fish Tanks,50,50,2025-07-03,morning,temperature,27.6,degC
Fish Tank 2,Fish Tanks,50,50,2025-07-04,afternoon,dissolved_oxygen,4.22,mg/L
Fish Tank 2,Fish Tanks,50,50,2025-07-04,afternoon,temperature,31.3,degC
Fish Tank 2,Fish Tanks,50,50,2025-07-04,morning,dissolved_oxygen,5.83,mg/L
Fish Tank 2,Fish Tanks,50,50,2025-07-04,morning,temperature,28.2,degC
Fish Tank 2,Fish Tanks,50,50,2025-07-07,morning,dissolved_oxygen,5.43,mg/L
Fish Tank 2,Fish Tanks,50,50,2025-07-07,morning,temperature,29.7,degC
Fish Tank 2,Fish Tanks,51,51,2025-07-01,afternoon,dissolved_oxygen,5.07,mg/L
Fish Tank 2,Fish Tanks,51,51,2025-07-01,afternoon,temperature,33.0,degC
Fish Tank 2,Fish Tanks,51,51,2025-07-01,morning,dissolved_oxygen,5.32,mg/L
Fish Tank 2,Fish Tanks,51,51,2025-07-01,morning,temperature,29.3,degC
Fish Tank 2,Fish Tanks,51,51,2025-07-02,afternoon,dissolved_oxygen,4.36,mg/L
Fish Tank 2,Fish Tanks,51,51,2025-07-02,afternoon,temperature,31.0,degC
Fish Tank 2,Fish Tanks,51,51,2025-07-02,morning,dissolved_oxygen,5.65,mg/L
Fish Tank 2,Fish Tanks,51,51,2025-07-02,morning,temperature,29.4,degC
Fish Tank 2,Fish Tanks,51,51,2025-07-03,morning,dissolved_oxygen,5.88,mg/L
Fish Tank 2,Fish Tanks,51,51,2025-07-03,morning,temperature,27.6,degC
Fish Tank 2,Fish Tanks,51,51,2025-07-04,afternoon,dissolved_oxygen,4.79,mg/L
Fish Tank 2,Fish Tanks,51,51,2025-07-04,afternoon,temperature,31.6,degC
Fish Tank 2,Fish Tanks,51,51,2025-07-04,morning,dissolved_oxygen,6.15,mg/L
Fish Tank 2,Fish Tanks,51,51,2025-07-04,morning,temperature,28.3,degC
Fish Tank 2,Fish Tanks,51,51,2025-07-07,morning,dissolved_oxygen,5.71,mg/L
Fish Tank 2,Fish Tanks,51,51,2025-07-07,morning,temperature,29.8,degC
Fish Tank 2,Fish Tanks,52,52,2025-07-01,afternoon,dissolved_oxygen,4.9,mg/L
Fish Tank 2,Fish Tanks,52,52,2025-07-01,afternoon,temperature,33.0,degC
Fish Tank 2,Fish Tanks,52,52,2025-07-01,morning,dissolved_oxygen,5.2,mg/L
Fish Tank 2,Fish Tanks,52,52,2025-07-01,morning,temperature,29.2,degC
Fish Tank 2,Fish Tanks,52,52,2025-07-02,afternoon,dissolved_oxygen,4.52,mg/L
Fish Tank 2,Fish Tanks,52,52,2025-07-02,afternoon,temperature,30.8,degC
Fish Tank 2,Fish Tanks,52,52,2025-07-02,morning,dissolved_oxygen,5.59,mg/L
Fish Tank 2,Fish Tanks,52,52,2025-07-02,morning,temperature,29.6,degC
Fish Tank 2,Fish Tanks,52,52,2025-07-03,morning,dissolved_oxygen,5.77,mg/L
Fish Tank 2,Fish Tanks,52,52,2025-07-03,morning,temperature,27.6,degC
Fish Tank 2,Fish Tanks,52,52,2025-07-04,afternoon,dissolved_oxygen,4.31,mg/L
Fish Tank 2,Fish Tanks,52,52,2025-07-04,afternoon,temperature,31.3,degC
Fish Tank 2,Fish Tanks,52,52,2025-07-04,morning,dissolved_oxygen,5.89,mg/L
Fish Tank 2,Fish Tanks,52,52,2025-07-04,morning,temperature,28.2,degC
Fish Tank 2,Fish Tanks,52,52,2025-07-07,morning,dissolved_oxygen,5.63,mg/L
Fish Tank 2,Fish Tanks,52,52,2025-07-07,morning,temperature,29.6,degC
Fish Tank 2,Fish Tanks,53,53,2025-07-01,afternoon,dissolved_oxygen,4.81,mg/L
Fish Tank 2,Fish Tanks,53,53,2025-07-01,afternoon,temperature,33.1,degC
Fish Tank 2,Fish Tanks,53,53,2025-07-01,morning,dissolved_oxygen,5.1,mg/L
Fish Tank 2,Fish Tanks,53,53,2025-07-01,morning,temperature,29.2,degC
Fish Tank 2,Fish Tanks,53,53,2025-07-02,afternoon,dissolved_oxygen,4.04,mg/L
Fish Tank 2,Fish Tanks,53,53,2025-07-02,afternoon,temperature,30.9,degC
Fish Tank 2,Fish Tanks,53,53,2025-07-02,morning,dissolved_oxygen,5.78,mg/L
Fish Tank 2,Fish Tanks,53,53,2025-07-02,morning,temperature,29.4,degC
Fish Tank 2,Fish Tanks,53,53,2025-07-03,morning,dissolved_oxygen,5.48,mg/L
Fish Tank 2,Fish Tanks,53,53,2025-07-03,morning,temperature,27.8,degC
Fish Tank 2,Fish Tanks,53,53,2025-07-04,afternoon,dissolved_oxygen,4.45,mg/L
Fish Tank 2,Fish Tanks,53,53,2025-07-04,afternoon,temperature,31.5,degC
Fish Tank 2,Fish Tanks,53,53,2025-07-04,morning,dissolved_oxygen,5.78,mg/L
Fish Tank 2,Fish Tanks,53,53,2025-07-04,morning,temperature,28.3,degC
Fish Tank 2,Fish Tanks,53,53,2025-07-07,morning,dissolved_oxygen,5.86,mg/L
Fish Tank 2,Fish Tanks,53,53,2025-07-07,morning,temperature,29.7,degC
Fish Tank 2,Fish Tanks,54,54,2025-07-01,afternoon,dissolved_oxygen,4.98,mg/L
Fish Tank 2,Fish Tanks,54,54,2025-07-01,afternoon,temperature,32.9,degC
Fish Tank 2,Fish Tanks,54,54,2025-07-01,morning,dissolved_oxygen,4.42,mg/L
Fish Tank 2,Fish Tanks,54,54,2025-07-01,morning,temperature,29.2,degC
Fish Tank 2,Fish Tanks,54,54,2025-07-02,afternoon,dissolved_oxygen,4.12,mg/L
Fish Tank 2,Fish Tanks,54,54,2025-07-02,afternoon,temperature,30.9,degC
Fish Tank 2,Fish Tanks,54,54,2025-07-02,morning,dissolved_oxygen,5.34,mg/L
Fish Tank 2,Fish Tanks,54,54,2025-07-02,morning,temperature,29.5,degC
Fish Tank 2,Fish Tanks,54,54,2025-07-03,morning,dissolved_oxygen,5.68,mg/L
Fish Tank 2,Fish Tanks,54,54,2025-07-03,morning,temperature,27.8,degC
Fish Tank 2,Fish Tanks,54,54,2025-07-04,afternoon,dissolved_oxygen,3.7,mg/L
Fish Tank 2,Fish Tanks,54,54,2025-07-04,afternoon,temperature,31.4,degC
Fish Tank 2,Fish Tanks,54,54,2025-07-04,morning,dissolved_oxygen,5.64,mg/L
Fish Tank 2,Fish Tanks,54,54,2025-07-04,morning,temperature,28.3,degC
Fish Tank 2,Fish Tanks,54,54,2025-07-07,morning,dissolved_oxygen,5.95,mg/L
Fish Tank 2,Fish Tanks,54,54,2025-07-07,morning,temperature,29.7,degC
Fish Tank 2,Fish Tanks,55,55,2025-07-01,afternoon,dissolved_oxygen,4.59,mg/L
Fish Tank 2,Fish Tanks,55,55,2025-07-01,afternoon,temperature,33.1,degC
Fish Tank 2,Fish Tanks,55,55,2025-07-01,morning,dissolved_oxygen,5.09,mg/L
Fish Tank 2,Fish Tanks,55,55,2025-07-01,morning,temperature,29.3,degC
Fish Tank 2,Fish Tanks,55,55,2025-07-02,afternoon,dissolved_oxygen,3.8,mg/L
Fish Tank 2,Fish Tanks,55,55,2025-07-02,afternoon,temperature,31.1,degC
Fish Tank 2,Fish Tanks,55,55,2025-07-02,morning,dissolved_oxygen,6.14,mg/L
Fish Tank 2,Fish Tanks,55,55,2025-07-02,morning,temperature,29.5,degC
Fish Tank 2,Fish Tanks,55,55,2025-07-03,morning,dissolved_oxygen,5.38,mg/L
Fish Tank 2,Fish Tanks,55,55,2025-07-03,morning,temperature,28.1,degC
Fish Tank 2,Fish Tanks,55,55,2025-07-04,afternoon,dissolved_oxygen,3.81,mg/L
Fish Tank 2,Fish Tanks,55,55,2025-07-04,afternoon,temperature,31.6,degC
Fish Tank 2,Fish Tanks,55,55,2025-07-04,morning,dissolved_oxygen,5.7,mg/L
Fish Tank 2,Fish Tanks,55,55,2025-07-04,morning,temperature,28.4,degC
Fish Tank 2,Fish Tanks,55,55,2025-07-07,morning,dissolved_oxygen,5.42,mg/L
Fish Tank 2,Fish Tanks,55,55,2025-07-07,morning,temperature,29.9,degC
Fish Tank 2,Fish Tanks,56,56,2025-07-01,afternoon,dissolved_oxygen,4.46,mg/L
Fish Tank 2,Fish Tanks,56,56,2025-07-01,afternoon,temperature,33.0,degC
Fish Tank 2,Fish Tanks,56,56,2025-07-01,morning,dissolved_oxygen,4.49,mg/L
Fish Tank 2,Fish Tanks,56,56,2025-07-01,morning,temperature,29.4,degC
Fish Tank 2,Fish Tanks,56,56,2025-07-02,afternoon,dissolved_oxygen,4.23,mg/L
Fish Tank 2,Fish Tanks,56,56,2025-07-02,afternoon,temperature,31.2,degC
Fish Tank 2,Fish Tanks,56,56,2025-07-02,morning,dissolved_oxygen,5.76,mg/L
Fish Tank 2,Fish Tanks,56,56,2025-07-02,morning,temperature,29.6,degC
Fish Tank 2,Fish Tanks,56,56,2025-07-03,morning,dissolved_oxygen,5.75,mg/L
Fish Tank 2,Fish Tanks,56,56,2025-07-03,morning,temperature,28.0,degC
Fish Tank 2,Fish Tanks,56,56,2025-07-04,afternoon,dissolved_oxygen,4.09,mg/L
Fish Tank 2,Fish Tanks,56,56,2025-07-04,afternoon,temperature,31.7,degC
Fish Tank 2,Fish Tanks,56,56,2025-07-04,morning,dissolved_oxygen,5.8,mg/L
Fish Tank 2,Fish Tanks,56,56,2025-07-04,morning,temperature,28.4,degC
Fish Tank 2,Fish Tanks,56,56,2025-07-07,morning,dissolved_oxygen,5.45,mg/L
Fish Tank 2,Fish Tanks,56,56,2025-07-07,morning,temperature,29.9,degC
Fish Tank 2,Fish Tanks,57,57,2025-07-01,afternoon,dissolved_oxygen,4.94,mg/L
Fish Tank 2,Fish Tanks,57,57,2025-07-01,afternoon,temperature,33.2,degC
Fish Tank 2,Fish Tanks,57,57,2025-07-01,morning,ammonia,7.7,mg/L
Fish Tank 2,Fish Tanks,57,57,2025-07-01,morning,dissolved_oxygen,5.51,mg/L
Fish Tank 2,Fish Tanks,57,57,2025-07-01,morning,nitrate,7.7,mg/L
Fish Tank 2,Fish Tanks,57,57,2025-07-01,morning,nitrite,1.1,mg/L
Fish Tank 2,Fish Tanks,57,57,2025-07-01,morning,ph,6.94,pH
Fish Tank 2,Fish Tanks,57,57,2025-07-01,morning,temperature,29.6,degC
Fish Tank 2,Fish Tanks,57,57,2025-07-02,afternoon,dissolved_oxygen,4.42,mg/L
Fish Tank 2,Fish Tanks,57,57,2025-07-02,afternoon,temperature,31.4,degC
Fish Tank 2,Fish Tanks,57,57,2025-07-02,morning,dissolved_oxygen,5.52,mg/L
Fish Tank 2,Fish Tanks,57,57,2025-07-02,morning,temperature,29.6,degC
Fish Tank 2,Fish Tanks,57,57,2025-07-03,morning,dissolved_oxygen,5.61,mg/L
Fish Tank 2,Fish Tanks,57,57,2025-07-03,morning,temperature,28.1,degC
Fish Tank 2,Fish Tanks,57,57,2025-07-04,afternoon,dissolved_oxygen,4.62,mg/L
Fish Tank 2,Fish Tanks,57,57,2025-07-04,afternoon,temperature,32.1,degC
Fish Tank 2,Fish Tanks,57,57,2025-07-04,morning,ammonia,4.7,mg/L
Fish Tank 2,Fish Tanks,57,57,2025-07-04,morning,dissolved_oxygen,6.13,mg/L
Fish Tank 2,Fish Tanks,57,57,2025-07-04,morning,nitrate,3.0,mg/L
Fish Tank 2,Fish Tanks,57,57,2025-07-04,morning,nitrite,0.37,mg/L
Fish Tank 2,Fish Tanks,57,57,2025-07-04,morning,ph,5.9,pH
Fish Tank 2,Fish Tanks,57,57,2025-07-04,morning,temperature,28.5,degC
Fish Tank 2,Fish Tanks,57,57,2025-07-07,morning,dissolved_oxygen,5.8,mg/L
Fish Tank 2,Fish Tanks,57,57,2025-07-07,morning,temperature,30.0,degC
Fish Tank 2,Fish Tanks,58,58,2025-07-01,afternoon,dissolved_oxygen,5.0,mg/L
Fish Tank 2,Fish Tanks,58,58,2025-07-01,afternoon,temperature,33.1,degC
Fish Tank 2,Fish Tanks,58,58,2025-07-01,morning,dissolved_oxygen,4.95,mg/L
Fish Tank 2,Fish Tanks,58,58,2025-07-01,morning,temperature,29.6,degC
Fish Tank 2,Fish Tanks,58,58,2025-07-02,afternoon,dissolved_oxygen,4.07,mg/L
Fish Tank 2,Fish Tanks,58,58,2025-07-02,afternoon,temperature,31.1,degC
Fish Tank 2,Fish Tanks,58,58,2025-07-02,morning,dissolved_oxygen,5.87,mg/L
Fish Tank 2,Fish Tanks,58,58,2025-07-02,morning,temperature,29.4,degC
Fish Tank 2,Fish Tanks,58,58,2025-07-03,morning,dissolved_oxygen,5.98,mg/L
Fish Tank 2,Fish Tanks,58,58,2025-07-03,morning,temperature,27.9,degC
Fish Tank 2,Fish Tanks,58,58,2025-07-04,afternoon,dissolved_oxygen,3.79,mg/L
Fish Tank 2,Fish Tanks,58,58,2025-07-04,afternoon,temperature,31.8,degC
Fish Tank 2,Fish Tanks,58,58,2025-07-04,morning,dissolved_oxygen,6.06,mg/L
Fish Tank 2,Fish Tanks,58,58,2025-07-04,morning,temperature,28.5,degC
Fish Tank 2,Fish Tanks,58,58,2025-07-07,morning,dissolved_oxygen,5.97,mg/L
Fish Tank 2,Fish Tanks,58,58,2025-07-07,morning,temperature,29.9,degC
Fish Tank 2,Fish Tanks,59,59,2025-07-01,afternoon,dissolved_oxygen,4.38,mg/L
Fish Tank 2,Fish Tanks,59,59,2025-07-01,afternoon,temperature,33.0,degC
Fish Tank 2,Fish Tanks,59,59,2025-07-01,morning,dissolved_oxygen,4.92,mg/L
Fish Tank 2,Fish Tanks,59,59,2025-07-01,morning,temperature,29.3,degC
Fish Tank 2,Fish Tanks,59,59,2025-07-02,afternoon,dissolved_oxygen,4.03,mg/L
Fish Tank 2,Fish Tanks,59,59,2025-07-02,afternoon,temperature,30.9,degC
Fish Tank 2,Fish Tanks,59,59,2025-07-02,morning,dissolved_oxygen,5.63,mg/L
Fish Tank 2,Fish Tanks,59,59,2025-07-02,morning,temperature,29.4,degC
Fish Tank 2,Fish Tanks,59,59,2025-07-03,morning,dissolved_oxygen,5.79,mg/L
Fish Tank 2,Fish Tanks,59,59,2025-07-03,morning,temperature,27.8,degC
Fish Tank 2,Fish Tanks,59,59,2025-07-04,afternoon,dissolved_oxygen,3.93,mg/L
Fish Tank 2,Fish Tanks,59,59,2025-07-04,afternoon,temperature,31.6,degC
Fish Tank 2,Fish Tanks,59,59,2025-07-04,morning,dissolved_oxygen,5.81,mg/L
Fish Tank 2,Fish Tanks,59,59,2025-07-04,morning,temperature,28.3,degC
Fish Tank 2,Fish Tanks,59,59,2025-07-07,morning,ammonia,5.8,mg/L
Fish Tank 2,Fish Tanks,59,59,2025-07-07,morning,dissolved_oxygen,5.99,mg/L
Fish Tank 2,Fish Tanks,59,59,2025-07-07,morning,nitrate,8.8,mg/L
Fish Tank 2,Fish Tanks,59,59,2025-07-07,morning,nitrite,0.08,mg/L
Fish Tank 2,Fish Tanks,59,59,2025-07-07,morning,ph,6.8,pH
Fish Tank 2,Fish Tanks,59,59,2025-07-07,morning,temperature,29.7,degC
Fish Tank 2,Fish Tanks,62,62,2025-07-01,afternoon,dissolved_oxygen,4.97,mg/L
Fish Tank 2,Fish Tanks,62,62,2025-07-01,afternoon,temperature,33.0,degC
Fish Tank 2,Fish Tanks,62,62,2025-07-01,morning,dissolved_oxygen,5.32,mg/L
Fish Tank 2,Fish Tanks,62,62,2025-07-01,morning,temperature,29.2,degC
Fish Tank 2,Fish Tanks,62,62,2025-07-02,afternoon,dissolved_oxygen,4.56,mg/L
Fish Tank 2,Fish Tanks,62,62,2025-07-02,afternoon,temperature,30.8,degC
Fish Tank 2,Fish Tanks,62,62,2025-07-02,morning,dissolved_oxygen,5.88,mg/L
Fish Tank 2,Fish Tanks,62,62,2025-07-02,morning,temperature,29.3,degC
Fish Tank 2,Fish Tanks,62,62,2025-07-03,morning,dissolved_oxygen,6.14,mg/L
Fish Tank 2,Fish Tanks,62,62,2025-07-03,morning,temperature,27.6,degC
Fish Tank 2,Fish Tanks,62,62,2025-07-04,afternoon,dissolved_oxygen,4.34,mg/L
Fish Tank 2,Fish Tanks,62,62,2025-07-04,afternoon,temperature,31.6,degC
Fish Tank 2,Fish Tanks,62,62,2025-07-04,morning,dissolved_oxygen,6.0,mg/L
Fish Tank 2,Fish Tanks,62,62,2025-07-04,morning,temperature,28.2,degC
Fish Tank 2,Fish Tanks,62,62,2025-07-07,morning,dissolved_oxygen,6.15,mg/L
Fish Tank 2,Fish Tanks,62,62,2025-07-07,morning,temperature,29.6,degC
Fish Tank 2,Fish Tanks,63,63,2025-07-01,afternoon,dissolved_oxygen,4.79,mg/L
Fish Tank 2,Fish Tanks,63,63,2025-07-01,afternoon,temperature,32.9,degC
Fish Tank 2,Fish Tanks,63,63,2025-07-01,morning,dissolved_oxygen,5.4,mg/L
Fish Tank 2,Fish Tanks,63,63,2025-07-01,morning,temperature,29.1,degC
Fish Tank 2,Fish Tanks,63,63,2025-07-02,afternoon,dissolved_oxygen,4.64,mg/L
Fish Tank 2,Fish Tanks,63,63,2025-07-02,afternoon,temperature,30.7,degC
Fish Tank 2,Fish Tanks,63,63,2025-07-02,morning,dissolved_oxygen,6.38,mg/L
Fish Tank 2,Fish Tanks,63,63,2025-07-02,morning,temperature,29.0,degC
Fish Tank 2,Fish Tanks,63,63,2025-07-03,morning,dissolved_oxygen,6.12,mg/L
Fish Tank 2,Fish Tanks,63,63,2025-07-03,morning,temperature,27.6,degC
Fish Tank 2,Fish Tanks,63,63,2025-07-04,afternoon,dissolved_oxygen,4.29,mg/L
Fish Tank 2,Fish Tanks,63,63,2025-07-04,afternoon,temperature,31.3,degC
Fish Tank 2,Fish Tanks,63,63,2025-07-04,morning,dissolved_oxygen,5.99,mg/L
Fish Tank 2,Fish Tanks,63,63,2025-07-04,morning,temperature,28.2,degC
Fish Tank 2,Fish Tanks,63,63,2025-07-07,morning,dissolved_oxygen,5.82,mg/L
Fish Tank 2,Fish Tanks,63,63,2025-07-07,morning,temperature,29.6,degC
Fish Tank 2,Fish Tanks,65,65,2025-07-01,afternoon,dissolved_oxygen,4.65,mg/L
Fish Tank 2,Fish Tanks,65,65,2025-07-01,afternoon,temperature,32.9,degC
Fish Tank 2,Fish Tanks,65,65,2025-07-01,morning,dissolved_oxygen,5.6,mg/L
Fish Tank 2,Fish Tanks,65,65,2025-07-01,morning,temperature,29.0,degC
Fish Tank 2,Fish Tanks,65,65,2025-07-02,afternoon,dissolved_oxygen,4.78,mg/L
Fish Tank 2,Fish Tanks,65,65,2025-07-02,afternoon,temperature,30.5,degC
Fish Tank 2,Fish Tanks,65,65,2025-07-02,morning,dissolved_oxygen,5.55,mg/L
Fish Tank 2,Fish Tanks,65,65,2025-07-02,morning,temperature,29.4,degC
Fish Tank 2,Fish Tanks,65,65,2025-07-03,morning,dissolved_oxygen,6.02,mg/L
Fish Tank 2,Fish Tanks,65,65,2025-07-03,morning,temperature,27.4,degC
Fish Tank 2,Fish Tanks,65,65,2025-07-04,afternoon,dissolved_oxygen,4.72,mg/L
Fish Tank 2,Fish Tanks,65,65,2025-07-04,afternoon,temperature,31.1,degC
Fish Tank 2,Fish Tanks,65,65,2025-07-04,morning,dissolved_oxygen,6.04,mg/L
Fish Tank 2,Fish Tanks,65,65,2025-07-04,morning,temperature,28.2,degC
Fish Tank 2,Fish Tanks,65,65,2025-07-07,morning,dissolved_oxygen,6.05,mg/L
Fish Tank 2,Fish Tanks,65,65,2025-07-07,morning,temperature,29.5,degC
Fish Tank 2,Fish Tanks,66,66,2025-07-01,afternoon,dissolved_oxygen,4.61,mg/L
Fish Tank 2,Fish Tanks,66,66,2025-07-01,afternoon,temperature,32.8,degC
Fish Tank 2,Fish Tanks,66,66,2025-07-01,morning,dissolved_oxygen,4.7,mg/L
Fish Tank 2,Fish Tanks,66,66,2025-07-01,morning,temperature,28.8,degC
Fish Tank 2,Fish Tanks,66,66,2025-07-02,afternoon,dissolved_oxygen,4.57,mg/L
Fish Tank 2,Fish Tanks,66,66,2025-07-02,afternoon,temperature,30.6,degC
Fish Tank 2,Fish Tanks,66,66,2025-07-02,morning,dissolved_oxygen,5.84,mg/L
Fish Tank 2,Fish Tanks,66,66,2025-07-02,morning,temperature,29.2,degC
Fish Tank 2,Fish Tanks,66,66,2025-07-03,morning,dissolved_oxygen,5.82,mg/L
Fish Tank 2,Fish Tanks,66,66,2025-07-03,morning,temperature,27.4,degC
Fish Tank 2,Fish Tanks,66,66,2025-07-04,afternoon,dissolved_oxygen,4.24,mg/L
Fish Tank 2,Fish Tanks,66,66,2025-07-04,afternoon,temperature,31.2,degC
Fish Tank 2,Fish Tanks,66,66,2025-07-04,morning,dissolved_oxygen,5.83,mg/L
Fish Tank 2,Fish Tanks,66,66,2025-07-04,morning,temperature,28.1,degC
Fish Tank 2,Fish Tanks,66,66,2025-07-07,morning,dissolved_oxygen,5.75,mg/L
Fish Tank 2,Fish Tanks,66,66,2025-07-07,morning,temperature,29.2,degC
Fish Tank 2,Fish Tanks,67,67,2025-07-01,afternoon,dissolved_oxygen,5.45,mg/L
Fish Tank 2,Fish Tanks,67,67,2025-07-01,afternoon,temperature,32.8,degC
Fish Tank 2,Fish Tanks,67,67,2025-07-01,morning,dissolved_oxygen,5.46,mg/L
Fish Tank 2,Fish Tanks,67,67,2025-07-01,morning,temperature,28.7,degC
Fish Tank 2,Fish Tanks,67,67,2025-07-02,afternoon,dissolved_oxygen,5.15,mg/L
Fish Tank 2,Fish Tanks,67,67,2025-07-02,afternoon,temperature,30.7,degC
Fish Tank 2,Fish Tanks,67,67,2025-07-02,morning,dissolved_oxygen,6.0,mg/L
Fish Tank 2,Fish Tanks,67,67,2025-07-02,morning,temperature,29.2,degC
Fish Tank 2,Fish Tanks,67,67,2025-07-03,morning,dissolved_oxygen,6.24,mg/L
Fish Tank 2,Fish Tanks,67,67,2025-07-03,morning,temperature,27.3,degC
Fish Tank 2,Fish Tanks,67,67,2025-07-04,afternoon,dissolved_oxygen,5.65,mg/L
Fish Tank 2,Fish Tanks,67,67,2025-07-04,afternoon,temperature,30.7,degC
Fish Tank 2,Fish Tanks,67,67,2025-07-04,morning,dissolved_oxygen,6.43,mg/L
Fish Tank 2,Fish Tanks,67,67,2025-07-04,morning,temperature,27.9,degC
Fish Tank 2,Fish Tanks,67,67,2025-07-07,morning,dissolved_oxygen,6.33,mg/L
Fish Tank 2,Fish Tanks,67,67,2025-07-07,morning,temperature,29.3,degC
Fish Tank 2,Fish Tanks,68,68,2025-07-01,afternoon,dissolved_oxygen,4.27,mg/L
Fish Tank 2,Fish Tanks,68,68,2025-07-01,afternoon,temperature,32.8,degC
Fish Tank 2,Fish Tanks,68,68,2025-07-01,morning,dissolved_oxygen,4.85,mg/L
Fish Tank 2,Fish Tanks,68,68,2025-07-01,morning,temperature,28.8,degC
Fish Tank 2,Fish Tanks,68,68,2025-07-02,afternoon,dissolved_oxygen,4.06,mg/L
Fish Tank 2,Fish Tanks,68,68,2025-07-02,afternoon,temperature,30.5,degC
Fish Tank 2,Fish Tanks,68,68,2025-07-02,morning,dissolved_oxygen,5.89,mg/L
Fish Tank 2,Fish Tanks,68,68,2025-07-02,morning,temperature,29.2,degC
Fish Tank 2,Fish Tanks,68,68,2025-07-03,morning,dissolved_oxygen,6.0,mg/L
Fish Tank 2,Fish Tanks,68,68,2025-07-03,morning,temperature,27.4,degC
Fish Tank 2,Fish Tanks,68,68,2025-07-04,afternoon,dissolved_oxygen,3.65,mg/L
Fish Tank 2,Fish Tanks,68,68,2025-07-04,afternoon,temperature,31.0,degC
Fish Tank 2,Fish Tanks,68,68,2025-07-04,morning,dissolved_oxygen,5.7,mg/L
Fish Tank 2,Fish Tanks,68,68,2025-07-04,morning,temperature,28.1,degC
Fish Tank 2,Fish Tanks,68,68,2025-07-07,morning,dissolved_oxygen,5.8,mg/L
Fish Tank 2,Fish Tanks,68,68,2025-07-07,morning,temperature,29.4,degC
Fish Tank 2,Fish Tanks,69,69,2025-07-01,afternoon,dissolved_oxygen,5.04,mg/L
Fish Tank 2,Fish Tanks,69,69,2025-07-01,afternoon,temperature,32.8,degC
Fish Tank 2,Fish Tanks,69,69,2025-07-01,morning,ammonia,11.0,mg/L
Fish Tank 2,Fish Tanks,69,69,2025-07-01,morning,dissolved_oxygen,5.3,mg/L
Fish Tank 2,Fish Tanks,69,69,2025-07-01,morning,nitrate,10.8,mg/L
Fish Tank 2,Fish Tanks,69,69,2025-07-01,morning,nitrite,2.76,mg/L
Fish Tank 2,Fish Tanks,69,69,2025-07-01,morning,ph,6.77,pH
Fish Tank 2,Fish Tanks,69,69,2025-07-01,morning,temperature,28.6,degC
Fish Tank 2,Fish Tanks,69,69,2025-07-02,afternoon,dissolved_oxygen,4.93,mg/L
Fish Tank 2,Fish Tanks,69,69,2025-07-02,afternoon,temperature,30.3,degC
Fish Tank 2,Fish Tanks,69,69,2025-07-02,morning,dissolved_oxygen,6.38,mg/L
Fish Tank 2,Fish Tanks,69,69,2025-07-02,morning,temperature,28.9,degC
Fish Tank 2,Fish Tanks,69,69,2025-07-03,morning,dissolved_oxygen,6.28,mg/L
Fish Tank 2,Fish Tanks,69,69,2025-07-03,morning,temperature,27.3,degC
Fish Tank 2,Fish Tanks,69,69,2025-07-04,afternoon,dissolved_oxygen,4.68,mg/L
Fish Tank 2,Fish Tanks,69,69,2025-07-04,afternoon,temperature,30.8,degC
Fish Tank 2,Fish Tanks,69,69,2025-07-04,morning,ammonia,1.7,mg/L
Fish Tank 2,Fish Tanks,69,69,2025-07-04,morning,dissolved_oxygen,6.09,mg/L
Fish Tank 2,Fish Tanks,69,69,2025-07-04,morning,nitrate,2.8,mg/L
Fish Tank 2,Fish Tanks,69,69,2025-07-04,morning,nitrite,0.38,mg/L
Fish Tank 2,Fish Tanks,69,69,2025-07-04,morning,ph,6.85,pH
Fish Tank 2,Fish Tanks,69,69,2025-07-04,morning,temperature,27.8,degC
Fish Tank 2,Fish Tanks,69,69,2025-07-07,morning,dissolved_oxygen,6.14,mg/L
Fish Tank 2,Fish Tanks,69,69,2025-07-07,morning,temperature,29.2,degC
Fish Tank 2,Fish Tanks,70,70,2025-07-01,afternoon,dissolved_oxygen,4.7,mg/L
Fish Tank 2,Fish Tanks,70,70,2025-07-01,afternoon,temperature,32.8,degC
Fish Tank 2,Fish Tanks,70,70,2025-07-01,morning,dissolved_oxygen,5.22,mg/L
Fish Tank 2,Fish Tanks,70,70,2025-07-01,morning,temperature,28.7,degC
Fish Tank 2,Fish Tanks,70,70,2025-07-02,afternoon,dissolved_oxygen,4.82,mg/L
Fish Tank 2,Fish Tanks,70,70,2025-07-02,afternoon,temperature,30.5,degC
Fish Tank 2,Fish Tanks,70,70,2025-07-02,morning,dissolved_oxygen,6.32,mg/L
Fish Tank 2,Fish Tanks,70,70,2025-07-02,morning,temperature,28.9,degC
Fish Tank 2,Fish Tanks,70,70,2025-07-03,morning,dissolved_oxygen,6.12,mg/L
Fish Tank 2,Fish Tanks,70,70,2025-07-03,morning,temperature,27.4,degC
Fish Tank 2,Fish Tanks,70,70,2025-07-04,afternoon,dissolved_oxygen,4.3,mg/L
Fish Tank 2,Fish Tanks,70,70,2025-07-04,afternoon,temperature,30.9,degC
Fish Tank 2,Fish Tanks,70,70,2025-07-04,morning,dissolved_oxygen,6.24,mg/L
Fish Tank 2,Fish Tanks,70,70,2025-07-04,morning,temperature,27.9,degC
Fish Tank 2,Fish Tanks,70,70,2025-07-07,morning,dissolved_oxygen,6.23,mg/L
Fish Tank 2,Fish Tanks,70,70,2025-07-07,morning,temperature,29.3,degC
Fish Tank 2,Fish Tanks,71,71,2025-07-01,afternoon,dissolved_oxygen,5.15,mg/L
Fish Tank 2,Fish Tanks,71,71,2025-07-01,afternoon,temperature,32.1,degC
Fish Tank 2,Fish Tanks,71,71,2025-07-01,morning,dissolved_oxygen,4.31,mg/L
Fish Tank 2,Fish Tanks,71,71,2025-07-01,morning,temperature,28.9,degC
Fish Tank 2,Fish Tanks,71,71,2025-07-02,morning,dissolved_oxygen,6.02,mg/L
Fish Tank 2,Fish Tanks,71,71,2025-07-02,morning,temperature,29.1,degC
Fish Tank 2,Fish Tanks,71,71,2025-07-03,morning,dissolved_oxygen,5.16,mg/L
Fish Tank 2,Fish Tanks,71,71,2025-07-03,morning,temperature,27.4,degC
Fish Tank 2,Fish Tanks,71,71,2025-07-04,afternoon,dissolved_oxygen,4.12,mg/L
Fish Tank 2,Fish Tanks,71,71,2025-07-04,afternoon,temperature,31.1,degC
Fish Tank 2,Fish Tanks,71,71,2025-07-04,morning,dissolved_oxygen,5.29,mg/L
Fish Tank 2,Fish Tanks,71,71,2025-07-04,morning,temperature,28.0,degC
Fish Tank 2,Fish Tanks,71,71,2025-07-07,morning,dissolved_oxygen,5.33,mg/L
Fish Tank 2,Fish Tanks,71,71,2025-07-07,morning,temperature,29.5,degC
Fish Tank 2,Fish Tanks,72,72,2025-07-01,afternoon,dissolved_oxygen,5.04,mg/L
Fish Tank 2,Fish Tanks,72,72,2025-07-01,afternoon,temperature,32.1,degC
Fish Tank 2,Fish Tanks,72,72,2025-07-01,morning,dissolved_oxygen,5.18,mg/L
Fish Tank 2,Fish Tanks,72,72,2025-07-01,morning,temperature,28.9,degC
Fish Tank 2,Fish Tanks,72,72,2025-07-02,afternoon,dissolved_oxygen,4.68,mg/L
Fish Tank 2,Fish Tanks,72,72,2025-07-02,afternoon,temperature,30.5,degC
Fish Tank 2,Fish Tanks,72,72,2025-07-02,morning,dissolved_oxygen,5.79,mg/L
Fish Tank 2,Fish Tanks,72,72,2025-07-02,morning,temperature,29.2,degC
Fish Tank 2,Fish Tanks,72,72,2025-07-03,morning,dissolved_oxygen,6.15,mg/L
Fish Tank 2,Fish Tanks,72,72,2025-07-03,morning,temperature,27.5,degC
Fish Tank 2,Fish Tanks,72,72,2025-07-04,afternoon,dissolved_oxygen,4.05,mg/L
Fish Tank 2,Fish Tanks,72,72,2025-07-04,afternoon,temperature,31.1,degC
Fish Tank 2,Fish Tanks,72,72,2025-07-04,morning,dissolved_oxygen,6.01,mg/L
Fish Tank 2,Fish Tanks,72,72,2025-07-04,morning,temperature,28.2,degC
Fish Tank 2,Fish Tanks,72,72,2025-07-07,morning,dissolved_oxygen,6.07,mg/L
Fish Tank 2,Fish Tanks,72,72,2025-07-07,morning,temperature,29.5,degC
Fish Tank 2,Fish Tanks,73,73,2025-07-01,morning,dissolved_oxygen,4.65,mg/L
Fish Tank 2,Fish Tanks,73,73,2025-07-01,morning,temperature,29.1,degC
Fish Tank 2,Fish Tanks,73,73,2025-07-02,afternoon,dissolved_oxygen,4.61,mg/L
Fish Tank 2,Fish Tanks,73,73,2025-07-02,afternoon,temperature,30.4,degC
Fish Tank 2,Fish Tanks,73,73,2025-07-02,morning,dissolved_oxygen,6.3,mg/L
Fish Tank 2,Fish Tanks,73,73,2025-07-02,morning,temperature,28.9,degC
Fish Tank 2,Fish Tanks,73,73,2025-07-03,morning,dissolved_oxygen,5.7,mg/L
Fish Tank 2,Fish Tanks,73,73,2025-07-03,morning,temperature,27.8,degC
Fish Tank 2,Fish Tanks,73,73,2025-07-04,afternoon,dissolved_oxygen,4.0,mg/L
Fish Tank 2,Fish Tanks,73,73,2025-07-04,afternoon,temperature,31.3,degC
Fish Tank 2,Fish Tanks,73,73,2025-07-04,morning,dissolved_oxygen,5.67,mg/L
Fish Tank 2,Fish Tanks,73,73,2025-07-04,morning,temperature,28.2,degC
Fish Tank 2,Fish Tanks,73,73,2025-07-07,morning,dissolved_oxygen,5.54,mg/L
Fish Tank 2,Fish Tanks,73,73,2025-07-07,morning,temperature,29.6,degC
Fish Tank 2,Fish Tanks,74,74,2025-07-01,morning,ammonia,5.9,mg/L
Fish Tank 2,Fish Tanks,74,74,2025-07-01,morning,dissolved_oxygen,4.66,mg/L
Fish Tank 2,Fish Tanks,74,74,2025-07-01,morning,nitrate,8.0,mg/L
Fish Tank 2,Fish Tanks,74,74,2025-07-01,morning,nitrite,1.84,mg/L
Fish Tank 2,Fish Tanks,74,74,2025-07-01,morning,ph,6.7,pH
Fish Tank 2,Fish Tanks,74,74,2025-07-01,morning,temperature,29.2,degC
Fish Tank 2,Fish Tanks,74,74,2025-07-02,afternoon,dissolved_oxygen,4.18,mg/L
Fish Tank 2,Fish Tanks,74,74,2025-07-02,afternoon,temperature,30.6,degC
Fish Tank 2,Fish Tanks,74,74,2025-07-02,morning,dissolved_oxygen,5.58,mg/L
Fish Tank 2,Fish Tanks,74,74,2025-07-02,morning,temperature,29.1,degC
Fish Tank 2,Fish Tanks,74,74,2025-07-03,morning,dissolved_oxygen,5.97,mg/L
Fish Tank 2,Fish Tanks,74,74,2025-07-03,morning,temperature,27.7,degC
Fish Tank 2,Fish Tanks,74,74,2025-07-04,afternoon,dissolved_oxygen,4.77,mg/L
Fish Tank 2,Fish Tanks,74,74,2025-07-04,afternoon,temperature,31.3,degC
Fish Tank 2,Fish Tanks,74,74,2025-07-04,morning,ammonia,2.7,mg/L
Fish Tank 2,Fish Tanks,74,74,2025-07-04,morning,dissolved_oxygen,5.96,mg/L
Fish Tank 2,Fish Tanks,74,74,2025-07-04,morning,nitrate,3.6,mg/L
Fish Tank 2,Fish Tanks,74,74,2025-07-04,morning,nitrite,0.39,mg/L
Fish Tank 2,Fish Tanks,74,74,2025-07-04,morning,ph,6.81,pH
Fish Tank 2,Fish Tanks,74,74,2025-07-04,morning,temperature,28.3,degC
Fish Tank 2,Fish Tanks,74,74,2025-07-07,morning,dissolved_oxygen,5.54,mg/L
Fish Tank 2,Fish Tanks,74,74,2025-07-07,morning,temperature,29.7,degC
Fish Tank 2,Fish Tanks,75,75,2025-07-01,morning,dissolved_oxygen,4.93,mg/L
Fish Tank 2,Fish Tanks,75,75,2025-07-01,morning,temperature,29.1,degC
Fish Tank 2,Fish Tanks,75,75,2025-07-02,afternoon,dissolved_oxygen,4.53,mg/L
Fish Tank 2,Fish Tanks,75,75,2025-07-02,afternoon,temperature,30.7,degC
Fish Tank 2,Fish Tanks,75,75,2025-07-02,morning,dissolved_oxygen,6.11,mg/L
Fish Tank 2,Fish Tanks,75,75,2025-07-02,morning,temperature,29.0,degC
Fish Tank 2,Fish Tanks,75,75,2025-07-03,morning,dissolved_oxygen,6.09,mg/L
Fish Tank 2,Fish Tanks,75,75,2025-07-03,morning,temperature,27.6,degC
Fish Tank 2,Fish Tanks,75,75,2025-07-04,afternoon,dissolved_oxygen,3.97,mg/L
Fish Tank 2,Fish Tanks,75,75,2025-07-04,afternoon,temperature,31.7,degC
Fish Tank 2,Fish Tanks,75,75,2025-07-04,morning,dissolved_oxygen,6.23,mg/L
Fish Tank 2,Fish Tanks,75,75,2025-07-04,morning,temperature,28.3,degC
Fish Tank 2,Fish Tanks,75,75,2025-07-07,morning,dissolved_oxygen,5.97,mg/L
Fish Tank 2,Fish Tanks,75,75,2025-07-07,morning,temperature,29.7,degC
Fish Tank 2,Fish Tanks,77,77,2025-07-01,morning,dissolved_oxygen,5.29,mg/L
Fish Tank 2,Fish Tanks,77,77,2025-07-01,morning,temperature,29.1,degC
Fish Tank 2,Fish Tanks,77,77,2025-07-02,afternoon,dissolved_oxygen,4.54,mg/L
Fish Tank 2,Fish Tanks,77,77,2025-07-02,afternoon,temperature,30.8,degC
Fish Tank 2,Fish Tanks,77,77,2025-07-02,morning,dissolved_oxygen,6.18,mg/L
Fish Tank 2,Fish Tanks,77,77,2025-07-02,morning,temperature,28.8,degC
Fish Tank 2,Fish Tanks,77,77,2025-07-03,morning,dissolved_oxygen,6.09,mg/L
Fish Tank 2,Fish Tanks,77,77,2025-07-03,morning,temperature,27.8,degC
Fish Tank 2,Fish Tanks,77,77,2025-07-04,afternoon,dissolved_oxygen,4.88,mg/L
Fish Tank 2,Fish Tanks,77,77,2025-07-04,afternoon,temperature,31.6,degC
Fish Tank 2,Fish Tanks,77,77,2025-07-04,morning,dissolved_oxygen,6.04,mg/L
Fish Tank 2,Fish Tanks,77,77,2025-07-04,morning,temperature,28.3,degC
Fish Tank 2,Fish Tanks,77,77,2025-07-07,morning,ammonia,7.2,mg/L
Fish Tank 2,Fish Tanks,77,77,2025-07-07,morning,dissolved_oxygen,6.13,mg/L
Fish Tank 2,Fish Tanks,77,77,2025-07-07,morning,nitrate,6.4,mg/L
Fish Tank 2,Fish Tanks,77,77,2025-07-07,morning,nitrite,0.79,mg/L
Fish Tank 2,Fish Tanks,77,77,2025-07-07,morning,ph,6.99,pH
Fish Tank 2,Fish Tanks,77,77,2025-07-07,morning,temperature,29.8,degC
Fish Tank 2,Fish Tanks,79,79,2025-07-01,afternoon,dissolved_oxygen,4.61,mg/L
Fish Tank 2,Fish Tanks,79,79,2025-07-01,afternoon,temperature,31.4,degC
Fish Tank 2,Fish Tanks,79,79,2025-07-01,morning,dissolved_oxygen,5.05,mg/L
Fish Tank 2,Fish Tanks,79,79,2025-07-01,morning,temperature,28.8,degC
Fish Tank 2,Fish Tanks,79,79,2025-07-02,afternoon,dissolved_oxygen,4.69,mg/L
Fish Tank 2,Fish Tanks,79,79,2025-07-02,afternoon,temperature,31.7,degC
Fish Tank 2,Fish Tanks,79,79,2025-07-02,morning,dissolved_oxygen,5.71,mg/L
Fish Tank 2,Fish Tanks,79,79,2025-07-02,morning,temperature,28.7,degC
Fish Tank 2,Fish Tanks,79,79,2025-07-03,morning,dissolved_oxygen,5.84,mg/L
Fish Tank 2,Fish Tanks,79,79,2025-07-03,morning,temperature,28.0,degC
Fish Tank 2,Fish Tanks,79,79,2025-07-04,afternoon,dissolved_oxygen,3.86,mg/L
Fish Tank 2,Fish Tanks,79,79,2025-07-04,afternoon,temperature,31.2,degC
Fish Tank 2,Fish Tanks,79,79,2025-07-04,morning,dissolved_oxygen,6.0,mg/L
Fish Tank 2,Fish Tanks,79,79,2025-07-04,morning,temperature,28.2,degC
Fish Tank 2,Fish Tanks,79,79,2025-07-07,morning,dissolved_oxygen,5.99,mg/L
Fish Tank 2,Fish Tanks,79,79,2025-07-07,morning,temperature,29.4,degC
Fish Tank 2,Fish Tanks,80,80,2025-07-01,afternoon,dissolved_oxygen,4.44,mg/L
Fish Tank 2,Fish Tanks,80,80,2025-07-01,afternoon,temperature,31.4,degC
Fish Tank 2,Fish Tanks,80,80,2025-07-01,morning,dissolved_oxygen,4.84,mg/L
Fish Tank 2,Fish Tanks,80,80,2025-07-01,morning,temperature,28.8,degC
Fish Tank 2,Fish Tanks,80,80,2025-07-02,afternoon,dissolved_oxygen,5.04,mg/L
Fish Tank 2,Fish Tanks,80,80,2025-07-02,afternoon,temperature,31.7,degC
Fish Tank 2,Fish Tanks,80,80,2025-07-02,morning,dissolved_oxygen,6.13,mg/L
Fish Tank 2,Fish Tanks,80,80,2025-07-02,morning,temperature,28.6,degC
Fish Tank 2,Fish Tanks,80,80,2025-07-03,morning,dissolved_oxygen,6.0,mg/L
Fish Tank 2,Fish Tanks,80,80,2025-07-03,morning,temperature,28.0,degC
Fish Tank 2,Fish Tanks,80,80,2025-07-04,afternoon,dissolved_oxygen,4.16,mg/L
Fish Tank 2,Fish Tanks,80,80,2025-07-04,afternoon,temperature,31.2,degC
Fish Tank 2,Fish Tanks,80,80,2025-07-04,morning,dissolved_oxygen,6.21,mg/L
Fish Tank 2,Fish Tanks,80,80,2025-07-04,morning,temperature,28.2,degC
Fish Tank 2,Fish Tanks,80,80,2025-07-07,morning,dissolved_oxygen,6.09,mg/L
Fish Tank 2,Fish Tanks,80,80,2025-07-07,morning,temperature,29.4,degC
Fish Tank 2,Fish Tanks,81,81,2025-07-01,afternoon,dissolved_oxygen,4.28,mg/L
Fish Tank 2,Fish Tanks,81,81,2025-07-01,afternoon,temperature,31.3,degC
Fish Tank 2,Fish Tanks,81,81,2025-07-01,morning,dissolved_oxygen,4.67,mg/L
Fish Tank 2,Fish Tanks,81,81,2025-07-01,morning,temperature,28.8,degC
Fish Tank 2,Fish Tanks,81,81,2025-07-02,afternoon,dissolved_oxygen,4.53,mg/L
Fish Tank 2,Fish Tanks,81,81,2025-07-02,afternoon,temperature,31.5,degC
Fish Tank 2,Fish Tanks,81,81,2025-07-02,morning,dissolved_oxygen,5.67,mg/L
Fish Tank 2,Fish Tanks,81,81,2025-07-02,morning,temperature,28.7,degC
Fish Tank 2,Fish Tanks,81,81,2025-07-03,morning,dissolved_oxygen,6.06,mg/L
Fish Tank 2,Fish Tanks,81,81,2025-07-03,morning,temperature,27.6,degC
Fish Tank 2,Fish Tanks,81,81,2025-07-04,afternoon,dissolved_oxygen,3.92,mg/L
Fish Tank 2,Fish Tanks,81,81,2025-07-04,afternoon,temperature,31.1,degC
Fish Tank 2,Fish Tanks,81,81,2025-07-04,morning,dissolved_oxygen,5.74,mg/L
Fish Tank 2,Fish Tanks,81,81,2025-07-04,morning,temperature,28.1,degC
Fish Tank 2,Fish Tanks,81,81,2025-07-07,morning,dissolved_oxygen,5.63,mg/L
Fish Tank 2,Fish Tanks,81,81,2025-07-07,morning,temperature,29.5,degC
Fish Tank 2,Fish Tanks,82,82,2025-07-01,afternoon,dissolved_oxygen,4.46,mg/L
Fish Tank 2,Fish Tanks,82,82,2025-07-01,afternoon,temperature,31.4,degC
Fish Tank 2,Fish Tanks,82,82,2025-07-01,morning,ammonia,7.5,mg/L
Fish Tank 2,Fish Tanks,82,82,2025-07-01,morning,dissolved_oxygen,4.79,mg/L
Fish Tank 2,Fish Tanks,82,82,2025-07-01,morning,nitrate,7.3,mg/L
Fish Tank 2,Fish Tanks,82,82,2025-07-01,morning,nitrite,1.41,mg/L
Fish Tank 2,Fish Tanks,82,82,2025-07-01,morning,ph,6.81,pH
Fish Tank 2,Fish Tanks,82,82,2025-07-01,morning,temperature,28.7,degC
Fish Tank 2,Fish Tanks,82,82,2025-07-02,afternoon,dissolved_oxygen,4.77,mg/L
Fish Tank 2,Fish Tanks,82,82,2025-07-02,afternoon,temperature,31.4,degC
Fish Tank 2,Fish Tanks,82,82,2025-07-02,morning,dissolved_oxygen,5.88,mg/L
Fish Tank 2,Fish Tanks,82,82,2025-07-02,morning,temperature,28.7,degC
Fish Tank 2,Fish Tanks,82,82,2025-07-03,morning,dissolved_oxygen,5.92,mg/L
Fish Tank 2,Fish Tanks,82,82,2025-07-03,morning,temperature,27.9,degC
Fish Tank 2,Fish Tanks,82,82,2025-07-04,afternoon,dissolved_oxygen,4.05,mg/L
Fish Tank 2,Fish Tanks,82,82,2025-07-04,afternoon,temperature,31.0,degC
Fish Tank 2,Fish Tanks,82,82,2025-07-04,morning,ammonia,2.5,mg/L
Fish Tank 2,Fish Tanks,82,82,2025-07-04,morning,dissolved_oxygen,5.86,mg/L
Fish Tank 2,Fish Tanks,82,82,2025-07-04,morning,nitrate,2.1,mg/L
Fish Tank 2,Fish Tanks,82,82,2025-07-04,morning,nitrite,0.198,mg/L
Fish Tank 2,Fish Tanks,82,82,2025-07-04,morning,ph,6.8,pH
Fish Tank 2,Fish Tanks,82,82,2025-07-04,morning,temperature,28.1,degC
Fish Tank 2,Fish Tanks,82,82,2025-07-07,morning,dissolved_oxygen,6.18,mg/L
Fish Tank 2,Fish Tanks,82,82,2025-07-07,morning,temperature,29.3,degC
Fish Tank 2,Fish Tanks,83,83,2025-07-01,afternoon,dissolved_oxygen,5.05,mg/L
Fish Tank 2,Fish Tanks,83,83,2025-07-01,afternoon,temperature,32.5,degC
Fish Tank 2,Fish Tanks,83,83,2025-07-01,morning,dissolved_oxygen,4.81,mg/L
Fish Tank 2,Fish Tanks,83,83,2025-07-01,morning,temperature,28.6,degC
Fish Tank 2,Fish Tanks,83,83,2025-07-02,afternoon,dissolved_oxygen,4.57,mg/L
Fish Tank 2,Fish Tanks,83,83,2025-07-02,afternoon,temperature,30.3,degC
Fish Tank 2,Fish Tanks,83,83,2025-07-02,morning,dissolved_oxygen,6.25,mg/L
Fish Tank 2,Fish Tanks,83,83,2025-07-02,morning,temperature,28.6,degC
Fish Tank 2,Fish Tanks,83,83,2025-07-03,morning,dissolved_oxygen,6.13,mg/L
Fish Tank 2,Fish Tanks,83,83,2025-07-03,morning,temperature,27.4,degC
Fish Tank 2,Fish Tanks,83,83,2025-07-04,afternoon,dissolved_oxygen,4.51,mg/L
Fish Tank 2,Fish Tanks,83,83,2025-07-04,afternoon,temperature,30.7,degC
Fish Tank 2,Fish Tanks,83,83,2025-07-04,morning,dissolved_oxygen,6.01,mg/L
Fish Tank 2,Fish Tanks,83,83,2025-07-04,morning,temperature,27.8,degC
Fish Tank 2,Fish Tanks,83,83,2025-07-07,morning,dissolved_oxygen,6.19,mg/L
Fish Tank 2,Fish Tanks,83,83,2025-07-07,morning,temperature,29.2,degC
Fish Tank 2,Fish Tanks,84,84,2025-07-01,afternoon,dissolved_oxygen,5.21,mg/L
Fish Tank 2,Fish Tanks,84,84,2025-07-01,afternoon,temperature,32.2,degC
Fish Tank 2,Fish Tanks,84,84,2025-07-01,morning,dissolved_oxygen,4.76,mg/L
Fish Tank 2,Fish Tanks,84,84,2025-07-01,morning,temperature,28.6,degC
Fish Tank 2,Fish Tanks,84,84,2025-07-02,afternoon,dissolved_oxygen,4.36,mg/L
Fish Tank 2,Fish Tanks,84,84,2025-07-02,afternoon,temperature,30.3,degC
Fish Tank 2,Fish Tanks,84,84,2025-07-02,morning,dissolved_oxygen,5.78,mg/L
Fish Tank 2,Fish Tanks,84,84,2025-07-02,morning,temperature,28.9,degC
Fish Tank 2,Fish Tanks,84,84,2025-07-03,morning,dissolved_oxygen,6.07,mg/L
Fish Tank 2,Fish Tanks,84,84,2025-07-03,morning,temperature,27.3,degC
Fish Tank 2,Fish Tanks,84,84,2025-07-04,afternoon,dissolved_oxygen,4.41,mg/L
Fish Tank 2,Fish Tanks,84,84,2025-07-04,afternoon,temperature,30.8,degC
Fish Tank 2,Fish Tanks,84,84,2025-07-04,morning,dissolved_oxygen,6.15,mg/L
Fish Tank 2,Fish Tanks,84,84,2025-07-04,morning,temperature,27.8,degC
Fish Tank 2,Fish Tanks,84,84,2025-07-07,morning,dissolved_oxygen,5.97,mg/L
Fish Tank 2,Fish Tanks,84,84,2025-07-07,morning,temperature,29.2,degC
Fish Tank 2,Fish Tanks,85,85,2025-07-01,afternoon,dissolved_oxygen,5.34,mg/L
Fish Tank 2,Fish Tanks,85,85,2025-07-01,afternoon,temperature,32.0,degC
Fish Tank 2,Fish Tanks,85,85,2025-07-01,morning,dissolved_oxygen,4.51,mg/L
Fish Tank 2,Fish Tanks,85,85,2025-07-01,morning,temperature,28.6,degC
Fish Tank 2,Fish Tanks,85,85,2025-07-02,afternoon,dissolved_oxygen,4.48,mg/L
Fish Tank 2,Fish Tanks,85,85,2025-07-02,afternoon,temperature,30.1,degC
Fish Tank 2,Fish Tanks,85,85,2025-07-02,morning,dissolved_oxygen,6.03,mg/L
Fish Tank 2,Fish Tanks,85,85,2025-07-02,morning,temperature,28.5,degC
Fish Tank 2,Fish Tanks,85,85,2025-07-03,morning,dissolved_oxygen,5.66,mg/L
Fish Tank 2,Fish Tanks,85,85,2025-07-03,morning,temperature,27.3,degC
Fish Tank 2,Fish Tanks,85,85,2025-07-04,afternoon,dissolved_oxygen,3.76,mg/L
Fish Tank 2,Fish Tanks,85,85,2025-07-04,afternoon,temperature,30.5,degC
Fish Tank 2,Fish Tanks,85,85,2025-07-04,morning,dissolved_oxygen,5.64,mg/L
Fish Tank 2,Fish Tanks,85,85,2025-07-04,morning,temperature,27.8,degC
Fish Tank 2,Fish Tanks,85,85,2025-07-07,morning,dissolved_oxygen,5.85,mg/L
Fish Tank 2,Fish Tanks,85,85,2025-07-07,morning,temperature,29.1,degC
Fish Tank 2,Fish Tanks,86,86,2025-07-01,afternoon,dissolved_oxygen,5.47,mg/L
Fish Tank 2,Fish Tanks,86,86,2025-07-01,afternoon,temperature,31.9,degC
Fish Tank 2,Fish Tanks,86,86,2025-07-01,morning,dissolved_oxygen,3.4,mg/L
Fish Tank 2,Fish Tanks,86,86,2025-07-01,morning,temperature,28.7,degC
Fish Tank 2,Fish Tanks,86,86,2025-07-02,afternoon,dissolved_oxygen,4.05,mg/L
Fish Tank 2,Fish Tanks,86,86,2025-07-02,afternoon,temperature,30.2,degC
Fish Tank 2,Fish Tanks,86,86,2025-07-02,morning,dissolved_oxygen,5.17,mg/L
Fish Tank 2,Fish Tanks,86,86,2025-07-02,morning,temperature,28.7,degC
Fish Tank 2,Fish Tanks,86,86,2025-07-03,morning,dissolved_oxygen,5.5,mg/L
Fish Tank 2,Fish Tanks,86,86,2025-07-03,morning,temperature,27.4,degC
Fish Tank 2,Fish Tanks,86,86,2025-07-04,afternoon,dissolved_oxygen,3.55,mg/L
Fish Tank 2,Fish Tanks,86,86,2025-07-04,afternoon,temperature,30.7,degC
Fish Tank 2,Fish Tanks,86,86,2025-07-04,morning,dissolved_oxygen,5.24,mg/L
Fish Tank 2,Fish Tanks,86,86,2025-07-04,morning,temperature,27.9,degC
Fish Tank 2,Fish Tanks,86,86,2025-07-07,morning,ammonia,8.3,mg/L
Fish Tank 2,Fish Tanks,86,86,2025-07-07,morning,dissolved_oxygen,5.73,mg/L
Fish Tank 2,Fish Tanks,86,86,2025-07-07,morning,nitrate,4.2,mg/L
Fish Tank 2,Fish Tanks,86,86,2025-07-07,morning,nitrite,0.77,mg/L
Fish Tank 2,Fish Tanks,86,86,2025-07-07,morning,ph,6.98,pH
Fish Tank 2,Fish Tanks,86,86,2025-07-07,morning,temperature,29.3,degC
Fish Tank 2,Fish Tanks,87,87,2025-07-01,afternoon,dissolved_oxygen,5.73,mg/L
Fish Tank 2,Fish Tanks,87,87,2025-07-01,afternoon,temperature,32.0,degC
Fish Tank 2,Fish Tanks,87,87,2025-07-01,morning,dissolved_oxygen,4.8,mg/L
Fish Tank 2,Fish Tanks,87,87,2025-07-01,morning,temperature,28.4,degC
Fish Tank 2,Fish Tanks,87,87,2025-07-02,afternoon,dissolved_oxygen,5.0,mg/L
Fish Tank 2,Fish Tanks,87,87,2025-07-02,afternoon,temperature,30.0,degC
Fish Tank 2,Fish Tanks,87,87,2025-07-02,morning,dissolved_oxygen,6.28,mg/L
Fish Tank 2,Fish Tanks,87,87,2025-07-02,morning,temperature,28.5,degC
Fish Tank 2,Fish Tanks,87,87,2025-07-03,morning,dissolved_oxygen,5.99,mg/L
Fish Tank 2,Fish Tanks,87,87,2025-07-03,morning,temperature,27.2,degC
Fish Tank 2,Fish Tanks,87,87,2025-07-04,afternoon,dissolved_oxygen,4.17,mg/L
Fish Tank 2,Fish Tanks,87,87,2025-07-04,afternoon,temperature,30.5,degC
Fish Tank 2,Fish Tanks,87,87,2025-07-04,morning,dissolved_oxygen,5.79,mg/L
Fish Tank 2,Fish Tanks,87,87,2025-07-04,morning,temperature,27.6,degC
Fish Tank 2,Fish Tanks,87,87,2025-07-07,morning,dissolved_oxygen,5.73,mg/L
Fish Tank 2,Fish Tanks,87,87,2025-07-07,morning,temperature,29.0,degC
Fish Tank 2,Fish Tanks,89,89,2025-07-01,morning,dissolved_oxygen,4.59,mg/L
Fish Tank 2,Fish Tanks,89,89,2025-07-01,morning,temperature,29.3,degC
Fish Tank 2,Fish Tanks,89,89,2025-07-02,afternoon,dissolved_oxygen,3.77,mg/L
Fish Tank 2,Fish Tanks,89,89,2025-07-02,afternoon,temperature,30.9,degC
Fish Tank 2,Fish Tanks,89,89,2025-07-02,morning,dissolved_oxygen,5.86,mg/L
Fish Tank 2,Fish Tanks,89,89,2025-07-02,morning,temperature,29.0,degC
Fish Tank 2,Fish Tanks,89,89,2025-07-03,morning,dissolved_oxygen,6.0,mg/L
Fish Tank 2,Fish Tanks,89,89,2025-07-03,morning,temperature,27.8,degC
Fish Tank 2,Fish Tanks,89,89,2025-07-04,afternoon,dissolved_oxygen,3.81,mg/L
Fish Tank 2,Fish Tanks,89,89,2025-07-04,afternoon,temperature,31.8,degC
Fish Tank 2,Fish Tanks,89,89,2025-07-04,morning,dissolved_oxygen,5.6,mg/L
Fish Tank 2,Fish Tanks,89,89,2025-07-04,morning,temperature,28.4,degC
Fish Tank 2,Fish Tanks,89,89,2025-07-07,morning,dissolved_oxygen,5.1,mg/L
Fish Tank 2,Fish Tanks,89,89,2025-07-07,morning,temperature,29.8,degC
Fish Tank 2,Fish Tanks,90,90 for FT2,2025-07-01,afternoon,dissolved_oxygen,6.01,mg/L
Fish Tank 2,Fish Tanks,90,90 for FT2,2025-07-01,afternoon,temperature,31.9,degC
Fish Tank 2,Fish Tanks,90,90 for FT2,2025-07-01,morning,dissolved_oxygen,4.37,mg/L
Fish Tank 2,Fish Tanks,90,90 for FT2,2025-07-01,morning,temperature,28.8,degC
Fish Tank 2,Fish Tanks,90,90 for FT2,2025-07-02,afternoon,dissolved_oxygen,4.07,mg/L
Fish Tank 2,Fish Tanks,90,90 for FT2,2025-07-02,afternoon,temperature,31.6,degC
Fish Tank 2,Fish Tanks,90,90 for FT2,2025-07-02,morning,dissolved_oxygen,5.78,mg/L
Fish Tank 2,Fish Tanks,90,90 for FT2,2025-07-02,morning,temperature,29.0,degC
Fish Tank 2,Fish Tanks,90,90 for FT2,2025-07-03,morning,dissolved_oxygen,5.76,mg/L
Fish Tank 2,Fish Tanks,90,90 for FT2,2025-07-03,morning,temperature,28.0,degC
Fish Tank 2,Fish Tanks,90,90 for FT2,2025-07-04,afternoon,dissolved_oxygen,3.58,mg/L
Fish Tank 2,Fish Tanks,90,90 for FT2,2025-07-04,afternoon,temperature,31.1,degC
Fish Tank 2,Fish Tanks,90,90 for FT2,2025-07-04,morning,dissolved_oxygen,5.7,mg/L
Fish Tank 2,Fish Tanks,90,90 for FT2,2025-07-04,morning,temperature,28.2,degC
Fish Tank 2,Fish Tanks,90,90 for FT2,2025-07-07,morning,dissolved_oxygen,5.82,mg/L
Fish Tank 2,Fish Tanks,90,90 for FT2,2025-07-07,morning,temperature,29.5,degC
Fish Tank 3,Fish Tanks,91,91,2025-07-01,morning,dissolved_oxygen,6.58,mg/L
Fish Tank 3,Fish Tanks,91,91,2025-07-01,morning,temperature,29.5,degC
Fish Tank 3,Fish Tanks,91,91,2025-07-02,morning,dissolved_oxygen,5.88,mg/L
Fish Tank 3,Fish Tanks,91,91,2025-07-02,morning,nitrite,6.03,mg/L
Fish Tank 3,Fish Tanks,91,91,2025-07-02,morning,temperature,29.1,degC
Fish Tank 3,Fish Tanks,91,91,2025-07-03,morning,dissolved_oxygen,5.48,mg/L
Fish Tank 3,Fish Tanks,91,91,2025-07-03,morning,temperature,27.8,degC
Fish Tank 3,Fish Tanks,91,91,2025-07-04,morning,dissolved_oxygen,5.51,mg/L
Fish Tank 3,Fish Tanks,91,91,2025-07-04,morning,temperature,28.6,degC
Fish Tank 3,Fish Tanks,91,91,2025-07-10,morning,dissolved_oxygen,5.62,mg/L
Fish Tank 3,Fish Tanks,91,91,2025-07-10,morning,temperature,29.2,degC
Fish Tank 3,Fish Tanks,91,91,2025-07-11,morning,dissolved_oxygen,5.98,mg/L
Fish Tank 3,Fish Tanks,91,91,2025-07-11,morning,temperature,28.0,degC
Fish Tank 3,Fish Tanks,91,91,2025-07-15,morning,dissolved_oxygen,5.91,mg/L
Fish Tank 3,Fish Tanks,91,91,2025-07-15,morning,temperature,29.0,degC
Fish Tank 3,Fish Tanks,91,91,2025-07-17,morning,dissolved_oxygen,4.84,mg/L
Fish Tank 3,Fish Tanks,91,91,2025-07-17,morning,temperature,29.3,degC
Fish Tank 3,Fish Tanks,91,91,2025-07-18,morning,dissolved_oxygen,5.24,mg/L
Fish Tank 3,Fish Tanks,91,91,2025-07-18,morning,temperature,29.7,degC
Fish Tank 3,Fish Tanks,91,91,2025-07-21,morning,dissolved_oxygen,6.22,mg/L
Fish Tank 3,Fish Tanks,91,91,2025-07-21,morning,temperature,28.9,degC
Fish Tank 3,Fish Tanks,91,91,2025-07-23,morning,dissolved_oxygen,4.46,mg/L
Fish Tank 3,Fish Tanks,91,91,2025-07-23,morning,temperature,29.0,degC
Fish Tank 3,Fish Tanks,91,91,2025-07-24,morning,dissolved_oxygen,6.49,mg/L
Fish Tank 3,Fish Tanks,91,91,2025-07-24,morning,temperature,29.1,degC
Fish Tank 3,Fish Tanks,91,91,2025-07-28,morning,dissolved_oxygen,5.21,mg/L
Fish Tank 3,Fish Tanks,91,91,2025-07-28,morning,temperature,29.2,degC
Fish Tank 3,Fish Tanks,91,91,2025-07-29,morning,dissolved_oxygen,5.11,mg/L
Fish Tank 3,Fish Tanks,91,91,2025-07-29,morning,temperature,29.9,degC
Fish Tank 3,Fish Tanks,92,92,2025-07-01,afternoon,dissolved_oxygen,5.39,mg/L
Fish Tank 3,Fish Tanks,92,92,2025-07-01,afternoon,temperature,32.0,degC
Fish Tank 3,Fish Tanks,92,92,2025-07-01,morning,dissolved_oxygen,6.78,mg/L
Fish Tank 3,Fish Tanks,92,92,2025-07-01,morning,temperature,29.5,degC
Fish Tank 3,Fish Tanks,92,92,2025-07-02,afternoon,dissolved_oxygen,5.12,mg/L
Fish Tank 3,Fish Tanks,92,92,2025-07-02,afternoon,temperature,30.6,degC
Fish Tank 3,Fish Tanks,92,92,2025-07-02,morning,dissolved_oxygen,6.23,mg/L
Fish Tank 3,Fish Tanks,92,92,2025-07-02,morning,temperature,29.1,degC
Fish Tank 3,Fish Tanks,92,92,2025-07-03,morning,dissolved_oxygen,6.03,mg/L
Fish Tank 3,Fish Tanks,92,92,2025-07-03,morning,temperature,27.9,degC
Fish Tank 3,Fish Tanks,92,92,2025-07-04,afternoon,dissolved_oxygen,6.85,mg/L
Fish Tank 3,Fish Tanks,92,92,2025-07-04,afternoon,temperature,31.4,degC
Fish Tank 3,Fish Tanks,92,92,2025-07-04,morning,dissolved_oxygen,5.72,mg/L
Fish Tank 3,Fish Tanks,92,92,2025-07-04,morning,temperature,28.5,degC
Fish Tank 3,Fish Tanks,92,92,2025-07-08,afternoon,dissolved_oxygen,6.08,mg/L
Fish Tank 3,Fish Tanks,92,92,2025-07-08,afternoon,temperature,31.0,degC
Fish Tank 3,Fish Tanks,92,92,2025-07-10,afternoon,dissolved_oxygen,6.83,mg/L
Fish Tank 3,Fish Tanks,92,92,2025-07-10,afternoon,temperature,30.0,degC
Fish Tank 3,Fish Tanks,92,92,2025-07-10,morning,dissolved_oxygen,6.15,mg/L
Fish Tank 3,Fish Tanks,92,92,2025-07-10,morning,temperature,29.2,degC
Fish Tank 3,Fish Tanks,92,92,2025-07-11,afternoon,dissolved_oxygen,7.09,mg/L
Fish Tank 3,Fish Tanks,92,92,2025-07-11,afternoon,temperature,31.4,degC
Fish Tank 3,Fish Tanks,92,92,2025-07-11,morning,dissolved_oxygen,6.53,mg/L
Fish Tank 3,Fish Tanks,92,92,2025-07-11,morning,temperature,28.1,degC
Fish Tank 3,Fish Tanks,92,92,2025-07-15,afternoon,dissolved_oxygen,5.93,mg/L
Fish Tank 3,Fish Tanks,92,92,2025-07-15,afternoon,temperature,31.6,degC
Fish Tank 3,Fish Tanks,92,92,2025-07-15,morning,dissolved_oxygen,5.72,mg/L
Fish Tank 3,Fish Tanks,92,92,2025-07-15,morning,temperature,29.0,degC
Fish Tank 3,Fish Tanks,92,92,2025-07-16,afternoon,dissolved_oxygen,5.49,mg/L
Fish Tank 3,Fish Tanks,92,92,2025-07-16,afternoon,temperature,31.9,degC
Fish Tank 3,Fish Tanks,92,92,2025-07-17,afternoon,dissolved_oxygen,5.85,mg/L
Fish Tank 3,Fish Tanks,92,92,2025-07-17,afternoon,temperature,32.5,degC
Fish Tank 3,Fish Tanks,92,92,2025-07-17,morning,dissolved_oxygen,5.14,mg/L
Fish Tank 3,Fish Tanks,92,92,2025-07-17,morning,temperature,29.3,degC
Fish Tank 3,Fish Tanks,92,92,2025-07-18,afternoon,dissolved_oxygen,6.62,mg/L
Fish Tank 3,Fish Tanks,92,92,2025-07-18,afternoon,temperature,32.5,degC
Fish Tank 3,Fish Tanks,92,92,2025-07-18,morning,dissolved_oxygen,5.41,mg/L
Fish Tank 3,Fish Tanks,92,92,2025-07-18,morning,temperature,29.7,degC
Fish Tank 3,Fish Tanks,92,92,2025-07-21,afternoon,dissolved_oxygen,6.49,mg/L
Fish Tank 3,Fish Tanks,92,92,2025-07-21,afternoon,temperature,32.0,degC
Fish Tank 3,Fish Tanks,92,92,2025-07-21,morning,dissolved_oxygen,6.75,mg/L
Fish Tank 3,Fish Tanks,92,92,2025-07-21,morning,temperature,28.9,degC
Fish Tank 3,Fish Tanks,92,92,2025-07-22,afternoon,dissolved_oxygen,6.04,mg/L
Fish Tank 3,Fish Tanks,92,92,2025-07-22,afternoon,temperature,31.9,degC
Fish Tank 3,Fish Tanks,92,92,2025-07-23,afternoon,dissolved_oxygen,6.7,mg/L
Fish Tank 3,Fish Tanks,92,92,2025-07-23,afternoon,temperature,31.6,degC
Fish Tank 3,Fish Tanks,92,92,2025-07-23,morning,dissolved_oxygen,5.02,mg/L
Fish Tank 3,Fish Tanks,92,92,2025-07-23,morning,temperature,29.0,degC
Fish Tank 3,Fish Tanks,92,92,2025-07-24,afternoon,dissolved_oxygen,8.68,mg/L
Fish Tank 3,Fish Tanks,92,92,2025-07-24,afternoon,temperature,32.6,degC
Fish Tank 3,Fish Tanks,92,92,2025-07-24,morning,dissolved_oxygen,6.33,mg/L
Fish Tank 3,Fish Tanks,92,92,2025-07-24,morning,temperature,29.2,degC
Fish Tank 3,Fish Tanks,92,92,2025-07-25,afternoon,dissolved_oxygen,8.72,mg/L
Fish Tank 3,Fish Tanks,92,92,2025-07-25,afternoon,temperature,32.7,degC
Fish Tank 3,Fish Tanks,92,92,2025-07-28,afternoon,dissolved_oxygen,4.81,mg/L
Fish Tank 3,Fish Tanks,92,92,2025-07-28,afternoon,temperature,32.6,degC
Fish Tank 3,Fish Tanks,92,92,2025-07-28,morning,dissolved_oxygen,5.26,mg/L
Fish Tank 3,Fish Tanks,92,92,2025-07-28,morning,temperature,29.2,degC
Fish Tank 3,Fish Tanks,92,92,2025-07-29,afternoon,dissolved_oxygen,5.32,mg/L
Fish Tank 3,Fish Tanks,92,92,2025-07-29,afternoon,temperature,32.3,degC
Fish Tank 3,Fish Tanks,92,92,2025-07-29,morning,dissolved_oxygen,5.15,mg/L
Fish Tank 3,Fish Tanks,92,92,2025-07-29,morning,temperature,29.9,degC
Fish Tank 3,Fish Tanks,92,92,2025-07-30,afternoon,dissolved_oxygen,6.48,mg/L
Fish Tank 3,Fish Tanks,92,92,2025-07-30,afternoon,temperature,30.5,degC
Fish Tank 3,Fish Tanks,93,93,2025-07-01,afternoon,dissolved_oxygen,5.33,mg/L
Fish Tank 3,Fish Tanks,93,93,2025-07-01,afternoon,temperature,32.5,degC
Fish Tank 3,Fish Tanks,93,93,2025-07-01,morning,dissolved_oxygen,6.76,mg/L
Fish Tank 3,Fish Tanks,93,93,2025-07-01,morning,temperature,29.5,degC
Fish Tank 3,Fish Tanks,93,93,2025-07-02,afternoon,dissolved_oxygen,5.05,mg/L
Fish Tank 3,Fish Tanks,93,93,2025-07-02,afternoon,temperature,30.9,degC
Fish Tank 3,Fish Tanks,93,93,2025-07-02,morning,dissolved_oxygen,5.97,mg/L
Fish Tank 3,Fish Tanks,93,93,2025-07-02,morning,temperature,29.1,degC
Fish Tank 3,Fish Tanks,93,93,2025-07-03,morning,dissolved_oxygen,5.82,mg/L
Fish Tank 3,Fish Tanks,93,93,2025-07-03,morning,temperature,27.8,degC
Fish Tank 3,Fish Tanks,93,93,2025-07-04,afternoon,dissolved_oxygen,7.0,mg/L
Fish Tank 3,Fish Tanks,93,93,2025-07-04,afternoon,temperature,31.8,degC
Fish Tank 3,Fish Tanks,93,93,2025-07-04,morning,dissolved_oxygen,5.96,mg/L
Fish Tank 3,Fish Tanks,93,93,2025-07-04,morning,temperature,28.6,degC
Fish Tank 3,Fish Tanks,93,93,2025-07-08,afternoon,dissolved_oxygen,6.31,mg/L
Fish Tank 3,Fish Tanks,93,93,2025-07-08,afternoon,temperature,31.1,degC
Fish Tank 3,Fish Tanks,93,93,2025-07-10,afternoon,dissolved_oxygen,7.11,mg/L
Fish Tank 3,Fish Tanks,93,93,2025-07-10,afternoon,temperature,30.2,degC
Fish Tank 3,Fish Tanks,93,93,2025-07-10,morning,dissolved_oxygen,6.22,mg/L
Fish Tank 3,Fish Tanks,93,93,2025-07-10,morning,temperature,29.2,degC
Fish Tank 3,Fish Tanks,93,93,2025-07-11,afternoon,dissolved_oxygen,7.04,mg/L
Fish Tank 3,Fish Tanks,93,93,2025-07-11,afternoon,temperature,32.1,degC
Fish Tank 3,Fish Tanks,93,93,2025-07-11,morning,dissolved_oxygen,6.42,mg/L
Fish Tank 3,Fish Tanks,93,93,2025-07-11,morning,temperature,28.1,degC
Fish Tank 3,Fish Tanks,93,93,2025-07-15,afternoon,dissolved_oxygen,5.7,mg/L
Fish Tank 3,Fish Tanks,93,93,2025-07-15,afternoon,temperature,32.1,degC
Fish Tank 3,Fish Tanks,93,93,2025-07-15,morning,dissolved_oxygen,6.14,mg/L
Fish Tank 3,Fish Tanks,93,93,2025-07-15,morning,temperature,29.2,degC
Fish Tank 3,Fish Tanks,93,93,2025-07-16,afternoon,dissolved_oxygen,6.74,mg/L
Fish Tank 3,Fish Tanks,93,93,2025-07-16,afternoon,temperature,32.5,degC
Fish Tank 3,Fish Tanks,93,93,2025-07-17,afternoon,dissolved_oxygen,6.14,mg/L
Fish Tank 3,Fish Tanks,93,93,2025-07-17,afternoon,temperature,33.2,degC
Fish Tank 3,Fish Tanks,93,93,2025-07-17,morning,dissolved_oxygen,5.14,mg/L
Fish Tank 3,Fish Tanks,93,93,2025-07-17,morning,temperature,29.4,degC
Fish Tank 3,Fish Tanks,93,93,2025-07-18,afternoon,dissolved_oxygen,6.48,mg/L
Fish Tank 3,Fish Tanks,93,93,2025-07-18,afternoon,temperature,33.2,degC
Fish Tank 3,Fish Tanks,93,93,2025-07-18,morning,dissolved_oxygen,5.28,mg/L
Fish Tank 3,Fish Tanks,93,93,2025-07-18,morning,temperature,29.8,degC
Fish Tank 3,Fish Tanks,93,93,2025-07-21,afternoon,dissolved_oxygen,6.29,mg/L
Fish Tank 3,Fish Tanks,93,93,2025-07-21,afternoon,temperature,32.8,degC
Fish Tank 3,Fish Tanks,93,93,2025-07-21,morning,dissolved_oxygen,7.02,mg/L
Fish Tank 3,Fish Tanks,93,93,2025-07-21,morning,temperature,29.0,degC
Fish Tank 3,Fish Tanks,93,93,2025-07-22,afternoon,dissolved_oxygen,6.33,mg/L
Fish Tank 3,Fish Tanks,93,93,2025-07-22,afternoon,temperature,32.3,degC
Fish Tank 3,Fish Tanks,93,93,2025-07-23,afternoon,dissolved_oxygen,6.38,mg/L
Fish Tank 3,Fish Tanks,93,93,2025-07-23,afternoon,temperature,32.0,degC
Fish Tank 3,Fish Tanks,93,93,2025-07-23,morning,dissolved_oxygen,5.42,mg/L
Fish Tank 3,Fish Tanks,93,93,2025-07-23,morning,temperature,29.0,degC
Fish Tank 3,Fish Tanks,93,93,2025-07-24,afternoon,dissolved_oxygen,7.55,mg/L
Fish Tank 3,Fish Tanks,93,93,2025-07-24,afternoon,temperature,33.3,degC
Fish Tank 3,Fish Tanks,93,93,2025-07-24,morning,dissolved_oxygen,6.68,mg/L
Fish Tank 3,Fish Tanks,93,93,2025-07-24,morning,temperature,29.2,degC
Fish Tank 3,Fish Tanks,93,93,2025-07-25,afternoon,dissolved_oxygen,8.34,mg/L
Fish Tank 3,Fish Tanks,93,93,2025-07-25,afternoon,temperature,33.6,degC
Fish Tank 3,Fish Tanks,93,93,2025-07-28,afternoon,dissolved_oxygen,4.53,mg/L
Fish Tank 3,Fish Tanks,93,93,2025-07-28,afternoon,temperature,33.3,degC
Fish Tank 3,Fish Tanks,93,93,2025-07-28,morning,dissolved_oxygen,5.41,mg/L
Fish Tank 3,Fish Tanks,93,93,2025-07-28,morning,temperature,29.2,degC
Fish Tank 3,Fish Tanks,93,93,2025-07-29,afternoon,dissolved_oxygen,4.21,mg/L
Fish Tank 3,Fish Tanks,93,93,2025-07-29,afternoon,temperature,32.7,degC
Fish Tank 3,Fish Tanks,93,93,2025-07-29,morning,dissolved_oxygen,5.21,mg/L
Fish Tank 3,Fish Tanks,93,93,2025-07-29,morning,temperature,29.9,degC
Fish Tank 3,Fish Tanks,93,93,2025-07-30,afternoon,dissolved_oxygen,5.85,mg/L
Fish Tank 3,Fish Tanks,93,93,2025-07-30,afternoon,temperature,30.5,degC
Fish Tank 3,Fish Tanks,97,97,2025-07-01,afternoon,dissolved_oxygen,5.25,mg/L
Fish Tank 3,Fish Tanks,97,97,2025-07-01,afternoon,temperature,32.8,degC
Fish Tank 3,Fish Tanks,97,97,2025-07-01,morning,ammonia,1.03,mg/L
Fish Tank 3,Fish Tanks,97,97,2025-07-01,morning,dissolved_oxygen,6.54,mg/L
Fish Tank 3,Fish Tanks,97,97,2025-07-01,morning,nitrate,1.0,mg/L
Fish Tank 3,Fish Tanks,97,97,2025-07-01,morning,nitrite,0.09,mg/L
Fish Tank 3,Fish Tanks,97,97,2025-07-01,morning,ph,6.82,pH
Fish Tank 3,Fish Tanks,97,97,2025-07-01,morning,temperature,29.6,degC
Fish Tank 3,Fish Tanks,97,97,2025-07-02,afternoon,dissolved_oxygen,4.9,mg/L
Fish Tank 3,Fish Tanks,97,97,2025-07-02,afternoon,temperature,31.2,degC
Fish Tank 3,Fish Tanks,97,97,2025-07-02,morning,dissolved_oxygen,5.82,mg/L
Fish Tank 3,Fish Tanks,97,97,2025-07-02,morning,temperature,29.3,degC
Fish Tank 3,Fish Tanks,97,97,2025-07-03,morning,dissolved_oxygen,5.84,mg/L
Fish Tank 3,Fish Tanks,97,97,2025-07-03,morning,temperature,28.0,degC
Fish Tank 3,Fish Tanks,97,97,2025-07-04,afternoon,dissolved_oxygen,6.25,mg/L
Fish Tank 3,Fish Tanks,97,97,2025-07-04,afternoon,temperature,32.1,degC
Fish Tank 3,Fish Tanks,97,97,2025-07-04,morning,ammonia,2.5,mg/L
Fish Tank 3,Fish Tanks,97,97,2025-07-04,morning,dissolved_oxygen,6.44,mg/L
Fish Tank 3,Fish Tanks,97,97,2025-07-04,morning,nitrate,1.4,mg/L
Fish Tank 3,Fish Tanks,97,97,2025-07-04,morning,nitrite,0.062,mg/L
Fish Tank 3,Fish Tanks,97,97,2025-07-04,morning,ph,6.99,pH
Fish Tank 3,Fish Tanks,97,97,2025-07-04,morning,temperature,29.0,degC
Fish Tank 3,Fish Tanks,97,97,2025-07-08,afternoon,dissolved_oxygen,5.88,mg/L
Fish Tank 3,Fish Tanks,97,97,2025-07-08,afternoon,temperature,31.0,degC
Fish Tank 3,Fish Tanks,97,97,2025-07-10,afternoon,dissolved_oxygen,6.11,mg/L
Fish Tank 3,Fish Tanks,97,97,2025-07-10,afternoon,temperature,29.2,degC
Fish Tank 3,Fish Tanks,97,97,2025-07-10,morning,dissolved_oxygen,5.98,mg/L
Fish Tank 3,Fish Tanks,97,97,2025-07-10,morning,temperature,27.8,degC
Fish Tank 3,Fish Tanks,97,97,2025-07-11,afternoon,dissolved_oxygen,6.3,mg/L
Fish Tank 3,Fish Tanks,97,97,2025-07-11,afternoon,temperature,32.1,degC
Fish Tank 3,Fish Tanks,97,97,2025-07-11,morning,dissolved_oxygen,6.34,mg/L
Fish Tank 3,Fish Tanks,97,97,2025-07-11,morning,temperature,27.8,degC
Fish Tank 3,Fish Tanks,97,97,2025-07-15,afternoon,dissolved_oxygen,5.41,mg/L
Fish Tank 3,Fish Tanks,97,97,2025-07-15,afternoon,temperature,32.2,degC
Fish Tank 3,Fish Tanks,97,97,2025-07-15,morning,dissolved_oxygen,6.24,mg/L
Fish Tank 3,Fish Tanks,97,97,2025-07-15,morning,temperature,29.2,degC
Fish Tank 3,Fish Tanks,97,97,2025-07-16,afternoon,dissolved_oxygen,6.02,mg/L
Fish Tank 3,Fish Tanks,97,97,2025-07-16,afternoon,temperature,32.6,degC
Fish Tank 3,Fish Tanks,97,97,2025-07-17,afternoon,dissolved_oxygen,5.78,mg/L
Fish Tank 3,Fish Tanks,97,97,2025-07-17,afternoon,temperature,33.3,degC
Fish Tank 3,Fish Tanks,97,97,2025-07-17,morning,dissolved_oxygen,5.05,mg/L
Fish Tank 3,Fish Tanks,97,97,2025-07-17,morning,temperature,29.5,degC
Fish Tank 3,Fish Tanks,97,97,2025-07-18,afternoon,dissolved_oxygen,5.16,mg/L
Fish Tank 3,Fish Tanks,97,97,2025-07-18,afternoon,temperature,33.4,degC
Fish Tank 3,Fish Tanks,97,97,2025-07-18,morning,dissolved_oxygen,5.13,mg/L
Fish Tank 3,Fish Tanks,97,97,2025-07-18,morning,temperature,29.9,degC
Fish Tank 3,Fish Tanks,97,97,2025-07-21,afternoon,dissolved_oxygen,6.51,mg/L
Fish Tank 3,Fish Tanks,97,97,2025-07-21,afternoon,temperature,33.1,degC
Fish Tank 3,Fish Tanks,97,97,2025-07-21,morning,dissolved_oxygen,6.65,mg/L
Fish Tank 3,Fish Tanks,97,97,2025-07-21,morning,temperature,29.1,degC
Fish Tank 3,Fish Tanks,97,97,2025-07-22,afternoon,dissolved_oxygen,6.15,mg/L
Fish Tank 3,Fish Tanks,97,97,2025-07-22,afternoon,temperature,32.4,degC
Fish Tank 3,Fish Tanks,97,97,2025-07-23,afternoon,dissolved_oxygen,6.59,mg/L
Fish Tank 3,Fish Tanks,97,97,2025-07-23,afternoon,temperature,32.2,degC
Fish Tank 3,Fish Tanks,97,97,2025-07-23,morning,dissolved_oxygen,5.53,mg/L
Fish Tank 3,Fish Tanks,97,97,2025-07-23,morning,temperature,29.2,degC
Fish Tank 3,Fish Tanks,97,97,2025-07-24,afternoon,dissolved_oxygen,6.12,mg/L
Fish Tank 3,Fish Tanks,97,97,2025-07-24,afternoon,temperature,33.3,degC
Fish Tank 3,Fish Tanks,97,97,2025-07-24,morning,dissolved_oxygen,6.59,mg/L
Fish Tank 3,Fish Tanks,97,97,2025-07-24,morning,temperature,29.4,degC
Fish Tank 3,Fish Tanks,97,97,2025-07-25,afternoon,dissolved_oxygen,7.72,mg/L
Fish Tank 3,Fish Tanks,97,97,2025-07-25,afternoon,temperature,33.7,degC
Fish Tank 3,Fish Tanks,97,97,2025-07-28,afternoon,dissolved_oxygen,4.48,mg/L
Fish Tank 3,Fish Tanks,97,97,2025-07-28,afternoon,temperature,33.3,degC
Fish Tank 3,Fish Tanks,97,97,2025-07-28,morning,dissolved_oxygen,5.27,mg/L
Fish Tank 3,Fish Tanks,97,97,2025-07-28,morning,temperature,29.5,degC
Fish Tank 3,Fish Tanks,97,97,2025-07-29,afternoon,dissolved_oxygen,4.62,mg/L
Fish Tank 3,Fish Tanks,97,97,2025-07-29,afternoon,temperature,32.7,degC
Fish Tank 3,Fish Tanks,97,97,2025-07-29,morning,dissolved_oxygen,5.52,mg/L
Fish Tank 3,Fish Tanks,97,97,2025-07-29,morning,temperature,30.0,degC
Fish Tank 3,Fish Tanks,97,97,2025-07-30,afternoon,dissolved_oxygen,6.22,mg/L
Fish Tank 3,Fish Tanks,97,97,2025-07-30,afternoon,temperature,30.5,degC
Fish Tank 3,Fish Tanks,100,100,2025-07-01,afternoon,dissolved_oxygen,5.17,mg/L
Fish Tank 3,Fish Tanks,100,100,2025-07-01,afternoon,temperature,32.5,degC
Fish Tank 3,Fish Tanks,100,100,2025-07-01,morning,dissolved_oxygen,6.56,mg/L
Fish Tank 3,Fish Tanks,100,100,2025-07-01,morning,temperature,29.6,degC
Fish Tank 3,Fish Tanks,100,100,2025-07-02,afternoon,dissolved_oxygen,4.92,mg/L
Fish Tank 3,Fish Tanks,100,100,2025-07-02,afternoon,temperature,31.0,degC
Fish Tank 3,Fish Tanks,100,100,2025-07-02,morning,dissolved_oxygen,5.77,mg/L
Fish Tank 3,Fish Tanks,100,100,2025-07-02,morning,temperature,29.4,degC
Fish Tank 3,Fish Tanks,100,100,2025-07-03,morning,dissolved_oxygen,6.1,mg/L
Fish Tank 3,Fish Tanks,100,100,2025-07-03,morning,temperature,27.9,degC
Fish Tank 3,Fish Tanks,100,100,2025-07-04,afternoon,dissolved_oxygen,7.11,mg/L
Fish Tank 3,Fish Tanks,100,100,2025-07-04,afternoon,temperature,31.8,degC
Fish Tank 3,Fish Tanks,100,100,2025-07-07,morning,ammonia,2.35,mg/L
Fish Tank 3,Fish Tanks,100,100,2025-07-07,morning,nitrate,5.1,mg/L
Fish Tank 3,Fish Tanks,100,100,2025-07-07,morning,nitrite,0.82,mg/L
Fish Tank 3,Fish Tanks,100,100,2025-07-07,morning,ph,7.32,pH
Fish Tank 3,Fish Tanks,100,100,2025-07-08,afternoon,dissolved_oxygen,5.68,mg/L
Fish Tank 3,Fish Tanks,100,100,2025-07-08,afternoon,temperature,30.8,degC
Fish Tank 3,Fish Tanks,100,100,2025-07-10,afternoon,dissolved_oxygen,7.06,mg/L
Fish Tank 3,Fish Tanks,100,100,2025-07-10,afternoon,temperature,30.3,degC
Fish Tank 3,Fish Tanks,100,100,2025-07-10,morning,dissolved_oxygen,6.56,mg/L
Fish Tank 3,Fish Tanks,100,100,2025-07-10,morning,temperature,29.3,degC
Fish Tank 3,Fish Tanks,100,100,2025-07-11,afternoon,dissolved_oxygen,7.23,mg/L
Fish Tank 3,Fish Tanks,100,100,2025-07-11,afternoon,temperature,32.2,degC
Fish Tank 3,Fish Tanks,100,100,2025-07-11,morning,ammonia,2.24,mg/L
Fish Tank 3,Fish Tanks,100,100,2025-07-11,morning,dissolved_oxygen,6.34,mg/L
Fish Tank 3,Fish Tanks,100,100,2025-07-11,morning,nitrate,1.8,mg/L
Fish Tank 3,Fish Tanks,100,100,2025-07-11,morning,nitrite,0.028,mg/L
Fish Tank 3,Fish Tanks,100,100,2025-07-11,morning,ph,8.62,pH
Fish Tank 3,Fish Tanks,100,100,2025-07-11,morning,temperature,28.2,degC
Fish Tank 3,Fish Tanks,100,100,2025-07-15,afternoon,dissolved_oxygen,5.39,mg/L
Fish Tank 3,Fish Tanks,100,100,2025-07-15,afternoon,temperature,32.1,degC
Fish Tank 3,Fish Tanks,100,100,2025-07-15,morning,dissolved_oxygen,5.7,mg/L
Fish Tank 3,Fish Tanks,100,100,2025-07-15,morning,temperature,29.1,degC
Fish Tank 3,Fish Tanks,100,100,2025-07-16,afternoon,dissolved_oxygen,5.62,mg/L
Fish Tank 3,Fish Tanks,100,100,2025-07-16,afternoon,temperature,32.4,degC
Fish Tank 3,Fish Tanks,100,100,2025-07-17,afternoon,dissolved_oxygen,4.76,mg/L
Fish Tank 3,Fish Tanks,100,100,2025-07-17,afternoon,temperature,33.2,degC
Fish Tank 3,Fish Tanks,100,100,2025-07-17,morning,dissolved_oxygen,4.81,mg/L
Fish Tank 3,Fish Tanks,100,100,2025-07-17,morning,temperature,29.5,degC
Fish Tank 3,Fish Tanks,100,100,2025-07-18,afternoon,dissolved_oxygen,5.24,mg/L
Fish Tank 3,Fish Tanks,100,100,2025-07-18,afternoon,temperature,33.5,degC
Fish Tank 3,Fish Tanks,100,100,2025-07-18,morning,dissolved_oxygen,4.82,mg/L
Fish Tank 3,Fish Tanks,100,100,2025-07-18,morning,temperature,29.9,degC
Fish Tank 3,Fish Tanks,100,100,2025-07-21,afternoon,dissolved_oxygen,6.04,mg/L
Fish Tank 3,Fish Tanks,100,100,2025-07-21,afternoon,temperature,33.0,degC
Fish Tank 3,Fish Tanks,100,100,2025-07-21,morning,dissolved_oxygen,6.47,mg/L
Fish Tank 3,Fish Tanks,100,100,2025-07-21,morning,temperature,29.1,degC
Fish Tank 3,Fish Tanks,100,100,2025-07-22,afternoon,dissolved_oxygen,5.6,mg/L
Fish Tank 3,Fish Tanks,100,100,2025-07-22,afternoon,temperature,32.5,degC
Fish Tank 3,Fish Tanks,100,100,2025-07-23,afternoon,dissolved_oxygen,6.49,mg/L
Fish Tank 3,Fish Tanks,100,100,2025-07-23,afternoon,temperature,32.1,degC
Fish Tank 3,Fish Tanks,100,100,2025-07-23,morning,dissolved_oxygen,5.25,mg/L
Fish Tank 3,Fish Tanks,100,100,2025-07-23,morning,temperature,29.3,degC
Fish Tank 3,Fish Tanks,100,100,2025-07-24,afternoon,dissolved_oxygen,6.68,mg/L
Fish Tank 3,Fish Tanks,100,100,2025-07-24,afternoon,temperature,33.2,degC
Fish Tank 3,Fish Tanks,100,100,2025-07-24,morning,dissolved_oxygen,6.65,mg/L
Fish Tank 3,Fish Tanks,100,100,2025-07-24,morning,temperature,29.4,degC
Fish Tank 3,Fish Tanks,100,100,2025-07-25,afternoon,dissolved_oxygen,7.24,mg/L
Fish Tank 3,Fish Tanks,100,100,2025-07-25,afternoon,temperature,33.6,degC
Fish Tank 3,Fish Tanks,100,100,2025-07-28,afternoon,dissolved_oxygen,4.48,mg/L
Fish Tank 3,Fish Tanks,100,100,2025-07-28,afternoon,temperature,33.0,degC
Fish Tank 3,Fish Tanks,100,100,2025-07-28,morning,dissolved_oxygen,5.34,mg/L
Fish Tank 3,Fish Tanks,100,100,2025-07-28,morning,temperature,29.4,degC
Fish Tank 3,Fish Tanks,100,100,2025-07-29,afternoon,dissolved_oxygen,4.84,mg/L
Fish Tank 3,Fish Tanks,100,100,2025-07-29,afternoon,temperature,32.4,degC
Fish Tank 3,Fish Tanks,100,100,2025-07-29,morning,dissolved_oxygen,5.48,mg/L
Fish Tank 3,Fish Tanks,100,100,2025-07-29,morning,temperature,29.9,degC
Fish Tank 3,Fish Tanks,100,100,2025-07-30,afternoon,dissolved_oxygen,6.71,mg/L
Fish Tank 3,Fish Tanks,100,100,2025-07-30,afternoon,temperature,30.4,degC
Fish Tank 3,Fish Tanks,104,104,2025-07-01,afternoon,dissolved_oxygen,4.1,mg/L
Fish Tank 3,Fish Tanks,104,104,2025-07-01,afternoon,temperature,32.6,degC
Fish Tank 3,Fish Tanks,104,104,2025-07-01,morning,dissolved_oxygen,5.84,mg/L
Fish Tank 3,Fish Tanks,104,104,2025-07-01,morning,temperature,29.6,degC
Fish Tank 3,Fish Tanks,104,104,2025-07-02,afternoon,dissolved_oxygen,4.1,mg/L
Fish Tank 3,Fish Tanks,104,104,2025-07-02,afternoon,temperature,31.4,degC
Fish Tank 3,Fish Tanks,104,104,2025-07-02,morning,dissolved_oxygen,6.0,mg/L
Fish Tank 3,Fish Tanks,104,104,2025-07-02,morning,temperature,29.3,degC
Fish Tank 3,Fish Tanks,104,104,2025-07-03,morning,dissolved_oxygen,5.0,mg/L
Fish Tank 3,Fish Tanks,104,104,2025-07-03,morning,temperature,28.0,degC
Fish Tank 3,Fish Tanks,104,104,2025-07-04,afternoon,dissolved_oxygen,8.9,mg/L
Fish Tank 3,Fish Tanks,104,104,2025-07-04,afternoon,temperature,32.0,degC
Fish Tank 3,Fish Tanks,104,104,2025-07-04,morning,dissolved_oxygen,5.89,mg/L
Fish Tank 3,Fish Tanks,104,104,2025-07-04,morning,temperature,29.2,degC
Fish Tank 3,Fish Tanks,104,104,2025-07-08,afternoon,dissolved_oxygen,5.65,mg/L
Fish Tank 3,Fish Tanks,104,104,2025-07-08,afternoon,temperature,30.9,degC
Fish Tank 3,Fish Tanks,104,104,2025-07-10,afternoon,dissolved_oxygen,6.96,mg/L
Fish Tank 3,Fish Tanks,104,104,2025-07-10,morning,dissolved_oxygen,6.31,mg/L
Fish Tank 3,Fish Tanks,104,104,2025-07-10,morning,temperature,29.2,degC
Fish Tank 3,Fish Tanks,104,104,2025-07-11,afternoon,dissolved_oxygen,6.86,mg/L
Fish Tank 3,Fish Tanks,104,104,2025-07-11,afternoon,temperature,32.3,degC
Fish Tank 3,Fish Tanks,104,104,2025-07-11,morning,dissolved_oxygen,6.66,mg/L
Fish Tank 3,Fish Tanks,104,104,2025-07-11,morning,temperature,28.2,degC
Fish Tank 3,Fish Tanks,104,104,2025-07-15,afternoon,dissolved_oxygen,5.86,mg/L
Fish Tank 3,Fish Tanks,104,104,2025-07-15,afternoon,temperature,32.1,degC
Fish Tank 3,Fish Tanks,104,104,2025-07-15,morning,dissolved_oxygen,5.72,mg/L
Fish Tank 3,Fish Tanks,104,104,2025-07-15,morning,temperature,29.2,degC
Fish Tank 3,Fish Tanks,104,104,2025-07-16,afternoon,dissolved_oxygen,7.14,mg/L
Fish Tank 3,Fish Tanks,104,104,2025-07-16,afternoon,temperature,32.5,degC
Fish Tank 3,Fish Tanks,104,104,2025-07-17,afternoon,dissolved_oxygen,6.21,mg/L
Fish Tank 3,Fish Tanks,104,104,2025-07-17,afternoon,temperature,33.3,degC
Fish Tank 3,Fish Tanks,104,104,2025-07-17,morning,dissolved_oxygen,2.81,mg/L
Fish Tank 3,Fish Tanks,104,104,2025-07-17,morning,temperature,29.5,degC
Fish Tank 3,Fish Tanks,104,104,2025-07-18,afternoon,dissolved_oxygen,4.39,mg/L
Fish Tank 3,Fish Tanks,104,104,2025-07-18,afternoon,temperature,33.5,degC
Fish Tank 3,Fish Tanks,104,104,2025-07-18,morning,dissolved_oxygen,2.0,mg/L
Fish Tank 3,Fish Tanks,104,104,2025-07-18,morning,temperature,30.0,degC
Fish Tank 3,Fish Tanks,104,104,2025-07-21,afternoon,dissolved_oxygen,5.89,mg/L
Fish Tank 3,Fish Tanks,104,104,2025-07-21,afternoon,temperature,33.2,degC
Fish Tank 3,Fish Tanks,104,104,2025-07-21,morning,dissolved_oxygen,6.57,mg/L
Fish Tank 3,Fish Tanks,104,104,2025-07-21,morning,temperature,29.3,degC
Fish Tank 3,Fish Tanks,104,104,2025-07-22,afternoon,dissolved_oxygen,5.69,mg/L
Fish Tank 3,Fish Tanks,104,104,2025-07-22,afternoon,temperature,32.4,degC
Fish Tank 3,Fish Tanks,104,104,2025-07-23,afternoon,dissolved_oxygen,6.43,mg/L
Fish Tank 3,Fish Tanks,104,104,2025-07-23,afternoon,temperature,31.9,degC
Fish Tank 3,Fish Tanks,104,104,2025-07-23,morning,dissolved_oxygen,4.9,mg/L
Fish Tank 3,Fish Tanks,104,104,2025-07-23,morning,temperature,29.3,degC
Fish Tank 3,Fish Tanks,104,104,2025-07-24,afternoon,dissolved_oxygen,7.19,mg/L
Fish Tank 3,Fish Tanks,104,104,2025-07-24,afternoon,temperature,33.1,degC
Fish Tank 3,Fish Tanks,104,104,2025-07-24,morning,dissolved_oxygen,7.23,mg/L
Fish Tank 3,Fish Tanks,104,104,2025-07-24,morning,temperature,29.5,degC
Fish Tank 3,Fish Tanks,104,104,2025-07-25,afternoon,dissolved_oxygen,7.32,mg/L
Fish Tank 3,Fish Tanks,104,104,2025-07-25,afternoon,temperature,33.6,degC
Fish Tank 3,Fish Tanks,104,104,2025-07-28,afternoon,dissolved_oxygen,3.96,mg/L
Fish Tank 3,Fish Tanks,104,104,2025-07-28,afternoon,temperature,32.7,degC
Fish Tank 3,Fish Tanks,104,104,2025-07-28,morning,dissolved_oxygen,5.34,mg/L
Fish Tank 3,Fish Tanks,104,104,2025-07-28,morning,temperature,29.7,degC
Fish Tank 3,Fish Tanks,104,104,2025-07-29,afternoon,dissolved_oxygen,4.08,mg/L
Fish Tank 3,Fish Tanks,104,104,2025-07-29,afternoon,temperature,31.8,degC
Fish Tank 3,Fish Tanks,104,104,2025-07-29,morning,dissolved_oxygen,5.21,mg/L
Fish Tank 3,Fish Tanks,104,104,2025-07-29,morning,temperature,29.9,degC
Fish Tank 3,Fish Tanks,104,104,2025-07-30,afternoon,dissolved_oxygen,6.88,mg/L
Fish Tank 3,Fish Tanks,104,104,2025-07-30,afternoon,temperature,30.3,degC
Fish Tank 3,Fish Tanks,105,105,2025-07-01,afternoon,dissolved_oxygen,5.25,mg/L
Fish Tank 3,Fish Tanks,105,105,2025-07-01,afternoon,temperature,32.7,degC
Fish Tank 3,Fish Tanks,105,105,2025-07-01,morning,ammonia,0.92,mg/L
Fish Tank 3,Fish Tanks,105,105,2025-07-01,morning,dissolved_oxygen,6.52,mg/L
Fish Tank 3,Fish Tanks,105,105,2025-07-01,morning,nitrate,1.2,mg/L
Fish Tank 3,Fish Tanks,105,105,2025-07-01,morning,nitrite,0.021,mg/L
Fish Tank 3,Fish Tanks,105,105,2025-07-01,morning,ph,6.73,pH
Fish Tank 3,Fish Tanks,105,105,2025-07-01,morning,temperature,29.6,degC
Fish Tank 3,Fish Tanks,105,105,2025-07-02,afternoon,dissolved_oxygen,5.21,mg/L
Fish Tank 3,Fish Tanks,105,105,2025-07-02,afternoon,temperature,31.4,degC
Fish Tank 3,Fish Tanks,105,105,2025-07-02,morning,dissolved_oxygen,6.38,mg/L
Fish Tank 3,Fish Tanks,105,105,2025-07-02,morning,temperature,29.2,degC
Fish Tank 3,Fish Tanks,105,105,2025-07-03,morning,dissolved_oxygen,6.56,mg/L
Fish Tank 3,Fish Tanks,105,105,2025-07-03,morning,temperature,28.0,degC
Fish Tank 3,Fish Tanks,105,105,2025-07-04,afternoon,dissolved_oxygen,6.98,mg/L
Fish Tank 3,Fish Tanks,105,105,2025-07-04,afternoon,temperature,32.2,degC
Fish Tank 3,Fish Tanks,105,105,2025-07-04,morning,ammonia,2.3,mg/L
Fish Tank 3,Fish Tanks,105,105,2025-07-04,morning,dissolved_oxygen,6.14,mg/L
Fish Tank 3,Fish Tanks,105,105,2025-07-04,morning,nitrate,2.0,mg/L
Fish Tank 3,Fish Tanks,105,105,2025-07-04,morning,nitrite,0.199,mg/L
Fish Tank 3,Fish Tanks,105,105,2025-07-04,morning,ph,7.04,pH
Fish Tank 3,Fish Tanks,105,105,2025-07-04,morning,temperature,29.2,degC
Fish Tank 3,Fish Tanks,105,105,2025-07-08,afternoon,dissolved_oxygen,5.9,mg/L
Fish Tank 3,Fish Tanks,105,105,2025-07-08,afternoon,temperature,31.0,degC
Fish Tank 3,Fish Tanks,105,105,2025-07-10,afternoon,dissolved_oxygen,7.31,mg/L
Fish Tank 3,Fish Tanks,105,105,2025-07-10,afternoon,temperature,30.2,degC
Fish Tank 3,Fish Tanks,105,105,2025-07-10,morning,dissolved_oxygen,6.62,mg/L
Fish Tank 3,Fish Tanks,105,105,2025-07-10,morning,temperature,29.2,degC
Fish Tank 3,Fish Tanks,105,105,2025-07-11,afternoon,dissolved_oxygen,7.36,mg/L
Fish Tank 3,Fish Tanks,105,105,2025-07-11,afternoon,temperature,32.3,degC
Fish Tank 3,Fish Tanks,105,105,2025-07-11,morning,dissolved_oxygen,6.82,mg/L
Fish Tank 3,Fish Tanks,105,105,2025-07-11,morning,temperature,28.2,degC
Fish Tank 3,Fish Tanks,105,105,2025-07-15,afternoon,dissolved_oxygen,6.33,mg/L
Fish Tank 3,Fish Tanks,105,105,2025-07-15,afternoon,temperature,32.2,degC
Fish Tank 3,Fish Tanks,105,105,2025-07-15,morning,dissolved_oxygen,6.24,mg/L
Fish Tank 3,Fish Tanks,105,105,2025-07-15,morning,temperature,29.2,degC
Fish Tank 3,Fish Tanks,105,105,2025-07-16,afternoon,dissolved_oxygen,6.42,mg/L
Fish Tank 3,Fish Tanks,105,105,2025-07-16,afternoon,temperature,32.6,degC
Fish Tank 3,Fish Tanks,105,105,2025-07-17,afternoon,dissolved_oxygen,5.26,mg/L
Fish Tank 3,Fish Tanks,105,105,2025-07-17,afternoon,temperature,33.6,degC
Fish Tank 3,Fish Tanks,105,105,2025-07-17,morning,dissolved_oxygen,5.04,mg/L
Fish Tank 3,Fish Tanks,105,105,2025-07-17,morning,temperature,29.3,degC
Fish Tank 3,Fish Tanks,105,105,2025-07-18,afternoon,dissolved_oxygen,4.22,mg/L
Fish Tank 3,Fish Tanks,105,105,2025-07-18,afternoon,temperature,33.6,degC
Fish Tank 3,Fish Tanks,105,105,2025-07-18,morning,dissolved_oxygen,5.4,mg/L
Fish Tank 3,Fish Tanks,105,105,2025-07-18,morning,temperature,30.1,degC
Fish Tank 3,Fish Tanks,105,105,2025-07-21,afternoon,dissolved_oxygen,6.32,mg/L
Fish Tank 3,Fish Tanks,105,105,2025-07-21,afternoon,temperature,33.1,degC
Fish Tank 3,Fish Tanks,105,105,2025-07-21,morning,dissolved_oxygen,6.79,mg/L
Fish Tank 3,Fish Tanks,105,105,2025-07-21,morning,temperature,29.3,degC
Fish Tank 3,Fish Tanks,105,105,2025-07-22,afternoon,dissolved_oxygen,5.86,mg/L
Fish Tank 3,Fish Tanks,105,105,2025-07-22,afternoon,temperature,32.4,degC
Fish Tank 3,Fish Tanks,105,105,2025-07-23,afternoon,dissolved_oxygen,6.13,mg/L
Fish Tank 3,Fish Tanks,105,105,2025-07-23,afternoon,temperature,32.1,degC
Fish Tank 3,Fish Tanks,105,105,2025-07-23,morning,dissolved_oxygen,5.67,mg/L
Fish Tank 3,Fish Tanks,105,105,2025-07-23,morning,temperature,29.2,degC
Fish Tank 3,Fish Tanks,105,105,2025-07-24,afternoon,dissolved_oxygen,8.27,mg/L
Fish Tank 3,Fish Tanks,105,105,2025-07-24,afternoon,temperature,33.2,degC
Fish Tank 3,Fish Tanks,105,105,2025-07-24,morning,dissolved_oxygen,7.66,mg/L
Fish Tank 3,Fish Tanks,105,105,2025-07-24,morning,temperature,29.5,degC
Fish Tank 3,Fish Tanks,105,105,2025-07-25,afternoon,dissolved_oxygen,8.86,mg/L
Fish Tank 3,Fish Tanks,105,105,2025-07-25,afternoon,temperature,33.7,degC
Fish Tank 3,Fish Tanks,105,105,2025-07-28,afternoon,dissolved_oxygen,4.71,mg/L
Fish Tank 3,Fish Tanks,105,105,2025-07-28,afternoon,temperature,32.9,degC
Fish Tank 3,Fish Tanks,105,105,2025-07-28,morning,dissolved_oxygen,5.63,mg/L
Fish Tank 3,Fish Tanks,105,105,2025-07-28,morning,temperature,29.6,degC
Fish Tank 3,Fish Tanks,105,105,2025-07-29,afternoon,dissolved_oxygen,4.87,mg/L
Fish Tank 3,Fish Tanks,105,105,2025-07-29,afternoon,temperature,32.1,degC
Fish Tank 3,Fish Tanks,105,105,2025-07-29,morning,dissolved_oxygen,5.71,mg/L
Fish Tank 3,Fish Tanks,105,105,2025-07-29,morning,temperature,30.0,degC
Fish Tank 3,Fish Tanks,105,105,2025-07-30,afternoon,dissolved_oxygen,6.58,mg/L
Fish Tank 3,Fish Tanks,105,105,2025-07-30,afternoon,temperature,30.7,degC
Fish Tank 3,Fish Tanks,107,107,2025-07-01,afternoon,dissolved_oxygen,5.15,mg/L
Fish Tank 3,Fish Tanks,107,107,2025-07-01,afternoon,temperature,32.6,degC
Fish Tank 3,Fish Tanks,107,107,2025-07-01,morning,dissolved_oxygen,6.65,mg/L
Fish Tank 3,Fish Tanks,107,107,2025-07-01,morning,temperature,29.5,degC
Fish Tank 3,Fish Tanks,107,107,2025-07-02,afternoon,dissolved_oxygen,4.75,mg/L
Fish Tank 3,Fish Tanks,107,107,2025-07-02,afternoon,temperature,31.4,degC
Fish Tank 3,Fish Tanks,107,107,2025-07-02,morning,dissolved_oxygen,6.05,mg/L
Fish Tank 3,Fish Tanks,107,107,2025-07-02,morning,temperature,29.2,degC
Fish Tank 3,Fish Tanks,107,107,2025-07-03,morning,dissolved_oxygen,5.76,mg/L
Fish Tank 3,Fish Tanks,107,107,2025-07-03,morning,temperature,28.2,degC
Fish Tank 3,Fish Tanks,107,107,2025-07-04,afternoon,dissolved_oxygen,6.74,mg/L
Fish Tank 3,Fish Tanks,107,107,2025-07-04,afternoon,temperature,32.1,degC
Fish Tank 3,Fish Tanks,107,107,2025-07-04,morning,dissolved_oxygen,6.16,mg/L
Fish Tank 3,Fish Tanks,107,107,2025-07-04,morning,temperature,29.2,degC
Fish Tank 3,Fish Tanks,107,107,2025-07-08,afternoon,dissolved_oxygen,6.11,mg/L
Fish Tank 3,Fish Tanks,107,107,2025-07-08,afternoon,temperature,31.0,degC
Fish Tank 3,Fish Tanks,107,107,2025-07-10,afternoon,dissolved_oxygen,7.21,mg/L
Fish Tank 3,Fish Tanks,107,107,2025-07-10,afternoon,temperature,30.2,degC
Fish Tank 3,Fish Tanks,107,107,2025-07-10,morning,dissolved_oxygen,6.71,mg/L
Fish Tank 3,Fish Tanks,107,107,2025-07-10,morning,temperature,29.2,degC
Fish Tank 3,Fish Tanks,107,107,2025-07-11,afternoon,dissolved_oxygen,6.92,mg/L
Fish Tank 3,Fish Tanks,107,107,2025-07-11,afternoon,temperature,32.3,degC
Fish Tank 3,Fish Tanks,107,107,2025-07-11,morning,dissolved_oxygen,6.41,mg/L
Fish Tank 3,Fish Tanks,107,107,2025-07-11,morning,temperature,28.2,degC
Fish Tank 3,Fish Tanks,107,107,2025-07-15,afternoon,dissolved_oxygen,5.74,mg/L
Fish Tank 3,Fish Tanks,107,107,2025-07-15,afternoon,temperature,32.1,degC
Fish Tank 3,Fish Tanks,107,107,2025-07-15,morning,dissolved_oxygen,5.91,mg/L
Fish Tank 3,Fish Tanks,107,107,2025-07-15,morning,temperature,29.2,degC
Fish Tank 3,Fish Tanks,107,107,2025-07-16,afternoon,dissolved_oxygen,5.56,mg/L
Fish Tank 3,Fish Tanks,107,107,2025-07-16,afternoon,temperature,32.4,degC
Fish Tank 3,Fish Tanks,107,107,2025-07-17,afternoon,dissolved_oxygen,4.86,mg/L
Fish Tank 3,Fish Tanks,107,107,2025-07-17,afternoon,temperature,33.3,degC
Fish Tank 3,Fish Tanks,107,107,2025-07-17,morning,dissolved_oxygen,4.7,mg/L
Fish Tank 3,Fish Tanks,107,107,2025-07-17,morning,temperature,29.5,degC
Fish Tank 3,Fish Tanks,107,107,2025-07-18,afternoon,dissolved_oxygen,4.46,mg/L
Fish Tank 3,Fish Tanks,107,107,2025-07-18,afternoon,temperature,33.4,degC
Fish Tank 3,Fish Tanks,107,107,2025-07-18,morning,dissolved_oxygen,5.35,mg/L
Fish Tank 3,Fish Tanks,107,107,2025-07-18,morning,temperature,30.0,degC
Fish Tank 3,Fish Tanks,107,107,2025-07-21,afternoon,dissolved_oxygen,6.39,mg/L
Fish Tank 3,Fish Tanks,107,107,2025-07-21,afternoon,temperature,32.7,degC
Fish Tank 3,Fish Tanks,107,107,2025-07-21,morning,dissolved_oxygen,6.73,mg/L
Fish Tank 3,Fish Tanks,107,107,2025-07-21,morning,temperature,29.3,degC
Fish Tank 3,Fish Tanks,107,107,2025-07-22,afternoon,dissolved_oxygen,5.77,mg/L
Fish Tank 3,Fish Tanks,107,107,2025-07-22,afternoon,temperature,32.3,degC
Fish Tank 3,Fish Tanks,107,107,2025-07-23,afternoon,dissolved_oxygen,6.56,mg/L
Fish Tank 3,Fish Tanks,107,107,2025-07-23,afternoon,temperature,31.5,degC
Fish Tank 3,Fish Tanks,107,107,2025-07-23,morning,dissolved_oxygen,5.92,mg/L
Fish Tank 3,Fish Tanks,107,107,2025-07-23,morning,temperature,29.0,degC
Fish Tank 3,Fish Tanks,107,107,2025-07-24,afternoon,dissolved_oxygen,7.81,mg/L
Fish Tank 3,Fish Tanks,107,107,2025-07-24,afternoon,temperature,33.2,degC
Fish Tank 3,Fish Tanks,107,107,2025-07-24,morning,dissolved_oxygen,7.12,mg/L
Fish Tank 3,Fish Tanks,107,107,2025-07-24,morning,temperature,29.6,degC
Fish Tank 3,Fish Tanks,107,107,2025-07-25,afternoon,dissolved_oxygen,8.25,mg/L
Fish Tank 3,Fish Tanks,107,107,2025-07-25,afternoon,temperature,33.7,degC
Fish Tank 3,Fish Tanks,107,107,2025-07-28,afternoon,dissolved_oxygen,4.03,mg/L
Fish Tank 3,Fish Tanks,107,107,2025-07-28,afternoon,temperature,32.8,degC
Fish Tank 3,Fish Tanks,107,107,2025-07-28,morning,dissolved_oxygen,5.16,mg/L
Fish Tank 3,Fish Tanks,107,107,2025-07-28,morning,temperature,29.7,degC
Fish Tank 3,Fish Tanks,107,107,2025-07-29,afternoon,dissolved_oxygen,4.11,mg/L
Fish Tank 3,Fish Tanks,107,107,2025-07-29,afternoon,temperature,32.1,degC
Fish Tank 3,Fish Tanks,107,107,2025-07-29,morning,dissolved_oxygen,5.25,mg/L
Fish Tank 3,Fish Tanks,107,107,2025-07-29,morning,temperature,29.9,degC
Fish Tank 3,Fish Tanks,107,107,2025-07-30,afternoon,dissolved_oxygen,5.98,mg/L
Fish Tank 3,Fish Tanks,107,107,2025-07-30,afternoon,temperature,30.4,degC
Fish Tank 3,Fish Tanks,109,109,2025-07-01,afternoon,dissolved_oxygen,5.29,mg/L
Fish Tank 3,Fish Tanks,109,109,2025-07-01,afternoon,temperature,32.5,degC
Fish Tank 3,Fish Tanks,109,109,2025-07-01,morning,dissolved_oxygen,6.66,mg/L
Fish Tank 3,Fish Tanks,109,109,2025-07-01,morning,temperature,29.5,degC
Fish Tank 3,Fish Tanks,109,109,2025-07-02,afternoon,dissolved_oxygen,5.04,mg/L
Fish Tank 3,Fish Tanks,109,109,2025-07-02,afternoon,temperature,31.2,degC
Fish Tank 3,Fish Tanks,109,109,2025-07-02,morning,dissolved_oxygen,6.68,mg/L
Fish Tank 3,Fish Tanks,109,109,2025-07-02,morning,temperature,28.9,degC
Fish Tank 3,Fish Tanks,109,109,2025-07-03,morning,dissolved_oxygen,5.85,mg/L
Fish Tank 3,Fish Tanks,109,109,2025-07-03,morning,temperature,28.1,degC
Fish Tank 3,Fish Tanks,109,109,2025-07-04,afternoon,dissolved_oxygen,6.72,mg/L
Fish Tank 3,Fish Tanks,109,109,2025-07-04,afternoon,temperature,31.9,degC
Fish Tank 3,Fish Tanks,109,109,2025-07-04,morning,dissolved_oxygen,6.0,mg/L
Fish Tank 3,Fish Tanks,109,109,2025-07-04,morning,temperature,28.9,degC
Fish Tank 3,Fish Tanks,109,109,2025-07-08,afternoon,dissolved_oxygen,5.89,mg/L
Fish Tank 3,Fish Tanks,109,109,2025-07-08,afternoon,temperature,31.0,degC
Fish Tank 3,Fish Tanks,109,109,2025-07-10,afternoon,dissolved_oxygen,6.41,mg/L
Fish Tank 3,Fish Tanks,109,109,2025-07-10,afternoon,temperature,30.1,degC
Fish Tank 3,Fish Tanks,109,109,2025-07-10,morning,dissolved_oxygen,6.22,mg/L
Fish Tank 3,Fish Tanks,109,109,2025-07-10,morning,temperature,29.2,degC
Fish Tank 3,Fish Tanks,109,109,2025-07-11,afternoon,dissolved_oxygen,5.81,mg/L
Fish Tank 3,Fish Tanks,109,109,2025-07-11,afternoon,temperature,32.1,degC
Fish Tank 3,Fish Tanks,109,109,2025-07-11,morning,dissolved_oxygen,6.34,mg/L
Fish Tank 3,Fish Tanks,109,109,2025-07-11,morning,temperature,28.2,degC
Fish Tank 3,Fish Tanks,109,109,2025-07-15,afternoon,dissolved_oxygen,5.09,mg/L
Fish Tank 3,Fish Tanks,109,109,2025-07-15,afternoon,temperature,32.0,degC
Fish Tank 3,Fish Tanks,109,109,2025-07-15,morning,dissolved_oxygen,6.08,mg/L
Fish Tank 3,Fish Tanks,109,109,2025-07-15,morning,temperature,29.2,degC
Fish Tank 3,Fish Tanks,109,109,2025-07-16,afternoon,dissolved_oxygen,6.08,mg/L
Fish Tank 3,Fish Tanks,109,109,2025-07-16,afternoon,temperature,32.4,degC
Fish Tank 3,Fish Tanks,109,109,2025-07-17,afternoon,dissolved_oxygen,6.16,mg/L
Fish Tank 3,Fish Tanks,109,109,2025-07-17,afternoon,temperature,33.1,degC
Fish Tank 3,Fish Tanks,109,109,2025-07-17,morning,dissolved_oxygen,5.15,mg/L
Fish Tank 3,Fish Tanks,109,109,2025-07-17,morning,temperature,29.4,degC
Fish Tank 3,Fish Tanks,109,109,2025-07-18,afternoon,dissolved_oxygen,6.02,mg/L
Fish Tank 3,Fish Tanks,109,109,2025-07-18,afternoon,temperature,33.1,degC
Fish Tank 3,Fish Tanks,109,109,2025-07-18,morning,dissolved_oxygen,5.78,mg/L
Fish Tank 3,Fish Tanks,109,109,2025-07-18,morning,temperature,29.9,degC
Fish Tank 3,Fish Tanks,109,109,2025-07-21,afternoon,dissolved_oxygen,6.34,mg/L
Fish Tank 3,Fish Tanks,109,109,2025-07-21,afternoon,temperature,32.8,degC
Fish Tank 3,Fish Tanks,109,109,2025-07-21,morning,dissolved_oxygen,6.67,mg/L
Fish Tank 3,Fish Tanks,109,109,2025-07-21,morning,temperature,29.1,degC
Fish Tank 3,Fish Tanks,109,109,2025-07-22,afternoon,dissolved_oxygen,6.35,mg/L
Fish Tank 3,Fish Tanks,109,109,2025-07-22,afternoon,temperature,32.1,degC
Fish Tank 3,Fish Tanks,109,109,2025-07-23,afternoon,dissolved_oxygen,6.94,mg/L
Fish Tank 3,Fish Tanks,109,109,2025-07-23,afternoon,temperature,32.0,degC
Fish Tank 3,Fish Tanks,109,109,2025-07-23,morning,dissolved_oxygen,5.74,mg/L
Fish Tank 3,Fish Tanks,109,109,2025-07-23,morning,temperature,29.0,degC
Fish Tank 3,Fish Tanks,109,109,2025-07-24,afternoon,dissolved_oxygen,7.46,mg/L
Fish Tank 3,Fish Tanks,109,109,2025-07-24,afternoon,temperature,33.0,degC
Fish Tank 3,Fish Tanks,109,109,2025-07-24,morning,dissolved_oxygen,7.72,mg/L
Fish Tank 3,Fish Tanks,109,109,2025-07-24,morning,temperature,29.3,degC
Fish Tank 3,Fish Tanks,109,109,2025-07-25,afternoon,dissolved_oxygen,5.84,mg/L
Fish Tank 3,Fish Tanks,109,109,2025-07-25,afternoon,temperature,33.4,degC
Fish Tank 3,Fish Tanks,109,109,2025-07-28,afternoon,dissolved_oxygen,4.38,mg/L
Fish Tank 3,Fish Tanks,109,109,2025-07-28,afternoon,temperature,32.6,degC
Fish Tank 3,Fish Tanks,109,109,2025-07-28,morning,ammonia,1.9,mg/L
Fish Tank 3,Fish Tanks,109,109,2025-07-28,morning,dissolved_oxygen,5.52,mg/L
Fish Tank 3,Fish Tanks,109,109,2025-07-28,morning,ph,7.36,pH
Fish Tank 3,Fish Tanks,109,109,2025-07-28,morning,temperature,29.4,degC
Fish Tank 3,Fish Tanks,109,109,2025-07-29,afternoon,dissolved_oxygen,4.24,mg/L
Fish Tank 3,Fish Tanks,109,109,2025-07-29,afternoon,temperature,31.9,degC
Fish Tank 3,Fish Tanks,109,109,2025-07-29,morning,dissolved_oxygen,5.4241,mg/L
Fish Tank 3,Fish Tanks,109,109,2025-07-29,morning,temperature,29.8,degC
Fish Tank 3,Fish Tanks,109,109,2025-07-30,afternoon,dissolved_oxygen,6.64,mg/L
Fish Tank 3,Fish Tanks,109,109,2025-07-30,afternoon,temperature,30.2,degC
Fish Tank 3,Fish Tanks,113,113,2025-07-21,morning,dissolved_oxygen,5.41,mg/L
Fish Tank 3,Fish Tanks,113,113,2025-07-21,morning,temperature,29.1,degC
Fish Tank 3,Fish Tanks,114,114,2025-07-01,afternoon,dissolved_oxygen,5.06,mg/L
Fish Tank 3,Fish Tanks,114,114,2025-07-01,afternoon,temperature,32.6,degC
Fish Tank 3,Fish Tanks,114,114,2025-07-04,afternoon,dissolved_oxygen,6.99,mg/L
Fish Tank 3,Fish Tanks,114,114,2025-07-04,afternoon,temperature,32.0,degC
Fish Tank 3,Fish Tanks,114,114,2025-07-07,afternoon,dissolved_oxygen,4.45,mg/L
Fish Tank 3,Fish Tanks,114,114,2025-07-07,afternoon,temperature,33.9,degC
Fish Tank 3,Fish Tanks,114,114,2025-07-08,afternoon,dissolved_oxygen,5.32,mg/L
Fish Tank 3,Fish Tanks,114,114,2025-07-08,afternoon,temperature,31.3,degC
Fish Tank 3,Fish Tanks,114,114,2025-07-09,afternoon,dissolved_oxygen,5.53,mg/L
Fish Tank 3,Fish Tanks,114,114,2025-07-09,afternoon,temperature,32.2,degC
Fish Tank 3,Fish Tanks,114,114,2025-07-10,afternoon,dissolved_oxygen,6.25,mg/L
Fish Tank 3,Fish Tanks,114,114,2025-07-10,afternoon,temperature,30.3,degC
Fish Tank 3,Fish Tanks,114,114,2025-07-11,afternoon,dissolved_oxygen,5.78,mg/L
Fish Tank 3,Fish Tanks,114,114,2025-07-11,afternoon,temperature,32.0,degC
Fish Tank 3,Fish Tanks,114,114,2025-07-15,afternoon,dissolved_oxygen,4.33,mg/L
Fish Tank 3,Fish Tanks,114,114,2025-07-15,afternoon,temperature,32.4,degC
Fish Tank 3,Fish Tanks,114,114,2025-07-16,afternoon,dissolved_oxygen,4.73,mg/L
Fish Tank 3,Fish Tanks,114,114,2025-07-16,afternoon,temperature,32.8,degC
Fish Tank 3,Fish Tanks,114,114,2025-07-17,afternoon,dissolved_oxygen,5.85,mg/L
Fish Tank 3,Fish Tanks,114,114,2025-07-17,afternoon,temperature,33.3,degC
Fish Tank 3,Fish Tanks,114,114,2025-07-18,afternoon,dissolved_oxygen,5.76,mg/L
Fish Tank 3,Fish Tanks,114,114,2025-07-18,afternoon,temperature,33.2,degC
Fish Tank 3,Fish Tanks,114,114,2025-07-21,afternoon,dissolved_oxygen,6.12,mg/L
Fish Tank 3,Fish Tanks,114,114,2025-07-21,afternoon,temperature,32.7,degC
Fish Tank 3,Fish Tanks,114,114,2025-07-22,afternoon,dissolved_oxygen,5.53,mg/L
Fish Tank 3,Fish Tanks,114,114,2025-07-22,afternoon,temperature,32.2,degC
Fish Tank 3,Fish Tanks,114,114,2025-07-23,afternoon,dissolved_oxygen,6.52,mg/L
Fish Tank 3,Fish Tanks,114,114,2025-07-23,afternoon,temperature,32.1,degC
Fish Tank 3,Fish Tanks,114,114,2025-07-24,afternoon,dissolved_oxygen,7.99,mg/L
Fish Tank 3,Fish Tanks,114,114,2025-07-24,afternoon,temperature,33.2,degC
Fish Tank 3,Fish Tanks,114,114,2025-07-25,afternoon,dissolved_oxygen,7.94,mg/L
Fish Tank 3,Fish Tanks,114,114,2025-07-25,afternoon,temperature,33.1,degC
Fish Tank 3,Fish Tanks,114,114,2025-07-28,afternoon,dissolved_oxygen,3.5,mg/L
Fish Tank 3,Fish Tanks,114,114,2025-07-28,afternoon,temperature,31.5,degC
Fish Tank 3,Fish Tanks,114,114,2025-07-29,afternoon,dissolved_oxygen,3.62,mg/L
Fish Tank 3,Fish Tanks,114,114,2025-07-29,afternoon,temperature,31.3,degC
Fish Tank 3,Fish Tanks,114,114,2025-07-30,afternoon,dissolved_oxygen,5.19,mg/L
Fish Tank 3,Fish Tanks,114,114,2025-07-30,afternoon,temperature,30.2,degC
Fish Tank 3,Fish Tanks,115,115,2025-07-01,afternoon,dissolved_oxygen,5.12,mg/L
Fish Tank 3,Fish Tanks,115,115,2025-07-01,afternoon,temperature,32.3,degC
Fish Tank 3,Fish Tanks,115,115,2025-07-01,morning,dissolved_oxygen,6.54,mg/L
Fish Tank 3,Fish Tanks,115,115,2025-07-01,morning,temperature,29.7,degC
Fish Tank 3,Fish Tanks,115,115,2025-07-02,afternoon,dissolved_oxygen,5.08,mg/L
Fish Tank 3,Fish Tanks,115,115,2025-07-02,afternoon,temperature,30.9,degC
Fish Tank 3,Fish Tanks,115,115,2025-07-02,morning,dissolved_oxygen,5.76,mg/L
Fish Tank 3,Fish Tanks,115,115,2025-07-02,morning,temperature,29.3,degC
Fish Tank 3,Fish Tanks,115,115,2025-07-03,morning,dissolved_oxygen,6.14,mg/L
Fish Tank 3,Fish Tanks,115,115,2025-07-03,morning,temperature,27.9,degC
Fish Tank 3,Fish Tanks,115,115,2025-07-04,afternoon,dissolved_oxygen,7.44,mg/L
Fish Tank 3,Fish Tanks,115,115,2025-07-04,afternoon,temperature,31.8,degC
Fish Tank 3,Fish Tanks,115,115,2025-07-04,morning,dissolved_oxygen,5.93,mg/L
Fish Tank 3,Fish Tanks,115,115,2025-07-04,morning,temperature,28.7,degC
Fish Tank 3,Fish Tanks,115,115,2025-07-08,afternoon,dissolved_oxygen,5.41,mg/L
Fish Tank 3,Fish Tanks,115,115,2025-07-08,afternoon,temperature,31.2,degC
Fish Tank 3,Fish Tanks,115,115,2025-07-10,afternoon,dissolved_oxygen,5.97,mg/L
Fish Tank 3,Fish Tanks,115,115,2025-07-10,afternoon,temperature,30.3,degC
Fish Tank 3,Fish Tanks,115,115,2025-07-10,morning,dissolved_oxygen,6.15,mg/L
Fish Tank 3,Fish Tanks,115,115,2025-07-10,morning,temperature,29.3,degC
Fish Tank 3,Fish Tanks,115,115,2025-07-11,afternoon,dissolved_oxygen,5.54,mg/L
Fish Tank 3,Fish Tanks,115,115,2025-07-11,afternoon,temperature,31.8,degC
Fish Tank 3,Fish Tanks,115,115,2025-07-11,morning,dissolved_oxygen,5.97,mg/L
Fish Tank 3,Fish Tanks,115,115,2025-07-11,morning,temperature,28.3,degC
Fish Tank 3,Fish Tanks,115,115,2025-07-15,afternoon,dissolved_oxygen,4.89,mg/L
Fish Tank 3,Fish Tanks,115,115,2025-07-15,afternoon,temperature,32.1,degC
Fish Tank 3,Fish Tanks,115,115,2025-07-15,morning,dissolved_oxygen,5.63,mg/L
Fish Tank 3,Fish Tanks,115,115,2025-07-15,morning,temperature,29.2,degC
Fish Tank 3,Fish Tanks,115,115,2025-07-16,afternoon,dissolved_oxygen,4.55,mg/L
Fish Tank 3,Fish Tanks,115,115,2025-07-16,afternoon,temperature,32.5,degC
Fish Tank 3,Fish Tanks,115,115,2025-07-17,afternoon,dissolved_oxygen,4.72,mg/L
Fish Tank 3,Fish Tanks,115,115,2025-07-17,afternoon,temperature,33.1,degC
Fish Tank 3,Fish Tanks,115,115,2025-07-17,morning,dissolved_oxygen,4.63,mg/L
Fish Tank 3,Fish Tanks,115,115,2025-07-17,morning,temperature,29.7,degC
Fish Tank 3,Fish Tanks,115,115,2025-07-18,afternoon,dissolved_oxygen,5.71,mg/L
Fish Tank 3,Fish Tanks,115,115,2025-07-18,afternoon,temperature,33.1,degC
Fish Tank 3,Fish Tanks,115,115,2025-07-18,morning,dissolved_oxygen,8.16,mg/L
Fish Tank 3,Fish Tanks,115,115,2025-07-18,morning,temperature,30.0,degC
Fish Tank 3,Fish Tanks,115,115,2025-07-21,afternoon,dissolved_oxygen,6.15,mg/L
Fish Tank 3,Fish Tanks,115,115,2025-07-21,afternoon,temperature,32.7,degC
Fish Tank 3,Fish Tanks,115,115,2025-07-21,morning,dissolved_oxygen,6.54,mg/L
Fish Tank 3,Fish Tanks,115,115,2025-07-21,morning,temperature,29.2,degC
Fish Tank 3,Fish Tanks,115,115,2025-07-22,afternoon,dissolved_oxygen,5.48,mg/L
Fish Tank 3,Fish Tanks,115,115,2025-07-22,afternoon,temperature,32.0,degC
Fish Tank 3,Fish Tanks,115,115,2025-07-23,afternoon,dissolved_oxygen,6.65,mg/L
Fish Tank 3,Fish Tanks,115,115,2025-07-23,afternoon,temperature,32.1,degC
Fish Tank 3,Fish Tanks,115,115,2025-07-23,morning,dissolved_oxygen,5.54,mg/L
Fish Tank 3,Fish Tanks,115,115,2025-07-23,morning,temperature,29.1,degC
Fish Tank 3,Fish Tanks,115,115,2025-07-24,afternoon,dissolved_oxygen,7.76,mg/L
Fish Tank 3,Fish Tanks,115,115,2025-07-24,afternoon,temperature,32.9,degC
Fish Tank 3,Fish Tanks,115,115,2025-07-24,morning,dissolved_oxygen,6.79,mg/L
Fish Tank 3,Fish Tanks,115,115,2025-07-24,morning,temperature,29.4,degC
Fish Tank 3,Fish Tanks,115,115,2025-07-25,afternoon,dissolved_oxygen,7.64,mg/L
Fish Tank 3,Fish Tanks,115,115,2025-07-25,afternoon,temperature,33.1,degC
Fish Tank 3,Fish Tanks,115,115,2025-07-28,afternoon,dissolved_oxygen,4.07,mg/L
Fish Tank 3,Fish Tanks,115,115,2025-07-28,afternoon,temperature,31.3,degC
Fish Tank 3,Fish Tanks,115,115,2025-07-28,morning,dissolved_oxygen,5.22,mg/L
Fish Tank 3,Fish Tanks,115,115,2025-07-28,morning,temperature,29.3,degC
Fish Tank 3,Fish Tanks,115,115,2025-07-29,afternoon,dissolved_oxygen,3.44,mg/L
Fish Tank 3,Fish Tanks,115,115,2025-07-29,afternoon,temperature,31.2,degC
Fish Tank 3,Fish Tanks,115,115,2025-07-29,morning,dissolved_oxygen,4.83,mg/L
Fish Tank 3,Fish Tanks,115,115,2025-07-29,morning,temperature,29.3,degC
Fish Tank 3,Fish Tanks,115,115,2025-07-30,afternoon,dissolved_oxygen,5.69,mg/L
Fish Tank 3,Fish Tanks,115,115,2025-07-30,afternoon,temperature,30.1,degC
Fish Tank 3,Fish Tanks,116,116,2025-07-01,afternoon,dissolved_oxygen,4.93,mg/L
Fish Tank 3,Fish Tanks,116,116,2025-07-01,afternoon,temperature,32.3,degC
Fish Tank 3,Fish Tanks,116,116,2025-07-01,morning,dissolved_oxygen,6.41,mg/L
Fish Tank 3,Fish Tanks,116,116,2025-07-01,morning,temperature,29.7,degC
Fish Tank 3,Fish Tanks,116,116,2025-07-02,afternoon,dissolved_oxygen,4.91,mg/L
Fish Tank 3,Fish Tanks,116,116,2025-07-02,afternoon,temperature,30.9,degC
Fish Tank 3,Fish Tanks,116,116,2025-07-02,morning,dissolved_oxygen,5.88,mg/L
Fish Tank 3,Fish Tanks,116,116,2025-07-02,morning,temperature,29.3,degC
Fish Tank 3,Fish Tanks,116,116,2025-07-03,morning,dissolved_oxygen,5.91,mg/L
Fish Tank 3,Fish Tanks,116,116,2025-07-03,morning,temperature,27.9,degC
Fish Tank 3,Fish Tanks,116,116,2025-07-04,afternoon,dissolved_oxygen,7.03,mg/L
Fish Tank 3,Fish Tanks,116,116,2025-07-04,afternoon,temperature,31.7,degC
Fish Tank 3,Fish Tanks,116,116,2025-07-04,morning,dissolved_oxygen,5.64,mg/L
Fish Tank 3,Fish Tanks,116,116,2025-07-04,morning,temperature,28.7,degC
Fish Tank 3,Fish Tanks,116,116,2025-07-08,afternoon,dissolved_oxygen,5.64,mg/L
Fish Tank 3,Fish Tanks,116,116,2025-07-08,afternoon,temperature,31.1,degC
Fish Tank 3,Fish Tanks,116,116,2025-07-10,afternoon,dissolved_oxygen,6.43,mg/L
Fish Tank 3,Fish Tanks,116,116,2025-07-10,afternoon,temperature,30.2,degC
Fish Tank 3,Fish Tanks,116,116,2025-07-10,morning,dissolved_oxygen,6.15,mg/L
Fish Tank 3,Fish Tanks,116,116,2025-07-10,morning,temperature,29.3,degC
Fish Tank 3,Fish Tanks,116,116,2025-07-11,afternoon,dissolved_oxygen,6.63,mg/L
Fish Tank 3,Fish Tanks,116,116,2025-07-11,afternoon,temperature,31.7,degC
Fish Tank 3,Fish Tanks,116,116,2025-07-11,morning,dissolved_oxygen,6.29,mg/L
Fish Tank 3,Fish Tanks,116,116,2025-07-11,morning,temperature,28.2,degC
Fish Tank 3,Fish Tanks,116,116,2025-07-15,afternoon,dissolved_oxygen,4.49,mg/L
Fish Tank 3,Fish Tanks,116,116,2025-07-15,afternoon,temperature,32.2,degC
Fish Tank 3,Fish Tanks,116,116,2025-07-15,morning,dissolved_oxygen,5.36,mg/L
Fish Tank 3,Fish Tanks,116,116,2025-07-15,morning,temperature,29.4,degC
Fish Tank 3,Fish Tanks,116,116,2025-07-16,afternoon,dissolved_oxygen,4.59,mg/L
Fish Tank 3,Fish Tanks,116,116,2025-07-16,afternoon,temperature,32.5,degC
Fish Tank 3,Fish Tanks,116,116,2025-07-17,afternoon,dissolved_oxygen,5.26,mg/L
Fish Tank 3,Fish Tanks,116,116,2025-07-17,afternoon,temperature,33.1,degC
Fish Tank 3,Fish Tanks,116,116,2025-07-17,morning,dissolved_oxygen,4.72,mg/L
Fish Tank 3,Fish Tanks,116,116,2025-07-17,morning,temperature,29.6,degC
Fish Tank 3,Fish Tanks,116,116,2025-07-18,afternoon,dissolved_oxygen,6.13,mg/L
Fish Tank 3,Fish Tanks,116,116,2025-07-18,afternoon,temperature,33.0,degC
Fish Tank 3,Fish Tanks,116,116,2025-07-18,morning,dissolved_oxygen,5.22,mg/L
Fish Tank 3,Fish Tanks,116,116,2025-07-18,morning,temperature,30.0,degC
Fish Tank 3,Fish Tanks,116,116,2025-07-21,afternoon,dissolved_oxygen,6.32,mg/L
Fish Tank 3,Fish Tanks,116,116,2025-07-21,afternoon,temperature,32.8,degC
Fish Tank 3,Fish Tanks,116,116,2025-07-21,morning,dissolved_oxygen,6.51,mg/L
Fish Tank 3,Fish Tanks,116,116,2025-07-21,morning,temperature,29.1,degC
Fish Tank 3,Fish Tanks,116,116,2025-07-22,afternoon,dissolved_oxygen,5.92,mg/L
Fish Tank 3,Fish Tanks,116,116,2025-07-22,afternoon,temperature,32.0,degC
Fish Tank 3,Fish Tanks,116,116,2025-07-23,afternoon,dissolved_oxygen,6.8,mg/L
Fish Tank 3,Fish Tanks,116,116,2025-07-23,afternoon,temperature,32.1,degC
Fish Tank 3,Fish Tanks,116,116,2025-07-23,morning,dissolved_oxygen,5.99,mg/L
Fish Tank 3,Fish Tanks,116,116,2025-07-23,morning,temperature,29.0,degC
Fish Tank 3,Fish Tanks,116,116,2025-07-24,afternoon,dissolved_oxygen,7.02,mg/L
Fish Tank 3,Fish Tanks,116,116,2025-07-24,afternoon,temperature,32.9,degC
Fish Tank 3,Fish Tanks,116,116,2025-07-24,morning,dissolved_oxygen,6.46,mg/L
Fish Tank 3,Fish Tanks,116,116,2025-07-24,morning,temperature,29.3,degC
Fish Tank 3,Fish Tanks,116,116,2025-07-25,afternoon,dissolved_oxygen,7.91,mg/L
Fish Tank 3,Fish Tanks,116,116,2025-07-25,afternoon,temperature,33.2,degC
Fish Tank 3,Fish Tanks,116,116,2025-07-28,afternoon,dissolved_oxygen,3.18,mg/L
Fish Tank 3,Fish Tanks,116,116,2025-07-28,afternoon,temperature,31.3,degC
Fish Tank 3,Fish Tanks,116,116,2025-07-28,morning,dissolved_oxygen,4.19,mg/L
Fish Tank 3,Fish Tanks,116,116,2025-07-28,morning,temperature,29.3,degC
Fish Tank 3,Fish Tanks,116,116,2025-07-29,afternoon,dissolved_oxygen,4.09,mg/L
Fish Tank 3,Fish Tanks,116,116,2025-07-29,afternoon,temperature,31.1,degC
Fish Tank 3,Fish Tanks,116,116,2025-07-29,morning,dissolved_oxygen,4.03,mg/L
Fish Tank 3,Fish Tanks,116,116,2025-07-29,morning,temperature,29.3,degC
Fish Tank 3,Fish Tanks,116,116,2025-07-30,afternoon,dissolved_oxygen,5.69,mg/L
Fish Tank 3,Fish Tanks,116,116,2025-07-30,afternoon,temperature,30.2,degC
Fish Tank 3,Fish Tanks,118,118,2025-07-01,afternoon,dissolved_oxygen,5.31,mg/L
Fish Tank 3,Fish Tanks,118,118,2025-07-01,afternoon,temperature,32.7,degC
Fish Tank 3,Fish Tanks,118,118,2025-07-01,morning,dissolved_oxygen,6.48,mg/L
Fish Tank 3,Fish Tanks,118,118,2025-07-01,morning,temperature,29.7,degC
Fish Tank 3,Fish Tanks,118,118,2025-07-02,afternoon,dissolved_oxygen,4.99,mg/L
Fish Tank 3,Fish Tanks,118,118,2025-07-02,afternoon,temperature,31.0,degC
Fish Tank 3,Fish Tanks,118,118,2025-07-02,morning,dissolved_oxygen,6.25,mg/L
Fish Tank 3,Fish Tanks,118,118,2025-07-02,morning,temperature,29.4,degC
Fish Tank 3,Fish Tanks,118,118,2025-07-03,morning,dissolved_oxygen,6.14,mg/L
Fish Tank 3,Fish Tanks,118,118,2025-07-03,morning,temperature,28.0,degC
Fish Tank 3,Fish Tanks,118,118,2025-07-04,afternoon,dissolved_oxygen,6.95,mg/L
Fish Tank 3,Fish Tanks,118,118,2025-07-04,afternoon,temperature,31.8,degC
Fish Tank 3,Fish Tanks,118,118,2025-07-04,morning,dissolved_oxygen,6.79,mg/L
Fish Tank 3,Fish Tanks,118,118,2025-07-04,morning,temperature,28.9,degC
Fish Tank 3,Fish Tanks,118,118,2025-07-08,afternoon,dissolved_oxygen,5.68,mg/L
Fish Tank 3,Fish Tanks,118,118,2025-07-08,afternoon,temperature,31.0,degC
Fish Tank 3,Fish Tanks,118,118,2025-07-10,afternoon,dissolved_oxygen,6.42,mg/L
Fish Tank 3,Fish Tanks,118,118,2025-07-10,afternoon,temperature,30.3,degC
Fish Tank 3,Fish Tanks,118,118,2025-07-10,morning,dissolved_oxygen,6.34,mg/L
Fish Tank 3,Fish Tanks,118,118,2025-07-10,morning,temperature,29.3,degC
Fish Tank 3,Fish Tanks,118,118,2025-07-11,afternoon,dissolved_oxygen,6.23,mg/L
Fish Tank 3,Fish Tanks,118,118,2025-07-11,afternoon,temperature,31.9,degC
Fish Tank 3,Fish Tanks,118,118,2025-07-11,morning,dissolved_oxygen,6.23,mg/L
Fish Tank 3,Fish Tanks,118,118,2025-07-11,morning,temperature,28.3,degC
Fish Tank 3,Fish Tanks,118,118,2025-07-15,afternoon,dissolved_oxygen,4.85,mg/L
Fish Tank 3,Fish Tanks,118,118,2025-07-15,afternoon,temperature,32.1,degC
Fish Tank 3,Fish Tanks,118,118,2025-07-15,morning,dissolved_oxygen,5.45,mg/L
Fish Tank 3,Fish Tanks,118,118,2025-07-15,morning,temperature,29.4,degC
Fish Tank 3,Fish Tanks,118,118,2025-07-16,afternoon,dissolved_oxygen,5.51,mg/L
Fish Tank 3,Fish Tanks,118,118,2025-07-16,afternoon,temperature,32.4,degC
Fish Tank 3,Fish Tanks,118,118,2025-07-17,afternoon,dissolved_oxygen,5.3,mg/L
Fish Tank 3,Fish Tanks,118,118,2025-07-17,afternoon,temperature,33.1,degC
Fish Tank 3,Fish Tanks,118,118,2025-07-17,morning,dissolved_oxygen,4.92,mg/L
Fish Tank 3,Fish Tanks,118,118,2025-07-17,morning,temperature,29.6,degC
Fish Tank 3,Fish Tanks,118,118,2025-07-18,afternoon,dissolved_oxygen,5.96,mg/L
Fish Tank 3,Fish Tanks,118,118,2025-07-18,afternoon,temperature,33.1,degC
Fish Tank 3,Fish Tanks,118,118,2025-07-18,morning,dissolved_oxygen,5.17,mg/L
Fish Tank 3,Fish Tanks,118,118,2025-07-18,morning,temperature,30.1,degC
Fish Tank 3,Fish Tanks,118,118,2025-07-21,afternoon,dissolved_oxygen,6.41,mg/L
Fish Tank 3,Fish Tanks,118,118,2025-07-21,afternoon,temperature,32.9,degC
Fish Tank 3,Fish Tanks,118,118,2025-07-21,morning,dissolved_oxygen,6.7,mg/L
Fish Tank 3,Fish Tanks,118,118,2025-07-21,morning,temperature,29.2,degC
Fish Tank 3,Fish Tanks,118,118,2025-07-22,afternoon,dissolved_oxygen,6.2,mg/L
Fish Tank 3,Fish Tanks,118,118,2025-07-22,afternoon,temperature,32.1,degC
Fish Tank 3,Fish Tanks,118,118,2025-07-23,afternoon,dissolved_oxygen,6.02,mg/L
Fish Tank 3,Fish Tanks,118,118,2025-07-23,afternoon,temperature,32.2,degC
Fish Tank 3,Fish Tanks,118,118,2025-07-23,morning,dissolved_oxygen,5.09,mg/L
Fish Tank 3,Fish Tanks,118,118,2025-07-23,morning,temperature,29.4,degC
Fish Tank 3,Fish Tanks,118,118,2025-07-24,afternoon,dissolved_oxygen,7.28,mg/L
Fish Tank 3,Fish Tanks,118,118,2025-07-24,afternoon,temperature,32.9,degC
Fish Tank 3,Fish Tanks,118,118,2025-07-24,morning,dissolved_oxygen,7.0,mg/L
Fish Tank 3,Fish Tanks,118,118,2025-07-24,morning,temperature,29.5,degC
Fish Tank 3,Fish Tanks,118,118,2025-07-25,afternoon,dissolved_oxygen,8.42,mg/L
Fish Tank 3,Fish Tanks,118,118,2025-07-25,afternoon,temperature,33.3,degC
Fish Tank 3,Fish Tanks,118,118,2025-07-28,afternoon,dissolved_oxygen,4.23,mg/L
Fish Tank 3,Fish Tanks,118,118,2025-07-28,afternoon,temperature,31.4,degC
Fish Tank 3,Fish Tanks,118,118,2025-07-28,morning,dissolved_oxygen,5.25,mg/L
Fish Tank 3,Fish Tanks,118,118,2025-07-28,morning,temperature,29.5,degC
Fish Tank 3,Fish Tanks,118,118,2025-07-29,afternoon,dissolved_oxygen,4.21,mg/L
Fish Tank 3,Fish Tanks,118,118,2025-07-29,afternoon,temperature,31.1,degC
Fish Tank 3,Fish Tanks,118,118,2025-07-29,morning,dissolved_oxygen,5.32,mg/L
Fish Tank 3,Fish Tanks,118,118,2025-07-29,morning,temperature,29.5,degC
Fish Tank 3,Fish Tanks,118,118,2025-07-30,afternoon,dissolved_oxygen,6.14,mg/L
Fish Tank 3,Fish Tanks,118,118,2025-07-30,afternoon,temperature,30.0,degC
Fish Tank 3,Fish Tanks,119,119,2025-07-01,afternoon,dissolved_oxygen,5.13,mg/L
Fish Tank 3,Fish Tanks,119,119,2025-07-01,afternoon,temperature,32.4,degC
Fish Tank 3,Fish Tanks,119,119,2025-07-01,morning,dissolved_oxygen,6.49,mg/L
Fish Tank 3,Fish Tanks,119,119,2025-07-01,morning,temperature,29.6,degC
Fish Tank 3,Fish Tanks,119,119,2025-07-02,afternoon,dissolved_oxygen,5.05,mg/L
Fish Tank 3,Fish Tanks,119,119,2025-07-02,afternoon,temperature,31.1,degC
Fish Tank 3,Fish Tanks,119,119,2025-07-02,morning,dissolved_oxygen,5.95,mg/L
Fish Tank 3,Fish Tanks,119,119,2025-07-02,morning,temperature,29.4,degC
Fish Tank 3,Fish Tanks,119,119,2025-07-03,morning,dissolved_oxygen,6.15,mg/L
Fish Tank 3,Fish Tanks,119,119,2025-07-03,morning,temperature,28.1,degC
Fish Tank 3,Fish Tanks,119,119,2025-07-04,afternoon,dissolved_oxygen,6.91,mg/L
Fish Tank 3,Fish Tanks,119,119,2025-07-04,afternoon,temperature,31.8,degC
Fish Tank 3,Fish Tanks,119,119,2025-07-04,morning,dissolved_oxygen,6.3,mg/L
Fish Tank 3,Fish Tanks,119,119,2025-07-04,morning,temperature,29.0,degC
Fish Tank 3,Fish Tanks,119,119,2025-07-08,afternoon,dissolved_oxygen,5.5,mg/L
Fish Tank 3,Fish Tanks,119,119,2025-07-08,afternoon,temperature,31.0,degC
Fish Tank 3,Fish Tanks,119,119,2025-07-10,afternoon,dissolved_oxygen,6.38,mg/L
Fish Tank 3,Fish Tanks,119,119,2025-07-10,afternoon,temperature,30.3,degC
Fish Tank 3,Fish Tanks,119,119,2025-07-10,morning,dissolved_oxygen,6.17,mg/L
Fish Tank 3,Fish Tanks,119,119,2025-07-10,morning,temperature,29.4,degC
Fish Tank 3,Fish Tanks,119,119,2025-07-11,afternoon,dissolved_oxygen,5.81,mg/L
Fish Tank 3,Fish Tanks,119,119,2025-07-11,afternoon,temperature,32.0,degC
Fish Tank 3,Fish Tanks,119,119,2025-07-11,morning,dissolved_oxygen,6.13,mg/L
Fish Tank 3,Fish Tanks,119,119,2025-07-11,morning,temperature,28.3,degC
Fish Tank 3,Fish Tanks,119,119,2025-07-15,afternoon,dissolved_oxygen,4.48,mg/L
Fish Tank 3,Fish Tanks,119,119,2025-07-15,afternoon,temperature,32.2,degC
Fish Tank 3,Fish Tanks,119,119,2025-07-15,morning,dissolved_oxygen,5.39,mg/L
Fish Tank 3,Fish Tanks,119,119,2025-07-15,morning,temperature,29.4,degC
Fish Tank 3,Fish Tanks,119,119,2025-07-16,afternoon,dissolved_oxygen,5.42,mg/L
Fish Tank 3,Fish Tanks,119,119,2025-07-16,afternoon,temperature,32.5,degC
Fish Tank 3,Fish Tanks,119,119,2025-07-17,afternoon,dissolved_oxygen,5.78,mg/L
Fish Tank 3,Fish Tanks,119,119,2025-07-17,afternoon,temperature,33.2,degC
Fish Tank 3,Fish Tanks,119,119,2025-07-17,morning,dissolved_oxygen,5.11,mg/L
Fish Tank 3,Fish Tanks,119,119,2025-07-17,morning,temperature,29.7,degC
Fish Tank 3,Fish Tanks,119,119,2025-07-18,afternoon,dissolved_oxygen,6.28,mg/L
Fish Tank 3,Fish Tanks,119,119,2025-07-18,afternoon,temperature,33.3,degC
Fish Tank 3,Fish Tanks,119,119,2025-07-18,morning,dissolved_oxygen,5.03,mg/L
Fish Tank 3,Fish Tanks,119,119,2025-07-18,morning,temperature,30.1,degC
Fish Tank 3,Fish Tanks,119,119,2025-07-21,afternoon,dissolved_oxygen,6.24,mg/L
Fish Tank 3,Fish Tanks,119,119,2025-07-21,afternoon,temperature,33.1,degC
Fish Tank 3,Fish Tanks,119,119,2025-07-21,morning,dissolved_oxygen,6.64,mg/L
Fish Tank 3,Fish Tanks,119,119,2025-07-21,morning,temperature,29.3,degC
Fish Tank 3,Fish Tanks,119,119,2025-07-22,afternoon,dissolved_oxygen,5.83,mg/L
Fish Tank 3,Fish Tanks,119,119,2025-07-22,afternoon,temperature,32.5,degC
Fish Tank 3,Fish Tanks,119,119,2025-07-23,afternoon,dissolved_oxygen,6.04,mg/L
Fish Tank 3,Fish Tanks,119,119,2025-07-23,afternoon,temperature,32.1,degC
Fish Tank 3,Fish Tanks,119,119,2025-07-23,morning,dissolved_oxygen,5.02,mg/L
Fish Tank 3,Fish Tanks,119,119,2025-07-23,morning,temperature,29.1,degC
Fish Tank 3,Fish Tanks,119,119,2025-07-24,afternoon,dissolved_oxygen,7.79,mg/L
Fish Tank 3,Fish Tanks,119,119,2025-07-24,afternoon,temperature,33.0,degC
Fish Tank 3,Fish Tanks,119,119,2025-07-24,morning,dissolved_oxygen,7.2,mg/L
Fish Tank 3,Fish Tanks,119,119,2025-07-24,morning,temperature,29.5,degC
Fish Tank 3,Fish Tanks,119,119,2025-07-25,afternoon,dissolved_oxygen,8.12,mg/L
Fish Tank 3,Fish Tanks,119,119,2025-07-25,afternoon,temperature,33.4,degC
Fish Tank 3,Fish Tanks,119,119,2025-07-28,afternoon,dissolved_oxygen,4.3,mg/L
Fish Tank 3,Fish Tanks,119,119,2025-07-28,afternoon,temperature,31.5,degC
Fish Tank 3,Fish Tanks,119,119,2025-07-28,morning,dissolved_oxygen,4.81,mg/L
Fish Tank 3,Fish Tanks,119,119,2025-07-28,morning,temperature,29.7,degC
Fish Tank 3,Fish Tanks,119,119,2025-07-29,afternoon,dissolved_oxygen,4.42,mg/L
Fish Tank 3,Fish Tanks,119,119,2025-07-29,afternoon,temperature,31.3,degC
Fish Tank 3,Fish Tanks,119,119,2025-07-29,morning,dissolved_oxygen,5.24,mg/L
Fish Tank 3,Fish Tanks,119,119,2025-07-29,morning,temperature,29.6,degC
Fish Tank 3,Fish Tanks,119,119,2025-07-30,afternoon,dissolved_oxygen,5.99,mg/L
Fish Tank 3,Fish Tanks,119,119,2025-07-30,afternoon,temperature,30.1,degC
Fish Tank 3,Fish Tanks,121,121,2025-07-01,afternoon,dissolved_oxygen,5.58,mg/L
Fish Tank 3,Fish Tanks,121,121,2025-07-01,afternoon,temperature,32.4,degC
Fish Tank 3,Fish Tanks,121,121,2025-07-01,morning,dissolved_oxygen,6.61,mg/L
Fish Tank 3,Fish Tanks,121,121,2025-07-01,morning,temperature,29.5,degC
Fish Tank 3,Fish Tanks,121,121,2025-07-02,afternoon,dissolved_oxygen,5.72,mg/L
Fish Tank 3,Fish Tanks,121,121,2025-07-02,afternoon,temperature,31.0,degC
Fish Tank 3,Fish Tanks,121,121,2025-07-02,morning,dissolved_oxygen,6.58,mg/L
Fish Tank 3,Fish Tanks,121,121,2025-07-02,morning,temperature,29.0,degC
Fish Tank 3,Fish Tanks,121,121,2025-07-03,morning,dissolved_oxygen,6.31,mg/L
Fish Tank 3,Fish Tanks,121,121,2025-07-03,morning,temperature,28.0,degC
Fish Tank 3,Fish Tanks,121,121,2025-07-04,afternoon,dissolved_oxygen,7.4,mg/L
Fish Tank 3,Fish Tanks,121,121,2025-07-04,afternoon,temperature,31.8,degC
Fish Tank 3,Fish Tanks,121,121,2025-07-04,morning,dissolved_oxygen,6.45,mg/L
Fish Tank 3,Fish Tanks,121,121,2025-07-04,morning,temperature,29.0,degC
Fish Tank 3,Fish Tanks,121,121,2025-07-07,afternoon,dissolved_oxygen,5.45,mg/L
Fish Tank 3,Fish Tanks,121,121,2025-07-07,afternoon,temperature,33.4,degC
Fish Tank 3,Fish Tanks,121,121,2025-07-08,afternoon,dissolved_oxygen,8.4,mg/L
Fish Tank 3,Fish Tanks,121,121,2025-07-08,afternoon,temperature,31.0,degC
Fish Tank 3,Fish Tanks,121,121,2025-07-09,afternoon,dissolved_oxygen,5.97,mg/L
Fish Tank 3,Fish Tanks,121,121,2025-07-09,afternoon,temperature,31.7,degC
Fish Tank 3,Fish Tanks,121,121,2025-07-10,afternoon,dissolved_oxygen,6.19,mg/L
Fish Tank 3,Fish Tanks,121,121,2025-07-10,afternoon,temperature,30.3,degC
Fish Tank 3,Fish Tanks,121,121,2025-07-10,morning,dissolved_oxygen,6.32,mg/L
Fish Tank 3,Fish Tanks,121,121,2025-07-10,morning,temperature,29.4,degC
Fish Tank 3,Fish Tanks,121,121,2025-07-11,afternoon,dissolved_oxygen,6.23,mg/L
Fish Tank 3,Fish Tanks,121,121,2025-07-11,afternoon,temperature,32.0,degC
Fish Tank 3,Fish Tanks,121,121,2025-07-11,morning,dissolved_oxygen,6.49,mg/L
Fish Tank 3,Fish Tanks,121,121,2025-07-11,morning,temperature,28.3,degC
Fish Tank 3,Fish Tanks,121,121,2025-07-15,afternoon,dissolved_oxygen,4.71,mg/L
Fish Tank 3,Fish Tanks,121,121,2025-07-15,afternoon,temperature,32.0,degC
Fish Tank 3,Fish Tanks,121,121,2025-07-15,morning,dissolved_oxygen,5.77,mg/L
Fish Tank 3,Fish Tanks,121,121,2025-07-15,morning,temperature,29.3,degC
Fish Tank 3,Fish Tanks,121,121,2025-07-16,afternoon,dissolved_oxygen,5.63,mg/L
Fish Tank 3,Fish Tanks,121,121,2025-07-16,afternoon,temperature,32.4,degC
Fish Tank 3,Fish Tanks,121,121,2025-07-16,morning,dissolved_oxygen,5.49,mg/L
Fish Tank 3,Fish Tanks,121,121,2025-07-16,morning,temperature,29.0,degC
Fish Tank 3,Fish Tanks,121,121,2025-07-17,afternoon,dissolved_oxygen,6.32,mg/L
Fish Tank 3,Fish Tanks,121,121,2025-07-17,afternoon,temperature,33.2,degC
Fish Tank 3,Fish Tanks,121,121,2025-07-17,morning,dissolved_oxygen,4.75,mg/L
Fish Tank 3,Fish Tanks,121,121,2025-07-17,morning,temperature,29.7,degC
Fish Tank 3,Fish Tanks,121,121,2025-07-18,afternoon,dissolved_oxygen,6.09,mg/L
Fish Tank 3,Fish Tanks,121,121,2025-07-18,afternoon,temperature,33.4,degC
Fish Tank 3,Fish Tanks,121,121,2025-07-18,morning,dissolved_oxygen,5.39,mg/L
Fish Tank 3,Fish Tanks,121,121,2025-07-18,morning,temperature,30.1,degC
Fish Tank 3,Fish Tanks,121,121,2025-07-21,afternoon,dissolved_oxygen,6.41,mg/L
Fish Tank 3,Fish Tanks,121,121,2025-07-21,afternoon,temperature,33.0,degC
Fish Tank 3,Fish Tanks,121,121,2025-07-21,morning,dissolved_oxygen,6.39,mg/L
Fish Tank 3,Fish Tanks,121,121,2025-07-21,morning,temperature,29.3,degC
Fish Tank 3,Fish Tanks,121,121,2025-07-22,afternoon,dissolved_oxygen,6.33,mg/L
Fish Tank 3,Fish Tanks,121,121,2025-07-22,afternoon,temperature,32.2,degC
Fish Tank 3,Fish Tanks,121,121,2025-07-23,afternoon,dissolved_oxygen,6.34,mg/L
Fish Tank 3,Fish Tanks,121,121,2025-07-23,afternoon,temperature,32.1,degC
Fish Tank 3,Fish Tanks,121,121,2025-07-23,morning,dissolved_oxygen,4.76,mg/L
Fish Tank 3,Fish Tanks,121,121,2025-07-23,morning,temperature,29.5,degC
Fish Tank 3,Fish Tanks,121,121,2025-07-24,afternoon,dissolved_oxygen,8.05,mg/L
Fish Tank 3,Fish Tanks,121,121,2025-07-24,afternoon,temperature,33.0,degC
Fish Tank 3,Fish Tanks,121,121,2025-07-24,morning,dissolved_oxygen,7.19,mg/L
Fish Tank 3,Fish Tanks,121,121,2025-07-24,morning,temperature,29.6,degC
Fish Tank 3,Fish Tanks,121,121,2025-07-25,afternoon,dissolved_oxygen,8.68,mg/L
Fish Tank 3,Fish Tanks,121,121,2025-07-25,afternoon,temperature,33.3,degC
Fish Tank 3,Fish Tanks,121,121,2025-07-28,afternoon,dissolved_oxygen,4.19,mg/L
Fish Tank 3,Fish Tanks,121,121,2025-07-28,afternoon,temperature,31.4,degC
Fish Tank 3,Fish Tanks,121,121,2025-07-28,morning,dissolved_oxygen,5.17,mg/L
Fish Tank 3,Fish Tanks,121,121,2025-07-28,morning,temperature,29.6,degC
Fish Tank 3,Fish Tanks,121,121,2025-07-29,afternoon,dissolved_oxygen,4.82,mg/L
Fish Tank 3,Fish Tanks,121,121,2025-07-29,afternoon,temperature,31.1,degC
Fish Tank 3,Fish Tanks,121,121,2025-07-29,morning,dissolved_oxygen,5.48,mg/L
Fish Tank 3,Fish Tanks,121,121,2025-07-29,morning,temperature,29.5,degC
Fish Tank 3,Fish Tanks,121,121,2025-07-30,afternoon,dissolved_oxygen,5.33,mg/L
Fish Tank 3,Fish Tanks,121,121,2025-07-30,afternoon,temperature,30.1,degC
Fish Tank 3,Fish Tanks,122,122,2025-07-01,afternoon,dissolved_oxygen,5.25,mg/L
Fish Tank 3,Fish Tanks,122,122,2025-07-01,afternoon,temperature,32.3,degC
Fish Tank 3,Fish Tanks,122,122,2025-07-01,morning,dissolved_oxygen,6.56,mg/L
Fish Tank 3,Fish Tanks,122,122,2025-07-01,morning,temperature,29.5,degC
Fish Tank 3,Fish Tanks,122,122,2025-07-02,afternoon,dissolved_oxygen,5.03,mg/L
Fish Tank 3,Fish Tanks,122,122,2025-07-02,afternoon,temperature,31.0,degC
Fish Tank 3,Fish Tanks,122,122,2025-07-02,morning,dissolved_oxygen,5.97,mg/L
Fish Tank 3,Fish Tanks,122,122,2025-07-02,morning,temperature,29.3,degC
Fish Tank 3,Fish Tanks,122,122,2025-07-03,morning,dissolved_oxygen,6.26,mg/L
Fish Tank 3,Fish Tanks,122,122,2025-07-03,morning,temperature,28.0,degC
Fish Tank 3,Fish Tanks,122,122,2025-07-04,afternoon,dissolved_oxygen,7.21,mg/L
Fish Tank 3,Fish Tanks,122,122,2025-07-04,afternoon,temperature,31.8,degC
Fish Tank 3,Fish Tanks,122,122,2025-07-04,morning,dissolved_oxygen,5.76,mg/L
Fish Tank 3,Fish Tanks,122,122,2025-07-04,morning,temperature,29.0,degC
Fish Tank 3,Fish Tanks,122,122,2025-07-07,afternoon,dissolved_oxygen,5.06,mg/L
Fish Tank 3,Fish Tanks,122,122,2025-07-07,afternoon,temperature,33.3,degC
Fish Tank 3,Fish Tanks,122,122,2025-07-08,afternoon,dissolved_oxygen,5.52,mg/L
Fish Tank 3,Fish Tanks,122,122,2025-07-08,afternoon,temperature,30.9,degC
Fish Tank 3,Fish Tanks,122,122,2025-07-09,afternoon,dissolved_oxygen,5.57,mg/L
Fish Tank 3,Fish Tanks,122,122,2025-07-09,afternoon,temperature,31.6,degC
Fish Tank 3,Fish Tanks,122,122,2025-07-10,afternoon,dissolved_oxygen,6.73,mg/L
Fish Tank 3,Fish Tanks,122,122,2025-07-10,afternoon,temperature,30.3,degC
Fish Tank 3,Fish Tanks,122,122,2025-07-10,morning,dissolved_oxygen,6.24,mg/L
Fish Tank 3,Fish Tanks,122,122,2025-07-10,morning,temperature,29.3,degC
Fish Tank 3,Fish Tanks,122,122,2025-07-11,afternoon,dissolved_oxygen,6.74,mg/L
Fish Tank 3,Fish Tanks,122,122,2025-07-11,afternoon,temperature,32.0,degC
Fish Tank 3,Fish Tanks,122,122,2025-07-11,morning,dissolved_oxygen,6.47,mg/L
Fish Tank 3,Fish Tanks,122,122,2025-07-11,morning,temperature,28.3,degC
Fish Tank 3,Fish Tanks,122,122,2025-07-15,afternoon,dissolved_oxygen,4.8,mg/L
Fish Tank 3,Fish Tanks,122,122,2025-07-15,afternoon,temperature,32.0,degC
Fish Tank 3,Fish Tanks,122,122,2025-07-15,morning,dissolved_oxygen,5.59,mg/L
Fish Tank 3,Fish Tanks,122,122,2025-07-15,morning,temperature,29.2,degC
Fish Tank 3,Fish Tanks,122,122,2025-07-16,afternoon,dissolved_oxygen,5.79,mg/L
Fish Tank 3,Fish Tanks,122,122,2025-07-16,afternoon,temperature,32.5,degC
Fish Tank 3,Fish Tanks,122,122,2025-07-16,morning,dissolved_oxygen,5.46,mg/L
Fish Tank 3,Fish Tanks,122,122,2025-07-16,morning,temperature,29.0,degC
Fish Tank 3,Fish Tanks,122,122,2025-07-17,afternoon,dissolved_oxygen,5.96,mg/L
Fish Tank 3,Fish Tanks,122,122,2025-07-17,afternoon,temperature,33.1,degC
Fish Tank 3,Fish Tanks,122,122,2025-07-17,morning,dissolved_oxygen,5.36,mg/L
Fish Tank 3,Fish Tanks,122,122,2025-07-17,morning,temperature,29.6,degC
Fish Tank 3,Fish Tanks,122,122,2025-07-18,afternoon,dissolved_oxygen,5.94,mg/L
Fish Tank 3,Fish Tanks,122,122,2025-07-18,afternoon,temperature,33.4,degC
Fish Tank 3,Fish Tanks,122,122,2025-07-18,morning,dissolved_oxygen,5.31,mg/L
Fish Tank 3,Fish Tanks,122,122,2025-07-18,morning,temperature,30.1,degC
Fish Tank 3,Fish Tanks,122,122,2025-07-21,afternoon,dissolved_oxygen,6.25,mg/L
Fish Tank 3,Fish Tanks,122,122,2025-07-21,afternoon,temperature,33.0,degC
Fish Tank 3,Fish Tanks,122,122,2025-07-21,morning,dissolved_oxygen,6.69,mg/L
Fish Tank 3,Fish Tanks,122,122,2025-07-21,morning,temperature,29.3,degC
Fish Tank 3,Fish Tanks,122,122,2025-07-22,afternoon,dissolved_oxygen,6.15,mg/L
Fish Tank 3,Fish Tanks,122,122,2025-07-22,afternoon,temperature,32.3,degC
Fish Tank 3,Fish Tanks,122,122,2025-07-23,afternoon,dissolved_oxygen,6.25,mg/L
Fish Tank 3,Fish Tanks,122,122,2025-07-23,afternoon,temperature,32.1,degC
Fish Tank 3,Fish Tanks,122,122,2025-07-23,morning,dissolved_oxygen,4.95,mg/L
Fish Tank 3,Fish Tanks,122,122,2025-07-23,morning,temperature,29.5,degC
Fish Tank 3,Fish Tanks,122,122,2025-07-24,afternoon,dissolved_oxygen,7.47,mg/L
Fish Tank 3,Fish Tanks,122,122,2025-07-24,afternoon,temperature,32.9,degC
Fish Tank 3,Fish Tanks,122,122,2025-07-24,morning,dissolved_oxygen,7.28,mg/L
Fish Tank 3,Fish Tanks,122,122,2025-07-24,morning,temperature,29.6,degC
Fish Tank 3,Fish Tanks,122,122,2025-07-25,afternoon,dissolved_oxygen,8.12,mg/L
Fish Tank 3,Fish Tanks,122,122,2025-07-25,afternoon,temperature,33.3,degC
Fish Tank 3,Fish Tanks,122,122,2025-07-28,afternoon,dissolved_oxygen,4.45,mg/L
Fish Tank 3,Fish Tanks,122,122,2025-07-28,afternoon,temperature,31.3,degC
Fish Tank 3,Fish Tanks,122,122,2025-07-28,morning,ammonia,2.3,mg/L
Fish Tank 3,Fish Tanks,122,122,2025-07-28,morning,dissolved_oxygen,4.89,mg/L
Fish Tank 3,Fish Tanks,122,122,2025-07-28,morning,ph,7.32,pH
Fish Tank 3,Fish Tanks,122,122,2025-07-28,morning,temperature,29.6,degC
Fish Tank 3,Fish Tanks,122,122,2025-07-29,afternoon,dissolved_oxygen,4.36,mg/L
Fish Tank 3,Fish Tanks,122,122,2025-07-29,afternoon,temperature,31.0,degC
Fish Tank 3,Fish Tanks,122,122,2025-07-29,morning,dissolved_oxygen,5.42,mg/L
Fish Tank 3,Fish Tanks,122,122,2025-07-29,morning,temperature,29.5,degC
Fish Tank 3,Fish Tanks,122,122,2025-07-30,afternoon,dissolved_oxygen,5.62,mg/L
Fish Tank 3,Fish Tanks,122,122,2025-07-30,afternoon,temperature,30.1,degC
Fish Tank 3,Fish Tanks,123,123,2025-07-01,afternoon,dissolved_oxygen,5.62,mg/L
Fish Tank 3,Fish Tanks,123,123,2025-07-01,afternoon,temperature,32.4,degC
Fish Tank 3,Fish Tanks,123,123,2025-07-01,morning,ammonia,0.39,mg/L
Fish Tank 3,Fish Tanks,123,123,2025-07-01,morning,dissolved_oxygen,7.03,mg/L
Fish Tank 3,Fish Tanks,123,123,2025-07-01,morning,nitrate,1.0,mg/L
Fish Tank 3,Fish Tanks,123,123,2025-07-01,morning,nitrite,0.023,mg/L
Fish Tank 3,Fish Tanks,123,123,2025-07-01,morning,ph,6.82,pH
Fish Tank 3,Fish Tanks,123,123,2025-07-01,morning,temperature,29.7,degC
Fish Tank 3,Fish Tanks,123,123,2025-07-02,afternoon,dissolved_oxygen,6.04,mg/L
Fish Tank 3,Fish Tanks,123,123,2025-07-02,afternoon,temperature,30.9,degC
Fish Tank 3,Fish Tanks,123,123,2025-07-02,morning,dissolved_oxygen,6.39,mg/L
Fish Tank 3,Fish Tanks,123,123,2025-07-02,morning,temperature,29.2,degC
Fish Tank 3,Fish Tanks,123,123,2025-07-03,morning,dissolved_oxygen,6.45,mg/L
Fish Tank 3,Fish Tanks,123,123,2025-07-03,morning,temperature,27.9,degC
Fish Tank 3,Fish Tanks,123,123,2025-07-04,afternoon,dissolved_oxygen,6.29,mg/L
Fish Tank 3,Fish Tanks,123,123,2025-07-04,afternoon,temperature,31.8,degC
Fish Tank 3,Fish Tanks,123,123,2025-07-04,morning,ammonia,1.9,mg/L
Fish Tank 3,Fish Tanks,123,123,2025-07-04,morning,dissolved_oxygen,5.94,mg/L
Fish Tank 3,Fish Tanks,123,123,2025-07-04,morning,nitrate,2.1,mg/L
Fish Tank 3,Fish Tanks,123,123,2025-07-04,morning,nitrite,0.069,mg/L
Fish Tank 3,Fish Tanks,123,123,2025-07-04,morning,ph,7.04,pH
Fish Tank 3,Fish Tanks,123,123,2025-07-04,morning,temperature,28.9,degC
Fish Tank 3,Fish Tanks,123,123,2025-07-08,afternoon,dissolved_oxygen,6.38,mg/L
Fish Tank 3,Fish Tanks,123,123,2025-07-08,afternoon,temperature,30.8,degC
Fish Tank 3,Fish Tanks,123,123,2025-07-10,afternoon,dissolved_oxygen,7.05,mg/L
Fish Tank 3,Fish Tanks,123,123,2025-07-10,afternoon,temperature,30.3,degC
Fish Tank 3,Fish Tanks,123,123,2025-07-10,morning,dissolved_oxygen,6.25,mg/L
Fish Tank 3,Fish Tanks,123,123,2025-07-10,morning,temperature,29.3,degC
Fish Tank 3,Fish Tanks,123,123,2025-07-11,afternoon,dissolved_oxygen,7.9,mg/L
Fish Tank 3,Fish Tanks,123,123,2025-07-11,afternoon,temperature,31.9,degC
Fish Tank 3,Fish Tanks,123,123,2025-07-11,morning,dissolved_oxygen,7.24,mg/L
Fish Tank 3,Fish Tanks,123,123,2025-07-11,morning,temperature,28.2,degC
Fish Tank 3,Fish Tanks,123,123,2025-07-15,afternoon,dissolved_oxygen,5.61,mg/L
Fish Tank 3,Fish Tanks,123,123,2025-07-15,afternoon,temperature,32.1,degC
Fish Tank 3,Fish Tanks,123,123,2025-07-15,morning,dissolved_oxygen,5.96,mg/L
Fish Tank 3,Fish Tanks,123,123,2025-07-15,morning,temperature,29.2,degC
Fish Tank 3,Fish Tanks,123,123,2025-07-16,afternoon,dissolved_oxygen,6.13,mg/L
Fish Tank 3,Fish Tanks,123,123,2025-07-16,afternoon,temperature,32.4,degC
Fish Tank 3,Fish Tanks,123,123,2025-07-17,afternoon,dissolved_oxygen,6.61,mg/L
Fish Tank 3,Fish Tanks,123,123,2025-07-17,afternoon,temperature,33.1,degC
Fish Tank 3,Fish Tanks,123,123,2025-07-17,morning,dissolved_oxygen,5.7,mg/L
Fish Tank 3,Fish Tanks,123,123,2025-07-17,morning,temperature,29.6,degC
Fish Tank 3,Fish Tanks,123,123,2025-07-18,afternoon,dissolved_oxygen,6.73,mg/L
Fish Tank 3,Fish Tanks,123,123,2025-07-18,afternoon,temperature,33.3,degC
Fish Tank 3,Fish Tanks,123,123,2025-07-18,morning,dissolved_oxygen,5.8,mg/L
Fish Tank 3,Fish Tanks,123,123,2025-07-18,morning,temperature,30.0,degC
Fish Tank 3,Fish Tanks,123,123,2025-07-21,afternoon,dissolved_oxygen,6.33,mg/L
Fish Tank 3,Fish Tanks,123,123,2025-07-21,afternoon,temperature,33.1,degC
Fish Tank 3,Fish Tanks,123,123,2025-07-21,morning,dissolved_oxygen,6.75,mg/L
Fish Tank 3,Fish Tanks,123,123,2025-07-21,morning,temperature,29.2,degC
Fish Tank 3,Fish Tanks,123,123,2025-07-22,afternoon,dissolved_oxygen,6.45,mg/L
Fish Tank 3,Fish Tanks,123,123,2025-07-22,afternoon,temperature,32.2,degC
Fish Tank 3,Fish Tanks,123,123,2025-07-23,afternoon,dissolved_oxygen,6.06,mg/L
Fish Tank 3,Fish Tanks,123,123,2025-07-23,afternoon,temperature,32.1,degC
Fish Tank 3,Fish Tanks,123,123,2025-07-23,morning,dissolved_oxygen,5.13,mg/L
Fish Tank 3,Fish Tanks,123,123,2025-07-23,morning,temperature,29.4,degC
Fish Tank 3,Fish Tanks,123,123,2025-07-24,afternoon,dissolved_oxygen,9.11,mg/L
Fish Tank 3,Fish Tanks,123,123,2025-07-24,afternoon,temperature,32.9,degC
Fish Tank 3,Fish Tanks,123,123,2025-07-24,morning,dissolved_oxygen,8.35,mg/L
Fish Tank 3,Fish Tanks,123,123,2025-07-24,morning,temperature,29.5,degC
Fish Tank 3,Fish Tanks,123,123,2025-07-25,afternoon,dissolved_oxygen,9.26,mg/L
Fish Tank 3,Fish Tanks,123,123,2025-07-25,afternoon,temperature,33.2,degC
Fish Tank 3,Fish Tanks,123,123,2025-07-28,afternoon,dissolved_oxygen,5.42,mg/L
Fish Tank 3,Fish Tanks,123,123,2025-07-28,afternoon,temperature,31.2,degC
Fish Tank 3,Fish Tanks,123,123,2025-07-28,morning,dissolved_oxygen,5.54,mg/L
Fish Tank 3,Fish Tanks,123,123,2025-07-28,morning,temperature,29.5,degC
Fish Tank 3,Fish Tanks,123,123,2025-07-29,afternoon,dissolved_oxygen,5.11,mg/L
Fish Tank 3,Fish Tanks,123,123,2025-07-29,afternoon,temperature,31.0,degC
Fish Tank 3,Fish Tanks,123,123,2025-07-29,morning,dissolved_oxygen,5.89,mg/L
Fish Tank 3,Fish Tanks,123,123,2025-07-29,morning,temperature,29.4,degC
Fish Tank 3,Fish Tanks,123,123,2025-07-30,afternoon,dissolved_oxygen,6.42,mg/L
Fish Tank 3,Fish Tanks,123,123,2025-07-30,afternoon,temperature,30.1,degC
Fish Tank 3,Fish Tanks,124,124,2025-07-01,afternoon,dissolved_oxygen,5.51,mg/L
Fish Tank 3,Fish Tanks,124,124,2025-07-01,afternoon,temperature,32.2,degC
Fish Tank 3,Fish Tanks,124,124,2025-07-01,morning,dissolved_oxygen,6.56,mg/L
Fish Tank 3,Fish Tanks,124,124,2025-07-01,morning,temperature,29.5,degC
Fish Tank 3,Fish Tanks,124,124,2025-07-02,afternoon,dissolved_oxygen,5.13,mg/L
Fish Tank 3,Fish Tanks,124,124,2025-07-02,afternoon,temperature,30.9,degC
Fish Tank 3,Fish Tanks,124,124,2025-07-02,morning,dissolved_oxygen,6.19,mg/L
Fish Tank 3,Fish Tanks,124,124,2025-07-02,morning,temperature,29.4,degC
Fish Tank 3,Fish Tanks,124,124,2025-07-03,morning,dissolved_oxygen,6.23,mg/L
Fish Tank 3,Fish Tanks,124,124,2025-07-03,morning,temperature,27.9,degC
Fish Tank 3,Fish Tanks,124,124,2025-07-04,afternoon,dissolved_oxygen,7.15,mg/L
Fish Tank 3,Fish Tanks,124,124,2025-07-04,afternoon,temperature,31.6,degC
Fish Tank 3,Fish Tanks,124,124,2025-07-04,morning,dissolved_oxygen,6.43,mg/L
Fish Tank 3,Fish Tanks,124,124,2025-07-04,morning,temperature,28.9,degC
Fish Tank 3,Fish Tanks,124,124,2025-07-08,afternoon,dissolved_oxygen,5.45,mg/L
Fish Tank 3,Fish Tanks,124,124,2025-07-08,afternoon,temperature,30.8,degC
Fish Tank 3,Fish Tanks,124,124,2025-07-10,afternoon,dissolved_oxygen,6.86,mg/L
Fish Tank 3,Fish Tanks,124,124,2025-07-10,afternoon,temperature,30.3,degC
Fish Tank 3,Fish Tanks,124,124,2025-07-10,morning,dissolved_oxygen,6.05,mg/L
Fish Tank 3,Fish Tanks,124,124,2025-07-10,morning,temperature,29.3,degC
Fish Tank 3,Fish Tanks,124,124,2025-07-11,afternoon,dissolved_oxygen,7.13,mg/L
Fish Tank 3,Fish Tanks,124,124,2025-07-11,afternoon,temperature,31.9,degC
Fish Tank 3,Fish Tanks,124,124,2025-07-11,morning,dissolved_oxygen,6.45,mg/L
Fish Tank 3,Fish Tanks,124,124,2025-07-11,morning,temperature,28.3,degC
Fish Tank 3,Fish Tanks,124,124,2025-07-15,afternoon,dissolved_oxygen,5.28,mg/L
Fish Tank 3,Fish Tanks,124,124,2025-07-15,afternoon,temperature,31.9,degC
Fish Tank 3,Fish Tanks,124,124,2025-07-15,morning,dissolved_oxygen,5.79,mg/L
Fish Tank 3,Fish Tanks,124,124,2025-07-15,morning,temperature,29.1,degC
Fish Tank 3,Fish Tanks,124,124,2025-07-16,afternoon,dissolved_oxygen,5.93,mg/L
Fish Tank 3,Fish Tanks,124,124,2025-07-16,afternoon,temperature,32.3,degC
Fish Tank 3,Fish Tanks,124,124,2025-07-17,afternoon,dissolved_oxygen,5.75,mg/L
Fish Tank 3,Fish Tanks,124,124,2025-07-17,afternoon,temperature,33.0,degC
Fish Tank 3,Fish Tanks,124,124,2025-07-17,morning,dissolved_oxygen,5.1,mg/L
Fish Tank 3,Fish Tanks,124,124,2025-07-17,morning,temperature,29.6,degC
Fish Tank 3,Fish Tanks,124,124,2025-07-18,afternoon,dissolved_oxygen,6.02,mg/L
Fish Tank 3,Fish Tanks,124,124,2025-07-18,afternoon,temperature,33.2,degC
Fish Tank 3,Fish Tanks,124,124,2025-07-18,morning,dissolved_oxygen,5.19,mg/L
Fish Tank 3,Fish Tanks,124,124,2025-07-18,morning,temperature,30.0,degC
Fish Tank 3,Fish Tanks,124,124,2025-07-21,afternoon,dissolved_oxygen,6.36,mg/L
Fish Tank 3,Fish Tanks,124,124,2025-07-21,afternoon,temperature,32.8,degC
Fish Tank 3,Fish Tanks,124,124,2025-07-21,morning,dissolved_oxygen,6.67,mg/L
Fish Tank 3,Fish Tanks,124,124,2025-07-21,morning,temperature,29.2,degC
Fish Tank 3,Fish Tanks,124,124,2025-07-22,afternoon,dissolved_oxygen,6.09,mg/L
Fish Tank 3,Fish Tanks,124,124,2025-07-22,afternoon,temperature,32.1,degC
Fish Tank 3,Fish Tanks,124,124,2025-07-23,afternoon,dissolved_oxygen,6.66,mg/L
Fish Tank 3,Fish Tanks,124,124,2025-07-23,afternoon,temperature,32.0,degC
Fish Tank 3,Fish Tanks,124,124,2025-07-23,morning,dissolved_oxygen,5.2,mg/L
Fish Tank 3,Fish Tanks,124,124,2025-07-23,morning,temperature,29.4,degC
Fish Tank 3,Fish Tanks,124,124,2025-07-24,afternoon,dissolved_oxygen,8.31,mg/L
Fish Tank 3,Fish Tanks,124,124,2025-07-24,afternoon,temperature,32.8,degC
Fish Tank 3,Fish Tanks,124,124,2025-07-24,morning,dissolved_oxygen,7.0,mg/L
Fish Tank 3,Fish Tanks,124,124,2025-07-24,morning,temperature,29.5,degC
Fish Tank 3,Fish Tanks,124,124,2025-07-25,afternoon,dissolved_oxygen,7.78,mg/L
Fish Tank 3,Fish Tanks,124,124,2025-07-25,afternoon,temperature,33.2,degC
Fish Tank 3,Fish Tanks,124,124,2025-07-28,afternoon,dissolved_oxygen,4.63,mg/L
Fish Tank 3,Fish Tanks,124,124,2025-07-28,afternoon,temperature,31.2,degC
Fish Tank 3,Fish Tanks,124,124,2025-07-28,morning,dissolved_oxygen,5.26,mg/L
Fish Tank 3,Fish Tanks,124,124,2025-07-28,morning,temperature,29.5,degC
Fish Tank 3,Fish Tanks,124,124,2025-07-29,afternoon,dissolved_oxygen,4.16,mg/L
Fish Tank 3,Fish Tanks,124,124,2025-07-29,afternoon,temperature,31.2,degC
Fish Tank 3,Fish Tanks,124,124,2025-07-29,morning,dissolved_oxygen,5.42,mg/L
Fish Tank 3,Fish Tanks,124,124,2025-07-29,morning,temperature,29.4,degC
Fish Tank 3,Fish Tanks,124,124,2025-07-30,afternoon,dissolved_oxygen,5.58,mg/L
Fish Tank 3,Fish Tanks,124,124,2025-07-30,afternoon,temperature,30.4,degC
Fish Tank 3,Fish Tanks,125,125,2025-07-01,afternoon,dissolved_oxygen,4.94,mg/L
Fish Tank 3,Fish Tanks,125,125,2025-07-01,afternoon,temperature,32.5,degC
Fish Tank 3,Fish Tanks,125,125,2025-07-01,morning,dissolved_oxygen,6.41,mg/L
Fish Tank 3,Fish Tanks,125,125,2025-07-01,morning,temperature,29.8,degC
Fish Tank 3,Fish Tanks,125,125,2025-07-02,afternoon,dissolved_oxygen,4.77,mg/L
Fish Tank 3,Fish Tanks,125,125,2025-07-02,afternoon,temperature,31.1,degC
Fish Tank 3,Fish Tanks,125,125,2025-07-02,morning,dissolved_oxygen,6.0,mg/L
Fish Tank 3,Fish Tanks,125,125,2025-07-02,morning,temperature,29.4,degC
Fish Tank 3,Fish Tanks,125,125,2025-07-03,morning,dissolved_oxygen,5.84,mg/L
Fish Tank 3,Fish Tanks,125,125,2025-07-03,morning,temperature,28.0,degC
Fish Tank 3,Fish Tanks,125,125,2025-07-04,afternoon,dissolved_oxygen,6.74,mg/L
Fish Tank 3,Fish Tanks,125,125,2025-07-04,afternoon,temperature,31.9,degC
Fish Tank 3,Fish Tanks,125,125,2025-07-04,morning,dissolved_oxygen,5.81,mg/L
Fish Tank 3,Fish Tanks,125,125,2025-07-04,morning,temperature,29.0,degC
Fish Tank 3,Fish Tanks,125,125,2025-07-08,afternoon,dissolved_oxygen,5.37,mg/L
Fish Tank 3,Fish Tanks,125,125,2025-07-08,afternoon,temperature,30.9,degC
Fish Tank 3,Fish Tanks,125,125,2025-07-10,afternoon,dissolved_oxygen,6.59,mg/L
Fish Tank 3,Fish Tanks,125,125,2025-07-10,afternoon,temperature,30.5,degC
Fish Tank 3,Fish Tanks,125,125,2025-07-10,morning,dissolved_oxygen,6.26,mg/L
Fish Tank 3,Fish Tanks,125,125,2025-07-10,morning,temperature,29.5,degC
Fish Tank 3,Fish Tanks,125,125,2025-07-11,afternoon,dissolved_oxygen,7.1,mg/L
Fish Tank 3,Fish Tanks,125,125,2025-07-11,afternoon,temperature,32.2,degC
Fish Tank 3,Fish Tanks,125,125,2025-07-11,morning,dissolved_oxygen,6.5,mg/L
Fish Tank 3,Fish Tanks,125,125,2025-07-11,morning,temperature,28.4,degC
Fish Tank 3,Fish Tanks,125,125,2025-07-15,afternoon,dissolved_oxygen,4.73,mg/L
Fish Tank 3,Fish Tanks,125,125,2025-07-15,afternoon,temperature,32.2,degC
Fish Tank 3,Fish Tanks,125,125,2025-07-15,morning,dissolved_oxygen,5.43,mg/L
Fish Tank 3,Fish Tanks,125,125,2025-07-15,morning,temperature,29.2,degC
Fish Tank 3,Fish Tanks,125,125,2025-07-16,afternoon,dissolved_oxygen,6.12,mg/L
Fish Tank 3,Fish Tanks,125,125,2025-07-16,afternoon,temperature,32.5,degC
Fish Tank 3,Fish Tanks,125,125,2025-07-17,afternoon,dissolved_oxygen,6.55,mg/L
Fish Tank 3,Fish Tanks,125,125,2025-07-17,afternoon,temperature,33.3,degC
Fish Tank 3,Fish Tanks,125,125,2025-07-17,morning,dissolved_oxygen,4.79,mg/L
Fish Tank 3,Fish Tanks,125,125,2025-07-17,morning,temperature,29.7,degC
Fish Tank 3,Fish Tanks,125,125,2025-07-18,afternoon,dissolved_oxygen,6.22,mg/L
Fish Tank 3,Fish Tanks,125,125,2025-07-18,afternoon,temperature,33.5,degC
Fish Tank 3,Fish Tanks,125,125,2025-07-18,morning,dissolved_oxygen,5.03,mg/L
Fish Tank 3,Fish Tanks,125,125,2025-07-18,morning,temperature,30.2,degC
Fish Tank 3,Fish Tanks,125,125,2025-07-21,afternoon,dissolved_oxygen,5.93,mg/L
Fish Tank 3,Fish Tanks,125,125,2025-07-21,afternoon,temperature,33.1,degC
Fish Tank 3,Fish Tanks,125,125,2025-07-21,morning,dissolved_oxygen,6.62,mg/L
Fish Tank 3,Fish Tanks,125,125,2025-07-21,morning,temperature,29.3,degC
Fish Tank 3,Fish Tanks,125,125,2025-07-22,afternoon,dissolved_oxygen,6.05,mg/L
Fish Tank 3,Fish Tanks,125,125,2025-07-22,afternoon,temperature,32.4,degC
Fish Tank 3,Fish Tanks,125,125,2025-07-23,afternoon,dissolved_oxygen,6.63,mg/L
Fish Tank 3,Fish Tanks,125,125,2025-07-23,afternoon,temperature,32.3,degC
Fish Tank 3,Fish Tanks,125,125,2025-07-23,morning,dissolved_oxygen,5.55,mg/L
Fish Tank 3,Fish Tanks,125,125,2025-07-23,morning,temperature,29.5,degC
Fish Tank 3,Fish Tanks,125,125,2025-07-24,afternoon,dissolved_oxygen,7.18,mg/L
Fish Tank 3,Fish Tanks,125,125,2025-07-24,afternoon,temperature,33.0,degC
Fish Tank 3,Fish Tanks,125,125,2025-07-24,morning,dissolved_oxygen,6.4,mg/L
Fish Tank 3,Fish Tanks,125,125,2025-07-24,morning,temperature,29.7,degC
Fish Tank 3,Fish Tanks,125,125,2025-07-25,afternoon,dissolved_oxygen,6.27,mg/L
Fish Tank 3,Fish Tanks,125,125,2025-07-25,afternoon,temperature,33.4,degC
Fish Tank 3,Fish Tanks,125,125,2025-07-28,afternoon,dissolved_oxygen,4.34,mg/L
Fish Tank 3,Fish Tanks,125,125,2025-07-28,afternoon,temperature,31.6,degC
Fish Tank 3,Fish Tanks,125,125,2025-07-28,morning,dissolved_oxygen,5.05,mg/L
Fish Tank 3,Fish Tanks,125,125,2025-07-28,morning,temperature,29.6,degC
Fish Tank 3,Fish Tanks,125,125,2025-07-29,afternoon,dissolved_oxygen,5.15,mg/L
Fish Tank 3,Fish Tanks,125,125,2025-07-29,afternoon,temperature,32.1,degC
Fish Tank 3,Fish Tanks,125,125,2025-07-29,morning,dissolved_oxygen,5.21,mg/L
Fish Tank 3,Fish Tanks,125,125,2025-07-29,morning,temperature,29.7,degC
Fish Tank 3,Fish Tanks,125,125,2025-07-30,afternoon,dissolved_oxygen,6.66,mg/L
Fish Tank 3,Fish Tanks,125,125,2025-07-30,afternoon,temperature,31.0,degC
Fish Tank 3,Fish Tanks,126,126,2025-07-01,afternoon,dissolved_oxygen,6.13,mg/L
Fish Tank 3,Fish Tanks,126,126,2025-07-01,afternoon,temperature,32.5,degC
Fish Tank 3,Fish Tanks,126,126,2025-07-01,morning,dissolved_oxygen,6.93,mg/L
Fish Tank 3,Fish Tanks,126,126,2025-07-01,morning,temperature,29.8,degC
Fish Tank 3,Fish Tanks,126,126,2025-07-02,afternoon,dissolved_oxygen,5.99,mg/L
Fish Tank 3,Fish Tanks,126,126,2025-07-02,afternoon,temperature,31.1,degC
Fish Tank 3,Fish Tanks,126,126,2025-07-02,morning,dissolved_oxygen,6.49,mg/L
Fish Tank 3,Fish Tanks,126,126,2025-07-02,morning,temperature,29.2,degC
Fish Tank 3,Fish Tanks,126,126,2025-07-03,morning,dissolved_oxygen,6.57,mg/L
Fish Tank 3,Fish Tanks,126,126,2025-07-03,morning,temperature,27.9,degC
Fish Tank 3,Fish Tanks,126,126,2025-07-04,afternoon,dissolved_oxygen,7.01,mg/L
Fish Tank 3,Fish Tanks,126,126,2025-07-04,afternoon,temperature,31.8,degC
Fish Tank 3,Fish Tanks,126,126,2025-07-04,morning,dissolved_oxygen,6.15,mg/L
Fish Tank 3,Fish Tanks,126,126,2025-07-04,morning,temperature,29.2,degC
Fish Tank 3,Fish Tanks,126,126,2025-07-08,afternoon,dissolved_oxygen,6.28,mg/L
Fish Tank 3,Fish Tanks,126,126,2025-07-08,afternoon,temperature,30.9,degC
Fish Tank 3,Fish Tanks,126,126,2025-07-10,afternoon,dissolved_oxygen,6.85,mg/L
Fish Tank 3,Fish Tanks,126,126,2025-07-10,afternoon,temperature,30.5,degC
Fish Tank 3,Fish Tanks,126,126,2025-07-10,morning,dissolved_oxygen,6.78,mg/L
Fish Tank 3,Fish Tanks,126,126,2025-07-10,morning,temperature,29.5,degC
Fish Tank 3,Fish Tanks,126,126,2025-07-11,afternoon,dissolved_oxygen,7.41,mg/L
Fish Tank 3,Fish Tanks,126,126,2025-07-11,afternoon,temperature,32.3,degC
Fish Tank 3,Fish Tanks,126,126,2025-07-11,morning,dissolved_oxygen,6.78,mg/L
Fish Tank 3,Fish Tanks,126,126,2025-07-11,morning,temperature,28.5,degC
Fish Tank 3,Fish Tanks,126,126,2025-07-15,afternoon,dissolved_oxygen,5.22,mg/L
Fish Tank 3,Fish Tanks,126,126,2025-07-15,afternoon,temperature,32.1,degC
Fish Tank 3,Fish Tanks,126,126,2025-07-15,morning,dissolved_oxygen,6.33,mg/L
Fish Tank 3,Fish Tanks,126,126,2025-07-15,morning,temperature,29.1,degC
Fish Tank 3,Fish Tanks,126,126,2025-07-16,afternoon,dissolved_oxygen,5.84,mg/L
Fish Tank 3,Fish Tanks,126,126,2025-07-16,afternoon,temperature,32.4,degC
Fish Tank 3,Fish Tanks,126,126,2025-07-17,afternoon,dissolved_oxygen,6.25,mg/L
Fish Tank 3,Fish Tanks,126,126,2025-07-17,afternoon,temperature,33.2,degC
Fish Tank 3,Fish Tanks,126,126,2025-07-17,morning,dissolved_oxygen,5.55,mg/L
Fish Tank 3,Fish Tanks,126,126,2025-07-17,morning,temperature,29.7,degC
Fish Tank 3,Fish Tanks,126,126,2025-07-18,afternoon,dissolved_oxygen,5.32,mg/L
Fish Tank 3,Fish Tanks,126,126,2025-07-18,afternoon,temperature,33.5,degC
Fish Tank 3,Fish Tanks,126,126,2025-07-18,morning,dissolved_oxygen,5.56,mg/L
Fish Tank 3,Fish Tanks,126,126,2025-07-18,morning,temperature,30.1,degC
Fish Tank 3,Fish Tanks,126,126,2025-07-21,afternoon,dissolved_oxygen,6.02,mg/L
Fish Tank 3,Fish Tanks,126,126,2025-07-21,afternoon,temperature,33.4,degC
Fish Tank 3,Fish Tanks,126,126,2025-07-21,morning,dissolved_oxygen,6.53,mg/L
Fish Tank 3,Fish Tanks,126,126,2025-07-21,morning,temperature,29.3,degC
Fish Tank 3,Fish Tanks,126,126,2025-07-22,afternoon,dissolved_oxygen,6.57,mg/L
Fish Tank 3,Fish Tanks,126,126,2025-07-22,afternoon,temperature,32.5,degC
Fish Tank 3,Fish Tanks,126,126,2025-07-23,afternoon,dissolved_oxygen,6.72,mg/L
Fish Tank 3,Fish Tanks,126,126,2025-07-23,afternoon,temperature,32.0,degC
Fish Tank 3,Fish Tanks,126,126,2025-07-23,morning,dissolved_oxygen,5.1,mg/L
Fish Tank 3,Fish Tanks,126,126,2025-07-23,morning,temperature,29.4,degC
Fish Tank 3,Fish Tanks,126,126,2025-07-24,afternoon,dissolved_oxygen,8.58,mg/L
Fish Tank 3,Fish Tanks,126,126,2025-07-24,afternoon,temperature,33.0,degC
Fish Tank 3,Fish Tanks,126,126,2025-07-24,morning,dissolved_oxygen,8.03,mg/L
Fish Tank 3,Fish Tanks,126,126,2025-07-24,morning,temperature,29.7,degC
Fish Tank 3,Fish Tanks,126,126,2025-07-25,afternoon,dissolved_oxygen,8.88,mg/L
Fish Tank 3,Fish Tanks,126,126,2025-07-25,afternoon,temperature,33.4,degC
Fish Tank 3,Fish Tanks,126,126,2025-07-28,afternoon,dissolved_oxygen,5.5,mg/L
Fish Tank 3,Fish Tanks,126,126,2025-07-28,afternoon,temperature,31.8,degC
Fish Tank 3,Fish Tanks,126,126,2025-07-28,morning,dissolved_oxygen,5.7,mg/L
Fish Tank 3,Fish Tanks,126,126,2025-07-28,morning,temperature,29.7,degC
Fish Tank 3,Fish Tanks,126,126,2025-07-29,afternoon,dissolved_oxygen,5.9,mg/L
Fish Tank 3,Fish Tanks,126,126,2025-07-29,afternoon,temperature,32.3,degC
Fish Tank 3,Fish Tanks,126,126,2025-07-29,morning,dissolved_oxygen,5.43,mg/L
Fish Tank 3,Fish Tanks,126,126,2025-07-29,morning,temperature,29.8,degC
Fish Tank 3,Fish Tanks,126,126,2025-07-30,afternoon,dissolved_oxygen,6.32,mg/L
Fish Tank 3,Fish Tanks,126,126,2025-07-30,afternoon,temperature,31.1,degC
Fish Tank 3,Fish Tanks,127,127,2025-07-01,afternoon,dissolved_oxygen,5.41,mg/L
Fish Tank 3,Fish Tanks,127,127,2025-07-01,afternoon,temperature,32.1,degC
Fish Tank 3,Fish Tanks,127,127,2025-07-01,morning,dissolved_oxygen,6.56,mg/L
Fish Tank 3,Fish Tanks,127,127,2025-07-01,morning,temperature,29.5,degC
Fish Tank 3,Fish Tanks,127,127,2025-07-02,afternoon,dissolved_oxygen,4.5,mg/L
Fish Tank 3,Fish Tanks,127,127,2025-07-02,afternoon,temperature,30.9,degC
Fish Tank 3,Fish Tanks,127,127,2025-07-02,morning,dissolved_oxygen,5.93,mg/L
Fish Tank 3,Fish Tanks,127,127,2025-07-02,morning,temperature,29.0,degC
Fish Tank 3,Fish Tanks,127,127,2025-07-03,morning,dissolved_oxygen,5.76,mg/L
Fish Tank 3,Fish Tanks,127,127,2025-07-04,afternoon,dissolved_oxygen,7.09,mg/L
Fish Tank 3,Fish Tanks,127,127,2025-07-04,afternoon,temperature,31.6,degC
Fish Tank 3,Fish Tanks,127,127,2025-07-04,morning,dissolved_oxygen,5.66,mg/L
Fish Tank 3,Fish Tanks,127,127,2025-07-04,morning,temperature,28.8,degC
Fish Tank 3,Fish Tanks,127,127,2025-07-08,afternoon,dissolved_oxygen,5.24,mg/L
Fish Tank 3,Fish Tanks,127,127,2025-07-08,afternoon,temperature,30.8,degC
Fish Tank 3,Fish Tanks,127,127,2025-07-10,afternoon,dissolved_oxygen,6.32,mg/L
Fish Tank 3,Fish Tanks,127,127,2025-07-10,afternoon,temperature,30.5,degC
Fish Tank 3,Fish Tanks,127,127,2025-07-10,morning,dissolved_oxygen,6.12,mg/L
Fish Tank 3,Fish Tanks,127,127,2025-07-10,morning,temperature,29.5,degC
Fish Tank 3,Fish Tanks,127,127,2025-07-11,afternoon,dissolved_oxygen,6.96,mg/L
Fish Tank 3,Fish Tanks,127,127,2025-07-11,afternoon,temperature,32.1,degC
Fish Tank 3,Fish Tanks,127,127,2025-07-11,morning,dissolved_oxygen,6.11,mg/L
Fish Tank 3,Fish Tanks,127,127,2025-07-11,morning,temperature,28.7,degC
Fish Tank 3,Fish Tanks,127,127,2025-07-15,afternoon,dissolved_oxygen,5.11,mg/L
Fish Tank 3,Fish Tanks,127,127,2025-07-15,afternoon,temperature,32.7,degC
Fish Tank 3,Fish Tanks,127,127,2025-07-15,morning,dissolved_oxygen,5.14,mg/L
Fish Tank 3,Fish Tanks,127,127,2025-07-15,morning,temperature,26.1,degC
Fish Tank 3,Fish Tanks,127,127,2025-07-16,afternoon,dissolved_oxygen,4.41,mg/L
Fish Tank 3,Fish Tanks,127,127,2025-07-16,afternoon,temperature,32.4,degC
Fish Tank 3,Fish Tanks,127,127,2025-07-17,afternoon,dissolved_oxygen,4.64,mg/L
Fish Tank 3,Fish Tanks,127,127,2025-07-17,afternoon,temperature,33.0,degC
Fish Tank 3,Fish Tanks,127,127,2025-07-17,morning,dissolved_oxygen,4.73,mg/L
Fish Tank 3,Fish Tanks,127,127,2025-07-17,morning,temperature,29.7,degC
Fish Tank 3,Fish Tanks,127,127,2025-07-18,afternoon,dissolved_oxygen,6.29,mg/L
Fish Tank 3,Fish Tanks,127,127,2025-07-18,afternoon,temperature,33.3,degC
Fish Tank 3,Fish Tanks,127,127,2025-07-18,morning,dissolved_oxygen,4.86,mg/L
Fish Tank 3,Fish Tanks,127,127,2025-07-18,morning,temperature,30.0,degC
Fish Tank 3,Fish Tanks,127,127,2025-07-21,afternoon,dissolved_oxygen,5.12,mg/L
Fish Tank 3,Fish Tanks,127,127,2025-07-21,afternoon,temperature,34.0,degC
Fish Tank 3,Fish Tanks,127,127,2025-07-21,morning,dissolved_oxygen,6.2,mg/L
Fish Tank 3,Fish Tanks,127,127,2025-07-21,morning,temperature,29.1,degC
Fish Tank 3,Fish Tanks,127,127,2025-07-22,afternoon,dissolved_oxygen,4.06,mg/L
Fish Tank 3,Fish Tanks,127,127,2025-07-22,afternoon,temperature,32.6,degC
Fish Tank 3,Fish Tanks,127,127,2025-07-23,afternoon,dissolved_oxygen,5.78,mg/L
Fish Tank 3,Fish Tanks,127,127,2025-07-23,afternoon,temperature,32.3,degC
Fish Tank 3,Fish Tanks,127,127,2025-07-23,morning,dissolved_oxygen,5.3,mg/L
Fish Tank 3,Fish Tanks,127,127,2025-07-23,morning,temperature,28.9,degC
Fish Tank 3,Fish Tanks,127,127,2025-07-24,afternoon,dissolved_oxygen,9.03,mg/L
Fish Tank 3,Fish Tanks,127,127,2025-07-24,afternoon,temperature,32.9,degC
Fish Tank 3,Fish Tanks,127,127,2025-07-24,morning,dissolved_oxygen,6.3,mg/L
Fish Tank 3,Fish Tanks,127,127,2025-07-24,morning,temperature,29.5,degC
Fish Tank 3,Fish Tanks,127,127,2025-07-25,afternoon,dissolved_oxygen,9.0,mg/L
Fish Tank 3,Fish Tanks,127,127,2025-07-25,afternoon,temperature,33.1,degC
Fish Tank 3,Fish Tanks,127,127,2025-07-28,afternoon,dissolved_oxygen,4.05,mg/L
Fish Tank 3,Fish Tanks,127,127,2025-07-28,afternoon,temperature,31.9,degC
Fish Tank 3,Fish Tanks,127,127,2025-07-28,morning,dissolved_oxygen,4.64,mg/L
Fish Tank 3,Fish Tanks,127,127,2025-07-28,morning,temperature,29.7,degC
Fish Tank 3,Fish Tanks,127,127,2025-07-29,afternoon,dissolved_oxygen,4.83,mg/L
Fish Tank 3,Fish Tanks,127,127,2025-07-29,afternoon,temperature,32.3,degC
Fish Tank 3,Fish Tanks,127,127,2025-07-29,morning,dissolved_oxygen,4.42,mg/L
Fish Tank 3,Fish Tanks,127,127,2025-07-29,morning,temperature,29.7,degC
Fish Tank 3,Fish Tanks,127,127,2025-07-30,afternoon,dissolved_oxygen,6.48,mg/L
Fish Tank 3,Fish Tanks,127,127,2025-07-30,afternoon,temperature,31.1,degC
Fish Tank 3,Fish Tanks,128,128,2025-07-01,afternoon,dissolved_oxygen,5.81,mg/L
Fish Tank 3,Fish Tanks,128,128,2025-07-01,afternoon,temperature,32.2,degC
Fish Tank 3,Fish Tanks,128,128,2025-07-01,morning,dissolved_oxygen,6.68,mg/L
Fish Tank 3,Fish Tanks,128,128,2025-07-01,morning,temperature,29.4,degC
Fish Tank 3,Fish Tanks,128,128,2025-07-02,afternoon,dissolved_oxygen,5.11,mg/L
Fish Tank 3,Fish Tanks,128,128,2025-07-02,afternoon,temperature,30.9,degC
Fish Tank 3,Fish Tanks,128,128,2025-07-02,morning,dissolved_oxygen,5.64,mg/L
Fish Tank 3,Fish Tanks,128,128,2025-07-02,morning,temperature,29.3,degC
Fish Tank 3,Fish Tanks,128,128,2025-07-03,morning,dissolved_oxygen,6.18,mg/L
Fish Tank 3,Fish Tanks,128,128,2025-07-03,morning,temperature,27.9,degC
Fish Tank 3,Fish Tanks,128,128,2025-07-04,afternoon,dissolved_oxygen,6.83,mg/L
Fish Tank 3,Fish Tanks,128,128,2025-07-04,afternoon,temperature,31.8,degC
Fish Tank 3,Fish Tanks,128,128,2025-07-04,morning,dissolved_oxygen,5.56,mg/L
Fish Tank 3,Fish Tanks,128,128,2025-07-04,morning,temperature,28.9,degC
Fish Tank 3,Fish Tanks,128,128,2025-07-08,afternoon,dissolved_oxygen,5.75,mg/L
Fish Tank 3,Fish Tanks,128,128,2025-07-08,afternoon,temperature,30.9,degC
Fish Tank 3,Fish Tanks,128,128,2025-07-10,afternoon,dissolved_oxygen,6.17,mg/L
Fish Tank 3,Fish Tanks,128,128,2025-07-10,afternoon,temperature,30.5,degC
Fish Tank 3,Fish Tanks,128,128,2025-07-10,morning,dissolved_oxygen,6.15,mg/L
Fish Tank 3,Fish Tanks,128,128,2025-07-10,morning,temperature,29.4,degC
Fish Tank 3,Fish Tanks,128,128,2025-07-11,afternoon,dissolved_oxygen,7.05,mg/L
Fish Tank 3,Fish Tanks,128,128,2025-07-11,afternoon,temperature,32.2,degC
Fish Tank 3,Fish Tanks,128,128,2025-07-11,morning,ammonia,3.05,mg/L
Fish Tank 3,Fish Tanks,128,128,2025-07-11,morning,dissolved_oxygen,6.29,mg/L
Fish Tank 3,Fish Tanks,128,128,2025-07-11,morning,nitrate,1.2,mg/L
Fish Tank 3,Fish Tanks,128,128,2025-07-11,morning,nitrite,0.137,mg/L
Fish Tank 3,Fish Tanks,128,128,2025-07-11,morning,ph,7.43,pH
Fish Tank 3,Fish Tanks,128,128,2025-07-11,morning,temperature,28.4,degC
Fish Tank 3,Fish Tanks,128,128,2025-07-15,afternoon,dissolved_oxygen,5.54,mg/L
Fish Tank 3,Fish Tanks,128,128,2025-07-15,afternoon,temperature,32.8,degC
Fish Tank 3,Fish Tanks,128,128,2025-07-15,morning,dissolved_oxygen,5.45,mg/L
Fish Tank 3,Fish Tanks,128,128,2025-07-15,morning,temperature,29.1,degC
Fish Tank 3,Fish Tanks,128,128,2025-07-16,afternoon,dissolved_oxygen,4.81,mg/L
Fish Tank 3,Fish Tanks,128,128,2025-07-16,afternoon,temperature,32.5,degC
Fish Tank 3,Fish Tanks,128,128,2025-07-17,afternoon,dissolved_oxygen,5.31,mg/L
Fish Tank 3,Fish Tanks,128,128,2025-07-17,afternoon,temperature,33.2,degC
Fish Tank 3,Fish Tanks,128,128,2025-07-17,morning,dissolved_oxygen,5.27,mg/L
Fish Tank 3,Fish Tanks,128,128,2025-07-17,morning,temperature,29.6,degC
Fish Tank 3,Fish Tanks,128,128,2025-07-18,afternoon,dissolved_oxygen,6.39,mg/L
Fish Tank 3,Fish Tanks,128,128,2025-07-18,afternoon,temperature,33.5,degC
Fish Tank 3,Fish Tanks,128,128,2025-07-18,morning,dissolved_oxygen,5.33,mg/L
Fish Tank 3,Fish Tanks,128,128,2025-07-18,morning,temperature,30.0,degC
Fish Tank 3,Fish Tanks,128,128,2025-07-21,afternoon,dissolved_oxygen,5.52,mg/L
Fish Tank 3,Fish Tanks,128,128,2025-07-21,afternoon,temperature,34.2,degC
Fish Tank 3,Fish Tanks,128,128,2025-07-21,morning,dissolved_oxygen,5.95,mg/L
Fish Tank 3,Fish Tanks,128,128,2025-07-21,morning,temperature,29.1,degC
Fish Tank 3,Fish Tanks,128,128,2025-07-22,afternoon,dissolved_oxygen,4.41,mg/L
Fish Tank 3,Fish Tanks,128,128,2025-07-22,afternoon,temperature,32.7,degC
Fish Tank 3,Fish Tanks,128,128,2025-07-23,afternoon,dissolved_oxygen,5.28,mg/L
Fish Tank 3,Fish Tanks,128,128,2025-07-23,afternoon,temperature,32.5,degC
Fish Tank 3,Fish Tanks,128,128,2025-07-23,morning,dissolved_oxygen,4.92,mg/L
Fish Tank 3,Fish Tanks,128,128,2025-07-23,morning,temperature,29.4,degC
Fish Tank 3,Fish Tanks,128,128,2025-07-24,afternoon,dissolved_oxygen,7.17,mg/L
Fish Tank 3,Fish Tanks,128,128,2025-07-24,afternoon,temperature,33.1,degC
Fish Tank 3,Fish Tanks,128,128,2025-07-24,morning,dissolved_oxygen,6.54,mg/L
Fish Tank 3,Fish Tanks,128,128,2025-07-24,morning,temperature,29.4,degC
Fish Tank 3,Fish Tanks,128,128,2025-07-25,afternoon,dissolved_oxygen,8.91,mg/L
Fish Tank 3,Fish Tanks,128,128,2025-07-25,afternoon,temperature,33.4,degC
Fish Tank 3,Fish Tanks,128,128,2025-07-28,afternoon,dissolved_oxygen,4.61,mg/L
Fish Tank 3,Fish Tanks,128,128,2025-07-28,afternoon,temperature,32.1,degC
Fish Tank 3,Fish Tanks,128,128,2025-07-28,morning,dissolved_oxygen,5.23,mg/L
Fish Tank 3,Fish Tanks,128,128,2025-07-28,morning,temperature,29.7,degC
Fish Tank 3,Fish Tanks,128,128,2025-07-29,afternoon,dissolved_oxygen,5.01,mg/L
Fish Tank 3,Fish Tanks,128,128,2025-07-29,afternoon,temperature,32.3,degC
Fish Tank 3,Fish Tanks,128,128,2025-07-29,morning,dissolved_oxygen,5.52,mg/L
Fish Tank 3,Fish Tanks,128,128,2025-07-29,morning,temperature,29.8,degC
Fish Tank 3,Fish Tanks,128,128,2025-07-30,afternoon,dissolved_oxygen,6.6,mg/L
Fish Tank 3,Fish Tanks,128,128,2025-07-30,afternoon,temperature,31.1,degC
Fish Tank 3,Fish Tanks,129,129,2025-07-07,morning,ammonia,4.5,mg/L
Fish Tank 3,Fish Tanks,129,129,2025-07-07,morning,nitrate,3.0,mg/L
Fish Tank 3,Fish Tanks,129,129,2025-07-07,morning,nitrite,0.32,mg/L
Fish Tank 3,Fish Tanks,129,129,2025-07-07,morning,ph,7.08,pH
Fish Tank 3,Fish Tanks,131,131,2025-07-01,afternoon,dissolved_oxygen,5.27,mg/L
Fish Tank 3,Fish Tanks,131,131,2025-07-01,afternoon,temperature,32.3,degC
Fish Tank 3,Fish Tanks,131,131,2025-07-01,morning,dissolved_oxygen,6.52,mg/L
Fish Tank 3,Fish Tanks,131,131,2025-07-01,morning,temperature,29.5,degC
Fish Tank 3,Fish Tanks,131,131,2025-07-02,afternoon,dissolved_oxygen,4.91,mg/L
Fish Tank 3,Fish Tanks,131,131,2025-07-02,afternoon,temperature,31.0,degC
Fish Tank 3,Fish Tanks,131,131,2025-07-02,morning,dissolved_oxygen,6.02,mg/L
Fish Tank 3,Fish Tanks,131,131,2025-07-02,morning,temperature,29.4,degC
Fish Tank 3,Fish Tanks,131,131,2025-07-03,morning,dissolved_oxygen,6.17,mg/L
Fish Tank 3,Fish Tanks,131,131,2025-07-03,morning,temperature,27.9,degC
Fish Tank 3,Fish Tanks,131,131,2025-07-04,afternoon,dissolved_oxygen,7.21,mg/L
Fish Tank 3,Fish Tanks,131,131,2025-07-04,afternoon,temperature,31.7,degC
Fish Tank 3,Fish Tanks,131,131,2025-07-04,morning,dissolved_oxygen,6.16,mg/L
Fish Tank 3,Fish Tanks,131,131,2025-07-04,morning,temperature,29.1,degC
Fish Tank 3,Fish Tanks,131,131,2025-07-08,afternoon,dissolved_oxygen,5.35,mg/L
Fish Tank 3,Fish Tanks,131,131,2025-07-08,afternoon,temperature,30.8,degC
Fish Tank 3,Fish Tanks,131,131,2025-07-10,afternoon,dissolved_oxygen,6.08,mg/L
Fish Tank 3,Fish Tanks,131,131,2025-07-10,afternoon,temperature,30.3,degC
Fish Tank 3,Fish Tanks,131,131,2025-07-10,morning,dissolved_oxygen,6.28,mg/L
Fish Tank 3,Fish Tanks,131,131,2025-07-10,morning,temperature,29.4,degC
Fish Tank 3,Fish Tanks,131,131,2025-07-11,afternoon,dissolved_oxygen,6.46,mg/L
Fish Tank 3,Fish Tanks,131,131,2025-07-11,afternoon,temperature,32.1,degC
Fish Tank 3,Fish Tanks,131,131,2025-07-11,morning,dissolved_oxygen,6.26,mg/L
Fish Tank 3,Fish Tanks,131,131,2025-07-11,morning,temperature,28.4,degC
Fish Tank 3,Fish Tanks,131,131,2025-07-15,afternoon,dissolved_oxygen,5.55,mg/L
Fish Tank 3,Fish Tanks,131,131,2025-07-15,afternoon,temperature,32.6,degC
Fish Tank 3,Fish Tanks,131,131,2025-07-15,morning,dissolved_oxygen,5.8,mg/L
Fish Tank 3,Fish Tanks,131,131,2025-07-15,morning,temperature,29.1,degC
Fish Tank 3,Fish Tanks,131,131,2025-07-16,afternoon,dissolved_oxygen,4.57,mg/L
Fish Tank 3,Fish Tanks,131,131,2025-07-16,afternoon,temperature,32.4,degC
Fish Tank 3,Fish Tanks,131,131,2025-07-17,afternoon,dissolved_oxygen,4.42,mg/L
Fish Tank 3,Fish Tanks,131,131,2025-07-17,afternoon,temperature,33.1,degC
Fish Tank 3,Fish Tanks,131,131,2025-07-17,morning,dissolved_oxygen,4.87,mg/L
Fish Tank 3,Fish Tanks,131,131,2025-07-17,morning,temperature,29.7,degC
Fish Tank 3,Fish Tanks,131,131,2025-07-18,afternoon,dissolved_oxygen,5.2,mg/L
Fish Tank 3,Fish Tanks,131,131,2025-07-18,afternoon,temperature,33.4,degC
Fish Tank 3,Fish Tanks,131,131,2025-07-18,morning,dissolved_oxygen,5.15,mg/L
Fish Tank 3,Fish Tanks,131,131,2025-07-18,morning,temperature,30.1,degC
Fish Tank 3,Fish Tanks,131,131,2025-07-21,afternoon,dissolved_oxygen,5.22,mg/L
Fish Tank 3,Fish Tanks,131,131,2025-07-21,afternoon,temperature,33.8,degC
Fish Tank 3,Fish Tanks,131,131,2025-07-21,morning,dissolved_oxygen,6.51,mg/L
Fish Tank 3,Fish Tanks,131,131,2025-07-21,morning,temperature,29.2,degC
Fish Tank 3,Fish Tanks,131,131,2025-07-22,afternoon,dissolved_oxygen,4.47,mg/L
Fish Tank 3,Fish Tanks,131,131,2025-07-22,afternoon,temperature,32.5,degC
Fish Tank 3,Fish Tanks,131,131,2025-07-23,afternoon,dissolved_oxygen,5.3,mg/L
Fish Tank 3,Fish Tanks,131,131,2025-07-23,afternoon,temperature,32.2,degC
Fish Tank 3,Fish Tanks,131,131,2025-07-23,morning,dissolved_oxygen,5.49,mg/L
Fish Tank 3,Fish Tanks,131,131,2025-07-23,morning,temperature,29.8,degC
Fish Tank 3,Fish Tanks,131,131,2025-07-24,afternoon,dissolved_oxygen,7.7,mg/L
Fish Tank 3,Fish Tanks,131,131,2025-07-24,afternoon,temperature,32.8,degC
Fish Tank 3,Fish Tanks,131,131,2025-07-24,morning,dissolved_oxygen,6.92,mg/L
Fish Tank 3,Fish Tanks,131,131,2025-07-24,morning,temperature,29.6,degC
Fish Tank 3,Fish Tanks,131,131,2025-07-25,afternoon,dissolved_oxygen,9.1,mg/L
Fish Tank 3,Fish Tanks,131,131,2025-07-25,afternoon,temperature,33.2,degC
Fish Tank 3,Fish Tanks,131,131,2025-07-28,afternoon,dissolved_oxygen,4.31,mg/L
Fish Tank 3,Fish Tanks,131,131,2025-07-28,afternoon,temperature,32.3,degC
Fish Tank 3,Fish Tanks,131,131,2025-07-28,morning,dissolved_oxygen,5.19,mg/L
Fish Tank 3,Fish Tanks,131,131,2025-07-28,morning,temperature,29.8,degC
Fish Tank 3,Fish Tanks,131,131,2025-07-29,afternoon,dissolved_oxygen,4.89,mg/L
Fish Tank 3,Fish Tanks,131,131,2025-07-29,afternoon,temperature,32.3,degC
Fish Tank 3,Fish Tanks,131,131,2025-07-29,morning,dissolved_oxygen,5.38,mg/L
Fish Tank 3,Fish Tanks,131,131,2025-07-29,morning,temperature,29.9,degC
Fish Tank 3,Fish Tanks,131,131,2025-07-30,afternoon,dissolved_oxygen,6.55,mg/L
Fish Tank 3,Fish Tanks,131,131,2025-07-30,afternoon,temperature,31.1,degC
Fish Tank 3,Fish Tanks,132,132,2025-07-01,afternoon,dissolved_oxygen,5.55,mg/L
Fish Tank 3,Fish Tanks,132,132,2025-07-01,afternoon,temperature,32.3,degC
Fish Tank 3,Fish Tanks,132,132,2025-07-01,morning,dissolved_oxygen,6.44,mg/L
Fish Tank 3,Fish Tanks,132,132,2025-07-01,morning,temperature,29.5,degC
Fish Tank 3,Fish Tanks,132,132,2025-07-02,afternoon,dissolved_oxygen,4.81,mg/L
Fish Tank 3,Fish Tanks,132,132,2025-07-02,afternoon,temperature,31.1,degC
Fish Tank 3,Fish Tanks,132,132,2025-07-02,morning,dissolved_oxygen,5.78,mg/L
Fish Tank 3,Fish Tanks,132,132,2025-07-02,morning,temperature,29.4,degC
Fish Tank 3,Fish Tanks,132,132,2025-07-03,morning,dissolved_oxygen,6.35,mg/L
Fish Tank 3,Fish Tanks,132,132,2025-07-03,morning,temperature,27.9,degC
Fish Tank 3,Fish Tanks,132,132,2025-07-04,afternoon,dissolved_oxygen,7.19,mg/L
Fish Tank 3,Fish Tanks,132,132,2025-07-04,afternoon,temperature,31.9,degC
Fish Tank 3,Fish Tanks,132,132,2025-07-04,morning,dissolved_oxygen,6.47,mg/L
Fish Tank 3,Fish Tanks,132,132,2025-07-04,morning,temperature,29.1,degC
Fish Tank 3,Fish Tanks,132,132,2025-07-08,afternoon,dissolved_oxygen,5.53,mg/L
Fish Tank 3,Fish Tanks,132,132,2025-07-08,afternoon,temperature,30.8,degC
Fish Tank 3,Fish Tanks,132,132,2025-07-10,afternoon,dissolved_oxygen,6.22,mg/L
Fish Tank 3,Fish Tanks,132,132,2025-07-10,afternoon,temperature,30.3,degC
Fish Tank 3,Fish Tanks,132,132,2025-07-10,morning,dissolved_oxygen,6.07,mg/L
Fish Tank 3,Fish Tanks,132,132,2025-07-10,morning,temperature,29.4,degC
Fish Tank 3,Fish Tanks,132,132,2025-07-11,afternoon,dissolved_oxygen,6.27,mg/L
Fish Tank 3,Fish Tanks,132,132,2025-07-11,afternoon,temperature,32.0,degC
Fish Tank 3,Fish Tanks,132,132,2025-07-11,morning,dissolved_oxygen,6.13,mg/L
Fish Tank 3,Fish Tanks,132,132,2025-07-11,morning,temperature,28.4,degC
Fish Tank 3,Fish Tanks,132,132,2025-07-15,afternoon,dissolved_oxygen,5.33,mg/L
Fish Tank 3,Fish Tanks,132,132,2025-07-15,afternoon,temperature,32.7,degC
Fish Tank 3,Fish Tanks,132,132,2025-07-15,morning,dissolved_oxygen,5.51,mg/L
Fish Tank 3,Fish Tanks,132,132,2025-07-15,morning,temperature,29.2,degC
Fish Tank 3,Fish Tanks,132,132,2025-07-16,afternoon,dissolved_oxygen,4.44,mg/L
Fish Tank 3,Fish Tanks,132,132,2025-07-16,afternoon,temperature,32.4,degC
Fish Tank 3,Fish Tanks,132,132,2025-07-17,afternoon,dissolved_oxygen,4.63,mg/L
Fish Tank 3,Fish Tanks,132,132,2025-07-17,afternoon,temperature,33.2,degC
Fish Tank 3,Fish Tanks,132,132,2025-07-17,morning,dissolved_oxygen,5.07,mg/L
Fish Tank 3,Fish Tanks,132,132,2025-07-17,morning,temperature,29.7,degC
Fish Tank 3,Fish Tanks,132,132,2025-07-18,afternoon,dissolved_oxygen,5.88,mg/L
Fish Tank 3,Fish Tanks,132,132,2025-07-18,afternoon,temperature,33.4,degC
Fish Tank 3,Fish Tanks,132,132,2025-07-18,morning,dissolved_oxygen,5.11,mg/L
Fish Tank 3,Fish Tanks,132,132,2025-07-18,morning,temperature,30.2,degC
Fish Tank 3,Fish Tanks,132,132,2025-07-21,afternoon,dissolved_oxygen,5.27,mg/L
Fish Tank 3,Fish Tanks,132,132,2025-07-21,afternoon,temperature,33.9,degC
Fish Tank 3,Fish Tanks,132,132,2025-07-21,morning,dissolved_oxygen,6.25,mg/L
Fish Tank 3,Fish Tanks,132,132,2025-07-21,morning,temperature,29.2,degC
Fish Tank 3,Fish Tanks,132,132,2025-07-22,afternoon,dissolved_oxygen,4.32,mg/L
Fish Tank 3,Fish Tanks,132,132,2025-07-22,afternoon,temperature,32.4,degC
Fish Tank 3,Fish Tanks,132,132,2025-07-23,afternoon,dissolved_oxygen,5.07,mg/L
Fish Tank 3,Fish Tanks,132,132,2025-07-23,afternoon,temperature,32.5,degC
Fish Tank 3,Fish Tanks,132,132,2025-07-23,morning,dissolved_oxygen,5.46,mg/L
Fish Tank 3,Fish Tanks,132,132,2025-07-23,morning,temperature,29.8,degC
Fish Tank 3,Fish Tanks,132,132,2025-07-24,afternoon,dissolved_oxygen,6.81,mg/L
Fish Tank 3,Fish Tanks,132,132,2025-07-24,afternoon,temperature,32.9,degC
Fish Tank 3,Fish Tanks,132,132,2025-07-24,morning,dissolved_oxygen,6.68,mg/L
Fish Tank 3,Fish Tanks,132,132,2025-07-24,morning,temperature,29.6,degC
Fish Tank 3,Fish Tanks,132,132,2025-07-25,afternoon,dissolved_oxygen,8.62,mg/L
Fish Tank 3,Fish Tanks,132,132,2025-07-25,afternoon,temperature,33.2,degC
Fish Tank 3,Fish Tanks,132,132,2025-07-28,afternoon,dissolved_oxygen,4.55,mg/L
Fish Tank 3,Fish Tanks,132,132,2025-07-28,afternoon,temperature,31.9,degC
Fish Tank 3,Fish Tanks,132,132,2025-07-28,morning,dissolved_oxygen,5.09,mg/L
Fish Tank 3,Fish Tanks,132,132,2025-07-28,morning,temperature,29.8,degC
Fish Tank 3,Fish Tanks,132,132,2025-07-29,afternoon,dissolved_oxygen,4.64,mg/L
Fish Tank 3,Fish Tanks,132,132,2025-07-29,afternoon,temperature,32.2,degC
Fish Tank 3,Fish Tanks,132,132,2025-07-29,morning,dissolved_oxygen,5.35,mg/L
Fish Tank 3,Fish Tanks,132,132,2025-07-29,morning,temperature,29.8,degC
Fish Tank 3,Fish Tanks,132,132,2025-07-30,afternoon,dissolved_oxygen,6.17,mg/L
Fish Tank 3,Fish Tanks,132,132,2025-07-30,afternoon,temperature,30.9,degC
Fish Tank 3,Fish Tanks,133,133,2025-07-01,afternoon,dissolved_oxygen,5.51,mg/L
Fish Tank 3,Fish Tanks,133,133,2025-07-01,afternoon,temperature,32.3,degC
Fish Tank 3,Fish Tanks,133,133,2025-07-01,morning,dissolved_oxygen,6.7,mg/L
Fish Tank 3,Fish Tanks,133,133,2025-07-01,morning,temperature,29.5,degC
Fish Tank 3,Fish Tanks,133,133,2025-07-02,afternoon,dissolved_oxygen,4.85,mg/L
Fish Tank 3,Fish Tanks,133,133,2025-07-02,afternoon,temperature,31.0,degC
Fish Tank 3,Fish Tanks,133,133,2025-07-02,morning,dissolved_oxygen,6.39,mg/L
Fish Tank 3,Fish Tanks,133,133,2025-07-02,morning,temperature,29.3,degC
Fish Tank 3,Fish Tanks,133,133,2025-07-03,morning,dissolved_oxygen,5.99,mg/L
Fish Tank 3,Fish Tanks,133,133,2025-07-03,morning,temperature,27.9,degC
Fish Tank 3,Fish Tanks,133,133,2025-07-04,afternoon,dissolved_oxygen,6.56,mg/L
Fish Tank 3,Fish Tanks,133,133,2025-07-04,afternoon,temperature,31.6,degC
Fish Tank 3,Fish Tanks,133,133,2025-07-04,morning,dissolved_oxygen,5.83,mg/L
Fish Tank 3,Fish Tanks,133,133,2025-07-04,morning,temperature,29.0,degC
Fish Tank 3,Fish Tanks,133,133,2025-07-08,afternoon,dissolved_oxygen,5.66,mg/L
Fish Tank 3,Fish Tanks,133,133,2025-07-08,afternoon,temperature,30.7,degC
Fish Tank 3,Fish Tanks,133,133,2025-07-10,afternoon,dissolved_oxygen,6.25,mg/L
Fish Tank 3,Fish Tanks,133,133,2025-07-10,afternoon,temperature,30.2,degC
Fish Tank 3,Fish Tanks,133,133,2025-07-10,morning,dissolved_oxygen,6.14,mg/L
Fish Tank 3,Fish Tanks,133,133,2025-07-10,morning,temperature,29.3,degC
Fish Tank 3,Fish Tanks,133,133,2025-07-11,afternoon,dissolved_oxygen,6.65,mg/L
Fish Tank 3,Fish Tanks,133,133,2025-07-11,afternoon,temperature,31.8,degC
Fish Tank 3,Fish Tanks,133,133,2025-07-11,morning,dissolved_oxygen,6.36,mg/L
Fish Tank 3,Fish Tanks,133,133,2025-07-11,morning,temperature,28.3,degC
Fish Tank 3,Fish Tanks,133,133,2025-07-15,afternoon,dissolved_oxygen,5.17,mg/L
Fish Tank 3,Fish Tanks,133,133,2025-07-15,afternoon,temperature,32.6,degC
Fish Tank 3,Fish Tanks,133,133,2025-07-15,morning,dissolved_oxygen,5.72,mg/L
Fish Tank 3,Fish Tanks,133,133,2025-07-15,morning,temperature,29.1,degC
Fish Tank 3,Fish Tanks,133,133,2025-07-16,afternoon,dissolved_oxygen,4.72,mg/L
Fish Tank 3,Fish Tanks,133,133,2025-07-16,afternoon,temperature,32.2,degC
Fish Tank 3,Fish Tanks,133,133,2025-07-17,afternoon,dissolved_oxygen,4.56,mg/L
Fish Tank 3,Fish Tanks,133,133,2025-07-17,afternoon,temperature,32.9,degC
Fish Tank 3,Fish Tanks,133,133,2025-07-17,morning,dissolved_oxygen,5.23,mg/L
Fish Tank 3,Fish Tanks,133,133,2025-07-17,morning,temperature,29.6,degC
Fish Tank 3,Fish Tanks,133,133,2025-07-18,afternoon,dissolved_oxygen,5.93,mg/L
Fish Tank 3,Fish Tanks,133,133,2025-07-18,afternoon,temperature,33.2,degC
Fish Tank 3,Fish Tanks,133,133,2025-07-18,morning,dissolved_oxygen,5.41,mg/L
Fish Tank 3,Fish Tanks,133,133,2025-07-18,morning,temperature,30.1,degC
Fish Tank 3,Fish Tanks,133,133,2025-07-21,afternoon,dissolved_oxygen,5.33,mg/L
Fish Tank 3,Fish Tanks,133,133,2025-07-21,afternoon,temperature,33.6,degC
Fish Tank 3,Fish Tanks,133,133,2025-07-21,morning,dissolved_oxygen,6.4,mg/L
Fish Tank 3,Fish Tanks,133,133,2025-07-21,morning,temperature,29.2,degC
Fish Tank 3,Fish Tanks,133,133,2025-07-22,afternoon,dissolved_oxygen,4.2,mg/L
Fish Tank 3,Fish Tanks,133,133,2025-07-22,afternoon,temperature,32.2,degC
Fish Tank 3,Fish Tanks,133,133,2025-07-23,afternoon,dissolved_oxygen,6.69,mg/L
Fish Tank 3,Fish Tanks,133,133,2025-07-23,afternoon,temperature,31.6,degC
Fish Tank 3,Fish Tanks,133,133,2025-07-23,morning,dissolved_oxygen,5.79,mg/L
Fish Tank 3,Fish Tanks,133,133,2025-07-23,morning,temperature,29.3,degC
Fish Tank 3,Fish Tanks,133,133,2025-07-24,afternoon,dissolved_oxygen,7.97,mg/L
Fish Tank 3,Fish Tanks,133,133,2025-07-24,afternoon,temperature,32.7,degC
Fish Tank 3,Fish Tanks,133,133,2025-07-24,morning,dissolved_oxygen,6.97,mg/L
Fish Tank 3,Fish Tanks,133,133,2025-07-24,morning,temperature,29.5,degC
Fish Tank 3,Fish Tanks,133,133,2025-07-25,afternoon,dissolved_oxygen,9.57,mg/L
Fish Tank 3,Fish Tanks,133,133,2025-07-25,afternoon,temperature,33.1,degC
Fish Tank 3,Fish Tanks,133,133,2025-07-28,afternoon,dissolved_oxygen,4.41,mg/L
Fish Tank 3,Fish Tanks,133,133,2025-07-28,afternoon,temperature,31.5,degC
Fish Tank 3,Fish Tanks,133,133,2025-07-28,morning,dissolved_oxygen,4.82,mg/L
Fish Tank 3,Fish Tanks,133,133,2025-07-28,morning,temperature,29.7,degC
Fish Tank 3,Fish Tanks,133,133,2025-07-29,afternoon,dissolved_oxygen,4.6,mg/L
Fish Tank 3,Fish Tanks,133,133,2025-07-29,afternoon,temperature,31.6,degC
Fish Tank 3,Fish Tanks,133,133,2025-07-29,morning,dissolved_oxygen,5.18,mg/L
Fish Tank 3,Fish Tanks,133,133,2025-07-29,morning,temperature,29.6,degC
Fish Tank 3,Fish Tanks,133,133,2025-07-30,afternoon,dissolved_oxygen,6.82,mg/L
Fish Tank 3,Fish Tanks,133,133,2025-07-30,afternoon,temperature,30.9,degC
Fish Tank 3,Fish Tanks,134,134,2025-07-01,afternoon,dissolved_oxygen,4.94,mg/L
Fish Tank 3,Fish Tanks,134,134,2025-07-01,afternoon,temperature,32.4,degC
Fish Tank 3,Fish Tanks,134,134,2025-07-01,morning,dissolved_oxygen,6.76,mg/L
Fish Tank 3,Fish Tanks,134,134,2025-07-01,morning,temperature,29.5,degC
Fish Tank 3,Fish Tanks,134,134,2025-07-02,afternoon,dissolved_oxygen,4.15,mg/L
Fish Tank 3,Fish Tanks,134,134,2025-07-02,afternoon,temperature,31.2,degC
Fish Tank 3,Fish Tanks,134,134,2025-07-02,morning,dissolved_oxygen,5.97,mg/L
Fish Tank 3,Fish Tanks,134,134,2025-07-02,morning,temperature,29.4,degC
Fish Tank 3,Fish Tanks,134,134,2025-07-03,morning,dissolved_oxygen,5.61,mg/L
Fish Tank 3,Fish Tanks,134,134,2025-07-03,morning,temperature,28.2,degC
Fish Tank 3,Fish Tanks,134,134,2025-07-04,afternoon,dissolved_oxygen,7.1,mg/L
Fish Tank 3,Fish Tanks,134,134,2025-07-04,afternoon,temperature,31.8,degC
Fish Tank 3,Fish Tanks,134,134,2025-07-04,morning,dissolved_oxygen,6.19,mg/L
Fish Tank 3,Fish Tanks,134,134,2025-07-04,morning,temperature,29.1,degC
Fish Tank 3,Fish Tanks,134,134,2025-07-08,afternoon,dissolved_oxygen,5.9,mg/L
Fish Tank 3,Fish Tanks,134,134,2025-07-08,afternoon,temperature,30.8,degC
Fish Tank 3,Fish Tanks,134,134,2025-07-10,afternoon,dissolved_oxygen,6.39,mg/L
Fish Tank 3,Fish Tanks,134,134,2025-07-10,afternoon,temperature,30.3,degC
Fish Tank 3,Fish Tanks,134,134,2025-07-10,morning,dissolved_oxygen,5.94,mg/L
Fish Tank 3,Fish Tanks,134,134,2025-07-10,morning,temperature,29.4,degC
Fish Tank 3,Fish Tanks,134,134,2025-07-11,afternoon,dissolved_oxygen,6.39,mg/L
Fish Tank 3,Fish Tanks,134,134,2025-07-11,afternoon,temperature,32.0,degC
Fish Tank 3,Fish Tanks,134,134,2025-07-11,morning,dissolved_oxygen,6.54,mg/L
Fish Tank 3,Fish Tanks,134,134,2025-07-11,morning,temperature,28.4,degC
Fish Tank 3,Fish Tanks,134,134,2025-07-15,afternoon,dissolved_oxygen,5.49,mg/L
Fish Tank 3,Fish Tanks,134,134,2025-07-15,afternoon,temperature,32.7,degC
Fish Tank 3,Fish Tanks,134,134,2025-07-15,morning,dissolved_oxygen,6.27,mg/L
Fish Tank 3,Fish Tanks,134,134,2025-07-15,morning,temperature,29.2,degC
Fish Tank 3,Fish Tanks,134,134,2025-07-16,afternoon,dissolved_oxygen,4.83,mg/L
Fish Tank 3,Fish Tanks,134,134,2025-07-16,afternoon,temperature,32.4,degC
Fish Tank 3,Fish Tanks,134,134,2025-07-17,afternoon,dissolved_oxygen,4.54,mg/L
Fish Tank 3,Fish Tanks,134,134,2025-07-17,afternoon,temperature,33.2,degC
Fish Tank 3,Fish Tanks,134,134,2025-07-17,morning,dissolved_oxygen,5.6,mg/L
Fish Tank 3,Fish Tanks,134,134,2025-07-17,morning,temperature,29.7,degC
Fish Tank 3,Fish Tanks,134,134,2025-07-18,afternoon,dissolved_oxygen,5.84,mg/L
Fish Tank 3,Fish Tanks,134,134,2025-07-18,afternoon,temperature,33.4,degC
Fish Tank 3,Fish Tanks,134,134,2025-07-18,morning,dissolved_oxygen,5.87,mg/L
Fish Tank 3,Fish Tanks,134,134,2025-07-18,morning,temperature,30.2,degC
Fish Tank 3,Fish Tanks,134,134,2025-07-21,afternoon,dissolved_oxygen,5.63,mg/L
Fish Tank 3,Fish Tanks,134,134,2025-07-21,afternoon,temperature,33.8,degC
Fish Tank 3,Fish Tanks,134,134,2025-07-21,morning,dissolved_oxygen,6.46,mg/L
Fish Tank 3,Fish Tanks,134,134,2025-07-21,morning,temperature,29.3,degC
Fish Tank 3,Fish Tanks,134,134,2025-07-22,afternoon,dissolved_oxygen,4.67,mg/L
Fish Tank 3,Fish Tanks,134,134,2025-07-22,afternoon,temperature,32.3,degC
Fish Tank 3,Fish Tanks,134,134,2025-07-23,afternoon,dissolved_oxygen,6.32,mg/L
Fish Tank 3,Fish Tanks,134,134,2025-07-23,afternoon,temperature,31.9,degC
Fish Tank 3,Fish Tanks,134,134,2025-07-23,morning,dissolved_oxygen,5.37,mg/L
Fish Tank 3,Fish Tanks,134,134,2025-07-23,morning,temperature,29.4,degC
Fish Tank 3,Fish Tanks,134,134,2025-07-24,afternoon,dissolved_oxygen,8.12,mg/L
Fish Tank 3,Fish Tanks,134,134,2025-07-24,afternoon,temperature,32.9,degC
Fish Tank 3,Fish Tanks,134,134,2025-07-24,morning,dissolved_oxygen,7.48,mg/L
Fish Tank 3,Fish Tanks,134,134,2025-07-24,morning,temperature,29.6,degC
Fish Tank 3,Fish Tanks,134,134,2025-07-25,afternoon,dissolved_oxygen,9.14,mg/L
Fish Tank 3,Fish Tanks,134,134,2025-07-25,afternoon,temperature,33.2,degC
Fish Tank 3,Fish Tanks,134,134,2025-07-28,afternoon,dissolved_oxygen,4.6,mg/L
Fish Tank 3,Fish Tanks,134,134,2025-07-28,afternoon,temperature,31.7,degC
Fish Tank 3,Fish Tanks,134,134,2025-07-28,morning,dissolved_oxygen,5.43,mg/L
Fish Tank 3,Fish Tanks,134,134,2025-07-28,morning,temperature,29.7,degC
Fish Tank 3,Fish Tanks,134,134,2025-07-29,afternoon,dissolved_oxygen,4.71,mg/L
Fish Tank 3,Fish Tanks,134,134,2025-07-29,afternoon,temperature,31.5,degC
Fish Tank 3,Fish Tanks,134,134,2025-07-29,morning,dissolved_oxygen,5.54,mg/L
Fish Tank 3,Fish Tanks,134,134,2025-07-29,morning,temperature,29.6,degC
Fish Tank 3,Fish Tanks,134,134,2025-07-30,afternoon,dissolved_oxygen,6.1,mg/L
Fish Tank 3,Fish Tanks,134,134,2025-07-30,afternoon,temperature,30.5,degC
Fish Tank 3,Fish Tanks,136,136,2025-07-01,afternoon,dissolved_oxygen,4.91,mg/L
Fish Tank 3,Fish Tanks,136,136,2025-07-01,afternoon,temperature,32.7,degC
Fish Tank 3,Fish Tanks,136,136,2025-07-02,afternoon,dissolved_oxygen,4.83,mg/L
Fish Tank 3,Fish Tanks,136,136,2025-07-02,afternoon,temperature,31.2,degC
Fish Tank 3,Fish Tanks,136,136,2025-07-02,morning,dissolved_oxygen,5.98,mg/L
Fish Tank 3,Fish Tanks,136,136,2025-07-02,morning,temperature,29.3,degC
Fish Tank 3,Fish Tanks,136,136,2025-07-03,morning,dissolved_oxygen,5.93,mg/L
Fish Tank 3,Fish Tanks,136,136,2025-07-03,morning,temperature,28.1,degC
Fish Tank 3,Fish Tanks,136,136,2025-07-04,afternoon,dissolved_oxygen,7.15,mg/L
Fish Tank 3,Fish Tanks,136,136,2025-07-04,afternoon,temperature,31.9,degC
Fish Tank 3,Fish Tanks,136,136,2025-07-04,morning,dissolved_oxygen,5.8,mg/L
Fish Tank 3,Fish Tanks,136,136,2025-07-04,morning,temperature,29.1,degC
Fish Tank 3,Fish Tanks,136,136,2025-07-08,afternoon,dissolved_oxygen,5.56,mg/L
Fish Tank 3,Fish Tanks,136,136,2025-07-08,afternoon,temperature,30.9,degC
Fish Tank 3,Fish Tanks,136,136,2025-07-10,afternoon,dissolved_oxygen,6.56,mg/L
Fish Tank 3,Fish Tanks,136,136,2025-07-10,afternoon,temperature,30.3,degC
Fish Tank 3,Fish Tanks,136,136,2025-07-10,morning,dissolved_oxygen,6.27,mg/L
Fish Tank 3,Fish Tanks,136,136,2025-07-10,morning,temperature,29.4,degC
Fish Tank 3,Fish Tanks,136,136,2025-07-11,afternoon,dissolved_oxygen,6.7,mg/L
Fish Tank 3,Fish Tanks,136,136,2025-07-11,afternoon,temperature,32.0,degC
Fish Tank 3,Fish Tanks,136,136,2025-07-11,morning,dissolved_oxygen,6.12,mg/L
Fish Tank 3,Fish Tanks,136,136,2025-07-11,morning,temperature,28.4,degC
Fish Tank 3,Fish Tanks,136,136,2025-07-15,afternoon,dissolved_oxygen,5.28,mg/L
Fish Tank 3,Fish Tanks,136,136,2025-07-15,afternoon,temperature,32.7,degC
Fish Tank 3,Fish Tanks,136,136,2025-07-15,morning,dissolved_oxygen,5.78,mg/L
Fish Tank 3,Fish Tanks,136,136,2025-07-15,morning,temperature,29.3,degC
Fish Tank 3,Fish Tanks,136,136,2025-07-16,afternoon,dissolved_oxygen,4.43,mg/L
Fish Tank 3,Fish Tanks,136,136,2025-07-16,afternoon,temperature,32.5,degC
Fish Tank 3,Fish Tanks,136,136,2025-07-17,afternoon,dissolved_oxygen,4.14,mg/L
Fish Tank 3,Fish Tanks,136,136,2025-07-17,afternoon,temperature,33.3,degC
Fish Tank 3,Fish Tanks,136,136,2025-07-17,morning,dissolved_oxygen,5.24,mg/L
Fish Tank 3,Fish Tanks,136,136,2025-07-17,morning,temperature,29.7,degC
Fish Tank 3,Fish Tanks,136,136,2025-07-18,afternoon,dissolved_oxygen,5.44,mg/L
Fish Tank 3,Fish Tanks,136,136,2025-07-18,afternoon,temperature,33.4,degC
Fish Tank 3,Fish Tanks,136,136,2025-07-18,morning,dissolved_oxygen,5.28,mg/L
Fish Tank 3,Fish Tanks,136,136,2025-07-18,morning,temperature,30.2,degC
Fish Tank 3,Fish Tanks,136,136,2025-07-21,afternoon,dissolved_oxygen,5.1,mg/L
Fish Tank 3,Fish Tanks,136,136,2025-07-21,afternoon,temperature,33.8,degC
Fish Tank 3,Fish Tanks,136,136,2025-07-21,morning,dissolved_oxygen,6.19,mg/L
Fish Tank 3,Fish Tanks,136,136,2025-07-21,morning,temperature,29.3,degC
Fish Tank 3,Fish Tanks,136,136,2025-07-22,afternoon,dissolved_oxygen,4.31,mg/L
Fish Tank 3,Fish Tanks,136,136,2025-07-22,afternoon,temperature,32.5,degC
Fish Tank 3,Fish Tanks,136,136,2025-07-23,afternoon,dissolved_oxygen,6.82,mg/L
Fish Tank 3,Fish Tanks,136,136,2025-07-23,afternoon,temperature,31.7,degC
Fish Tank 3,Fish Tanks,136,136,2025-07-23,morning,dissolved_oxygen,5.35,mg/L
Fish Tank 3,Fish Tanks,136,136,2025-07-23,morning,temperature,29.2,degC
Fish Tank 3,Fish Tanks,136,136,2025-07-24,afternoon,dissolved_oxygen,7.13,mg/L
Fish Tank 3,Fish Tanks,136,136,2025-07-24,afternoon,temperature,32.9,degC
Fish Tank 3,Fish Tanks,136,136,2025-07-24,morning,dissolved_oxygen,6.55,mg/L
Fish Tank 3,Fish Tanks,136,136,2025-07-24,morning,temperature,29.6,degC
Fish Tank 3,Fish Tanks,136,136,2025-07-25,afternoon,dissolved_oxygen,9.44,mg/L
Fish Tank 3,Fish Tanks,136,136,2025-07-25,afternoon,temperature,33.3,degC
Fish Tank 3,Fish Tanks,136,136,2025-07-28,afternoon,dissolved_oxygen,4.34,mg/L
Fish Tank 3,Fish Tanks,136,136,2025-07-28,afternoon,temperature,31.8,degC
Fish Tank 3,Fish Tanks,136,136,2025-07-28,morning,dissolved_oxygen,4.71,mg/L
Fish Tank 3,Fish Tanks,136,136,2025-07-28,morning,temperature,29.8,degC
Fish Tank 3,Fish Tanks,136,136,2025-07-29,afternoon,dissolved_oxygen,4.47,mg/L
Fish Tank 3,Fish Tanks,136,136,2025-07-29,afternoon,temperature,31.6,degC
Fish Tank 3,Fish Tanks,136,136,2025-07-29,morning,dissolved_oxygen,5.02,mg/L
Fish Tank 3,Fish Tanks,136,136,2025-07-29,morning,temperature,29.7,degC
Fish Tank 3,Fish Tanks,136,136,2025-07-30,afternoon,dissolved_oxygen,6.76,mg/L
Fish Tank 3,Fish Tanks,136,136,2025-07-30,afternoon,temperature,30.1,degC
Fish Tank 3,Fish Tanks,137,137,2025-07-17,morning,dissolved_oxygen,5.14,mg/L
Fish Tank 3,Fish Tanks,137,137,2025-07-17,morning,temperature,29.8,degC
Fish Tank 3,Fish Tanks,138,138,2025-07-01,afternoon,dissolved_oxygen,5.17,mg/L
Fish Tank 3,Fish Tanks,138,138,2025-07-01,afternoon,temperature,32.4,degC
Fish Tank 3,Fish Tanks,138,138,2025-07-01,morning,dissolved_oxygen,6.57,mg/L
Fish Tank 3,Fish Tanks,138,138,2025-07-01,morning,temperature,29.7,degC
Fish Tank 3,Fish Tanks,138,138,2025-07-02,afternoon,dissolved_oxygen,4.77,mg/L
Fish Tank 3,Fish Tanks,138,138,2025-07-02,afternoon,temperature,31.2,degC
Fish Tank 3,Fish Tanks,138,138,2025-07-02,morning,dissolved_oxygen,6.14,mg/L
Fish Tank 3,Fish Tanks,138,138,2025-07-02,morning,temperature,29.2,degC
Fish Tank 3,Fish Tanks,138,138,2025-07-03,morning,dissolved_oxygen,5.91,mg/L
Fish Tank 3,Fish Tanks,138,138,2025-07-03,morning,temperature,28.1,degC
Fish Tank 3,Fish Tanks,138,138,2025-07-04,afternoon,dissolved_oxygen,7.06,mg/L
Fish Tank 3,Fish Tanks,138,138,2025-07-04,afternoon,temperature,31.9,degC
Fish Tank 3,Fish Tanks,138,138,2025-07-04,morning,dissolved_oxygen,5.81,mg/L
Fish Tank 3,Fish Tanks,138,138,2025-07-04,morning,temperature,29.1,degC
Fish Tank 3,Fish Tanks,138,138,2025-07-08,afternoon,dissolved_oxygen,5.61,mg/L
Fish Tank 3,Fish Tanks,138,138,2025-07-08,afternoon,temperature,30.9,degC
Fish Tank 3,Fish Tanks,138,138,2025-07-10,afternoon,dissolved_oxygen,6.81,mg/L
Fish Tank 3,Fish Tanks,138,138,2025-07-10,afternoon,temperature,30.2,degC
Fish Tank 3,Fish Tanks,138,138,2025-07-10,morning,dissolved_oxygen,6.08,mg/L
Fish Tank 3,Fish Tanks,138,138,2025-07-10,morning,temperature,29.3,degC
Fish Tank 3,Fish Tanks,138,138,2025-07-11,afternoon,dissolved_oxygen,6.89,mg/L
Fish Tank 3,Fish Tanks,138,138,2025-07-11,afternoon,temperature,31.8,degC
Fish Tank 3,Fish Tanks,138,138,2025-07-11,morning,dissolved_oxygen,6.3,mg/L
Fish Tank 3,Fish Tanks,138,138,2025-07-11,morning,temperature,28.3,degC
Fish Tank 3,Fish Tanks,138,138,2025-07-15,afternoon,dissolved_oxygen,5.47,mg/L
Fish Tank 3,Fish Tanks,138,138,2025-07-15,afternoon,temperature,32.7,degC
Fish Tank 3,Fish Tanks,138,138,2025-07-15,morning,dissolved_oxygen,5.57,mg/L
Fish Tank 3,Fish Tanks,138,138,2025-07-15,morning,temperature,29.3,degC
Fish Tank 3,Fish Tanks,138,138,2025-07-16,afternoon,dissolved_oxygen,4.85,mg/L
Fish Tank 3,Fish Tanks,138,138,2025-07-16,afternoon,temperature,32.5,degC
Fish Tank 3,Fish Tanks,138,138,2025-07-17,afternoon,dissolved_oxygen,4.86,mg/L
Fish Tank 3,Fish Tanks,138,138,2025-07-17,afternoon,temperature,33.2,degC
Fish Tank 3,Fish Tanks,138,138,2025-07-18,afternoon,dissolved_oxygen,6.33,mg/L
Fish Tank 3,Fish Tanks,138,138,2025-07-18,afternoon,temperature,33.3,degC
Fish Tank 3,Fish Tanks,138,138,2025-07-18,morning,dissolved_oxygen,5.5,mg/L
Fish Tank 3,Fish Tanks,138,138,2025-07-18,morning,temperature,30.2,degC
Fish Tank 3,Fish Tanks,138,138,2025-07-21,afternoon,dissolved_oxygen,5.04,mg/L
Fish Tank 3,Fish Tanks,138,138,2025-07-21,afternoon,temperature,33.9,degC
Fish Tank 3,Fish Tanks,138,138,2025-07-21,morning,dissolved_oxygen,6.09,mg/L
Fish Tank 3,Fish Tanks,138,138,2025-07-21,morning,temperature,29.3,degC
Fish Tank 3,Fish Tanks,138,138,2025-07-22,afternoon,dissolved_oxygen,4.39,mg/L
Fish Tank 3,Fish Tanks,138,138,2025-07-22,afternoon,temperature,32.3,degC
Fish Tank 3,Fish Tanks,138,138,2025-07-23,afternoon,dissolved_oxygen,6.75,mg/L
Fish Tank 3,Fish Tanks,138,138,2025-07-23,afternoon,temperature,31.8,degC
Fish Tank 3,Fish Tanks,138,138,2025-07-23,morning,dissolved_oxygen,5.25,mg/L
Fish Tank 3,Fish Tanks,138,138,2025-07-23,morning,temperature,29.3,degC
Fish Tank 3,Fish Tanks,138,138,2025-07-24,afternoon,dissolved_oxygen,7.26,mg/L
Fish Tank 3,Fish Tanks,138,138,2025-07-24,afternoon,temperature,33.0,degC
Fish Tank 3,Fish Tanks,138,138,2025-07-24,morning,dissolved_oxygen,6.42,mg/L
Fish Tank 3,Fish Tanks,138,138,2025-07-24,morning,temperature,29.6,degC
Fish Tank 3,Fish Tanks,138,138,2025-07-25,afternoon,dissolved_oxygen,9.38,mg/L
Fish Tank 3,Fish Tanks,138,138,2025-07-25,afternoon,temperature,33.3,degC
Fish Tank 3,Fish Tanks,138,138,2025-07-28,afternoon,dissolved_oxygen,4.29,mg/L
Fish Tank 3,Fish Tanks,138,138,2025-07-28,afternoon,temperature,31.9,degC
Fish Tank 3,Fish Tanks,138,138,2025-07-28,morning,ammonia,1.67,mg/L
Fish Tank 3,Fish Tanks,138,138,2025-07-28,morning,dissolved_oxygen,4.55,mg/L
Fish Tank 3,Fish Tanks,138,138,2025-07-28,morning,ph,7.2,pH
Fish Tank 3,Fish Tanks,138,138,2025-07-28,morning,temperature,29.8,degC
Fish Tank 3,Fish Tanks,138,138,2025-07-29,afternoon,dissolved_oxygen,4.63,mg/L
Fish Tank 3,Fish Tanks,138,138,2025-07-29,afternoon,temperature,31.7,degC
Fish Tank 3,Fish Tanks,138,138,2025-07-29,morning,dissolved_oxygen,5.12,mg/L
Fish Tank 3,Fish Tanks,138,138,2025-07-29,morning,temperature,29.7,degC
Fish Tank 3,Fish Tanks,138,138,2025-07-30,afternoon,dissolved_oxygen,5.71,mg/L
Fish Tank 3,Fish Tanks,138,138,2025-07-30,afternoon,temperature,30.2,degC
Fish Tank 3,Fish Tanks,139,139,2025-07-05,morning,temperature,114.0,degC
Fish Tank 3,Fish Tanks,140,140,2025-07-01,afternoon,dissolved_oxygen,5.01,mg/L
Fish Tank 3,Fish Tanks,140,140,2025-07-01,afternoon,temperature,32.3,degC
Fish Tank 3,Fish Tanks,140,140,2025-07-01,morning,dissolved_oxygen,6.53,mg/L
Fish Tank 3,Fish Tanks,140,140,2025-07-01,morning,temperature,29.7,degC
Fish Tank 3,Fish Tanks,140,140,2025-07-02,afternoon,dissolved_oxygen,5.02,mg/L
Fish Tank 3,Fish Tanks,140,140,2025-07-02,afternoon,temperature,31.1,degC
Fish Tank 3,Fish Tanks,140,140,2025-07-02,morning,dissolved_oxygen,6.15,mg/L
Fish Tank 3,Fish Tanks,140,140,2025-07-02,morning,temperature,29.2,degC
Fish Tank 3,Fish Tanks,140,140,2025-07-03,morning,dissolved_oxygen,6.05,mg/L
Fish Tank 3,Fish Tanks,140,140,2025-07-03,morning,temperature,28.1,degC
Fish Tank 3,Fish Tanks,140,140,2025-07-04,afternoon,dissolved_oxygen,6.6,mg/L
Fish Tank 3,Fish Tanks,140,140,2025-07-04,afternoon,temperature,31.8,degC
Fish Tank 3,Fish Tanks,140,140,2025-07-04,morning,dissolved_oxygen,5.93,mg/L
Fish Tank 3,Fish Tanks,140,140,2025-07-04,morning,temperature,28.8,degC
Fish Tank 3,Fish Tanks,140,140,2025-07-08,afternoon,dissolved_oxygen,5.56,mg/L
Fish Tank 3,Fish Tanks,140,140,2025-07-08,afternoon,temperature,31.0,degC
Fish Tank 3,Fish Tanks,140,140,2025-07-10,afternoon,dissolved_oxygen,6.82,mg/L
Fish Tank 3,Fish Tanks,140,140,2025-07-10,afternoon,temperature,30.2,degC
Fish Tank 3,Fish Tanks,140,140,2025-07-10,morning,dissolved_oxygen,6.39,mg/L
Fish Tank 3,Fish Tanks,140,140,2025-07-10,morning,temperature,29.3,degC
Fish Tank 3,Fish Tanks,140,140,2025-07-11,afternoon,dissolved_oxygen,6.25,mg/L
Fish Tank 3,Fish Tanks,140,140,2025-07-11,afternoon,temperature,31.8,degC
Fish Tank 3,Fish Tanks,140,140,2025-07-11,morning,dissolved_oxygen,6.33,mg/L
Fish Tank 3,Fish Tanks,140,140,2025-07-11,morning,temperature,28.2,degC
Fish Tank 3,Fish Tanks,140,140,2025-07-15,afternoon,dissolved_oxygen,5.11,mg/L
Fish Tank 3,Fish Tanks,140,140,2025-07-15,afternoon,temperature,32.8,degC
Fish Tank 3,Fish Tanks,140,140,2025-07-15,morning,dissolved_oxygen,5.04,mg/L
Fish Tank 3,Fish Tanks,140,140,2025-07-15,morning,temperature,29.3,degC
Fish Tank 3,Fish Tanks,140,140,2025-07-16,afternoon,dissolved_oxygen,4.31,mg/L
Fish Tank 3,Fish Tanks,140,140,2025-07-16,afternoon,temperature,32.5,degC
Fish Tank 3,Fish Tanks,140,140,2025-07-17,afternoon,dissolved_oxygen,3.95,mg/L
Fish Tank 3,Fish Tanks,140,140,2025-07-17,afternoon,temperature,33.2,degC
Fish Tank 3,Fish Tanks,140,140,2025-07-17,morning,dissolved_oxygen,5.25,mg/L
Fish Tank 3,Fish Tanks,140,140,2025-07-17,morning,temperature,29.6,degC
Fish Tank 3,Fish Tanks,140,140,2025-07-18,afternoon,dissolved_oxygen,5.02,mg/L
Fish Tank 3,Fish Tanks,140,140,2025-07-18,afternoon,temperature,33.1,degC
Fish Tank 3,Fish Tanks,140,140,2025-07-18,morning,dissolved_oxygen,5.24,mg/L
Fish Tank 3,Fish Tanks,140,140,2025-07-18,morning,temperature,30.0,degC
Fish Tank 3,Fish Tanks,140,140,2025-07-21,afternoon,dissolved_oxygen,5.1,mg/L
Fish Tank 3,Fish Tanks,140,140,2025-07-21,afternoon,temperature,33.7,degC
Fish Tank 3,Fish Tanks,140,140,2025-07-21,morning,dissolved_oxygen,6.08,mg/L
Fish Tank 3,Fish Tanks,140,140,2025-07-21,morning,temperature,29.2,degC
Fish Tank 3,Fish Tanks,140,140,2025-07-22,afternoon,dissolved_oxygen,4.19,mg/L
Fish Tank 3,Fish Tanks,140,140,2025-07-22,afternoon,temperature,32.3,degC
Fish Tank 3,Fish Tanks,140,140,2025-07-23,afternoon,dissolved_oxygen,6.18,mg/L
Fish Tank 3,Fish Tanks,140,140,2025-07-23,afternoon,temperature,32.0,degC
Fish Tank 3,Fish Tanks,140,140,2025-07-23,morning,dissolved_oxygen,5.3,mg/L
Fish Tank 3,Fish Tanks,140,140,2025-07-23,morning,temperature,29.2,degC
Fish Tank 3,Fish Tanks,140,140,2025-07-24,afternoon,dissolved_oxygen,7.47,mg/L
Fish Tank 3,Fish Tanks,140,140,2025-07-24,afternoon,temperature,32.8,degC
Fish Tank 3,Fish Tanks,140,140,2025-07-24,morning,dissolved_oxygen,7.3,mg/L
Fish Tank 3,Fish Tanks,140,140,2025-07-24,morning,temperature,29.4,degC
Fish Tank 3,Fish Tanks,140,140,2025-07-25,afternoon,dissolved_oxygen,9.84,mg/L
Fish Tank 3,Fish Tanks,140,140,2025-07-25,afternoon,temperature,33.1,degC
Fish Tank 3,Fish Tanks,140,140,2025-07-28,afternoon,dissolved_oxygen,4.42,mg/L
Fish Tank 3,Fish Tanks,140,140,2025-07-28,afternoon,temperature,31.6,degC
Fish Tank 3,Fish Tanks,140,140,2025-07-28,morning,dissolved_oxygen,5.33,mg/L
Fish Tank 3,Fish Tanks,140,140,2025-07-28,morning,temperature,29.7,degC
Fish Tank 3,Fish Tanks,140,140,2025-07-29,afternoon,dissolved_oxygen,4.63,mg/L
Fish Tank 3,Fish Tanks,140,140,2025-07-29,afternoon,temperature,31.4,degC
Fish Tank 3,Fish Tanks,140,140,2025-07-29,morning,dissolved_oxygen,5.48,mg/L
Fish Tank 3,Fish Tanks,140,140,2025-07-29,morning,temperature,29.5,degC
Fish Tank 3,Fish Tanks,140,140,2025-07-30,afternoon,dissolved_oxygen,5.33,mg/L
Fish Tank 3,Fish Tanks,140,140,2025-07-30,afternoon,temperature,30.2,degC
Fish Tank 3,Fish Tanks,141,141,2025-07-01,afternoon,dissolved_oxygen,5.25,mg/L
Fish Tank 3,Fish Tanks,141,141,2025-07-01,afternoon,temperature,32.3,degC
Fish Tank 3,Fish Tanks,141,141,2025-07-01,morning,ammonia,0.87,mg/L
Fish Tank 3,Fish Tanks,141,141,2025-07-01,morning,dissolved_oxygen,6.55,mg/L
Fish Tank 3,Fish Tanks,141,141,2025-07-01,morning,nitrate,1.1,mg/L
Fish Tank 3,Fish Tanks,141,141,2025-07-01,morning,nitrite,0.029,mg/L
Fish Tank 3,Fish Tanks,141,141,2025-07-01,morning,ph,6.71,pH
Fish Tank 3,Fish Tanks,141,141,2025-07-01,morning,temperature,29.7,degC
Fish Tank 3,Fish Tanks,141,141,2025-07-02,afternoon,dissolved_oxygen,5.11,mg/L
Fish Tank 3,Fish Tanks,141,141,2025-07-02,afternoon,temperature,31.1,degC
Fish Tank 3,Fish Tanks,141,141,2025-07-02,morning,dissolved_oxygen,5.99,mg/L
Fish Tank 3,Fish Tanks,141,141,2025-07-02,morning,temperature,29.3,degC
Fish Tank 3,Fish Tanks,141,141,2025-07-03,morning,dissolved_oxygen,6.07,mg/L
Fish Tank 3,Fish Tanks,141,141,2025-07-03,morning,temperature,28.0,degC
Fish Tank 3,Fish Tanks,141,141,2025-07-04,afternoon,dissolved_oxygen,6.51,mg/L
Fish Tank 3,Fish Tanks,141,141,2025-07-04,afternoon,temperature,31.8,degC
Fish Tank 3,Fish Tanks,141,141,2025-07-04,morning,ammonia,2.7,mg/L
Fish Tank 3,Fish Tanks,141,141,2025-07-04,morning,dissolved_oxygen,5.89,mg/L
Fish Tank 3,Fish Tanks,141,141,2025-07-04,morning,nitrate,1.9,mg/L
Fish Tank 3,Fish Tanks,141,141,2025-07-04,morning,nitrite,0.137,mg/L
Fish Tank 3,Fish Tanks,141,141,2025-07-04,morning,ph,6.97,pH
Fish Tank 3,Fish Tanks,141,141,2025-07-04,morning,temperature,28.8,degC
Fish Tank 3,Fish Tanks,141,141,2025-07-08,afternoon,dissolved_oxygen,5.82,mg/L
Fish Tank 3,Fish Tanks,141,141,2025-07-08,afternoon,temperature,31.1,degC
Fish Tank 3,Fish Tanks,141,141,2025-07-10,afternoon,dissolved_oxygen,6.68,mg/L
Fish Tank 3,Fish Tanks,141,141,2025-07-10,afternoon,temperature,30.2,degC
Fish Tank 3,Fish Tanks,141,141,2025-07-10,morning,dissolved_oxygen,6.13,mg/L
Fish Tank 3,Fish Tanks,141,141,2025-07-10,morning,temperature,29.3,degC
Fish Tank 3,Fish Tanks,141,141,2025-07-11,afternoon,dissolved_oxygen,6.69,mg/L
Fish Tank 3,Fish Tanks,141,141,2025-07-11,afternoon,temperature,31.8,degC
Fish Tank 3,Fish Tanks,141,141,2025-07-11,morning,dissolved_oxygen,6.35,mg/L
Fish Tank 3,Fish Tanks,141,141,2025-07-11,morning,temperature,28.2,degC
Fish Tank 3,Fish Tanks,141,141,2025-07-15,afternoon,dissolved_oxygen,5.65,mg/L
Fish Tank 3,Fish Tanks,141,141,2025-07-15,afternoon,temperature,32.7,degC
Fish Tank 3,Fish Tanks,141,141,2025-07-15,morning,dissolved_oxygen,5.4,mg/L
Fish Tank 3,Fish Tanks,141,141,2025-07-15,morning,temperature,29.3,degC
Fish Tank 3,Fish Tanks,141,141,2025-07-16,afternoon,dissolved_oxygen,4.64,mg/L
Fish Tank 3,Fish Tanks,141,141,2025-07-16,afternoon,temperature,32.5,degC
Fish Tank 3,Fish Tanks,141,141,2025-07-17,afternoon,dissolved_oxygen,4.12,mg/L
Fish Tank 3,Fish Tanks,141,141,2025-07-17,afternoon,temperature,33.2,degC
Fish Tank 3,Fish Tanks,141,141,2025-07-17,morning,dissolved_oxygen,4.89,mg/L
Fish Tank 3,Fish Tanks,141,141,2025-07-17,morning,temperature,29.7,degC
Fish Tank 3,Fish Tanks,141,141,2025-07-18,afternoon,dissolved_oxygen,4.86,mg/L
Fish Tank 3,Fish Tanks,141,141,2025-07-18,afternoon,temperature,33.1,degC
Fish Tank 3,Fish Tanks,141,141,2025-07-18,morning,dissolved_oxygen,5.22,mg/L
Fish Tank 3,Fish Tanks,141,141,2025-07-18,morning,temperature,30.1,degC
Fish Tank 3,Fish Tanks,141,141,2025-07-21,afternoon,dissolved_oxygen,5.56,mg/L
Fish Tank 3,Fish Tanks,141,141,2025-07-21,afternoon,temperature,33.8,degC
Fish Tank 3,Fish Tanks,141,141,2025-07-21,morning,dissolved_oxygen,5.88,mg/L
Fish Tank 3,Fish Tanks,141,141,2025-07-21,morning,temperature,29.2,degC
Fish Tank 3,Fish Tanks,141,141,2025-07-22,afternoon,dissolved_oxygen,4.62,mg/L
Fish Tank 3,Fish Tanks,141,141,2025-07-22,afternoon,temperature,32.3,degC
Fish Tank 3,Fish Tanks,141,141,2025-07-23,afternoon,dissolved_oxygen,6.34,mg/L
Fish Tank 3,Fish Tanks,141,141,2025-07-23,afternoon,temperature,32.0,degC
Fish Tank 3,Fish Tanks,141,141,2025-07-23,morning,dissolved_oxygen,5.15,mg/L
Fish Tank 3,Fish Tanks,141,141,2025-07-23,morning,temperature,29.2,degC
Fish Tank 3,Fish Tanks,141,141,2025-07-24,afternoon,dissolved_oxygen,6.21,mg/L
Fish Tank 3,Fish Tanks,141,141,2025-07-24,afternoon,temperature,32.9,degC
Fish Tank 3,Fish Tanks,141,141,2025-07-24,morning,dissolved_oxygen,7.09,mg/L
Fish Tank 3,Fish Tanks,141,141,2025-07-24,morning,temperature,29.3,degC
Fish Tank 3,Fish Tanks,141,141,2025-07-25,afternoon,dissolved_oxygen,8.51,mg/L
Fish Tank 3,Fish Tanks,141,141,2025-07-25,afternoon,temperature,33.1,degC
Fish Tank 3,Fish Tanks,141,141,2025-07-28,afternoon,dissolved_oxygen,4.45,mg/L
Fish Tank 3,Fish Tanks,141,141,2025-07-28,afternoon,temperature,31.7,degC
Fish Tank 3,Fish Tanks,141,141,2025-07-28,morning,dissolved_oxygen,5.29,mg/L
Fish Tank 3,Fish Tanks,141,141,2025-07-28,morning,temperature,29.6,degC
Fish Tank 3,Fish Tanks,141,141,2025-07-29,afternoon,dissolved_oxygen,4.23,mg/L
Fish Tank 3,Fish Tanks,141,141,2025-07-29,afternoon,temperature,31.5,degC
Fish Tank 3,Fish Tanks,141,141,2025-07-29,morning,dissolved_oxygen,5.14,mg/L
Fish Tank 3,Fish Tanks,141,141,2025-07-29,morning,temperature,29.5,degC
Fish Tank 3,Fish Tanks,141,141,2025-07-30,afternoon,dissolved_oxygen,5.36,mg/L
Fish Tank 3,Fish Tanks,141,141,2025-07-30,afternoon,temperature,30.2,degC
Fish Tank 3,Fish Tanks,143,143,2025-07-01,afternoon,dissolved_oxygen,4.76,mg/L
Fish Tank 3,Fish Tanks,143,143,2025-07-01,afternoon,temperature,32.6,degC
Fish Tank 3,Fish Tanks,143,143,2025-07-01,morning,dissolved_oxygen,6.41,mg/L
Fish Tank 3,Fish Tanks,143,143,2025-07-01,morning,temperature,29.7,degC
Fish Tank 3,Fish Tanks,143,143,2025-07-02,afternoon,dissolved_oxygen,4.87,mg/L
Fish Tank 3,Fish Tanks,143,143,2025-07-02,afternoon,temperature,31.2,degC
Fish Tank 3,Fish Tanks,143,143,2025-07-02,morning,dissolved_oxygen,6.18,mg/L
Fish Tank 3,Fish Tanks,143,143,2025-07-02,morning,temperature,29.3,degC
Fish Tank 3,Fish Tanks,143,143,2025-07-03,morning,dissolved_oxygen,5.84,mg/L
Fish Tank 3,Fish Tanks,143,143,2025-07-03,morning,temperature,27.9,degC
Fish Tank 3,Fish Tanks,143,143,2025-07-04,afternoon,dissolved_oxygen,6.97,mg/L
Fish Tank 3,Fish Tanks,143,143,2025-07-04,afternoon,temperature,32.1,degC
Fish Tank 3,Fish Tanks,143,143,2025-07-04,morning,dissolved_oxygen,6.07,mg/L
Fish Tank 3,Fish Tanks,143,143,2025-07-04,morning,temperature,28.9,degC
Fish Tank 3,Fish Tanks,143,143,2025-07-07,morning,ammonia,5.2,mg/L
Fish Tank 3,Fish Tanks,143,143,2025-07-07,morning,nitrate,2.5,mg/L
Fish Tank 3,Fish Tanks,143,143,2025-07-07,morning,nitrite,0.35,mg/L
Fish Tank 3,Fish Tanks,143,143,2025-07-07,morning,ph,7.1,pH
Fish Tank 3,Fish Tanks,143,143,2025-07-08,afternoon,dissolved_oxygen,5.49,mg/L
Fish Tank 3,Fish Tanks,143,143,2025-07-08,afternoon,temperature,31.3,degC
Fish Tank 3,Fish Tanks,143,143,2025-07-10,afternoon,dissolved_oxygen,6.24,mg/L
Fish Tank 3,Fish Tanks,143,143,2025-07-10,afternoon,temperature,30.3,degC
Fish Tank 3,Fish Tanks,143,143,2025-07-10,morning,dissolved_oxygen,6.29,mg/L
Fish Tank 3,Fish Tanks,143,143,2025-07-10,morning,temperature,29.3,degC
Fish Tank 3,Fish Tanks,143,143,2025-07-11,afternoon,dissolved_oxygen,6.83,mg/L
Fish Tank 3,Fish Tanks,143,143,2025-07-11,afternoon,temperature,32.0,degC
Fish Tank 3,Fish Tanks,143,143,2025-07-11,morning,ammonia,4.72,mg/L
Fish Tank 3,Fish Tanks,143,143,2025-07-11,morning,dissolved_oxygen,6.28,mg/L
Fish Tank 3,Fish Tanks,143,143,2025-07-11,morning,nitrate,1.9,mg/L
Fish Tank 3,Fish Tanks,143,143,2025-07-11,morning,nitrite,0.179,mg/L
Fish Tank 3,Fish Tanks,143,143,2025-07-11,morning,ph,7.38,pH
Fish Tank 3,Fish Tanks,143,143,2025-07-11,morning,temperature,28.2,degC
Fish Tank 3,Fish Tanks,143,143,2025-07-15,afternoon,dissolved_oxygen,4.81,mg/L
Fish Tank 3,Fish Tanks,143,143,2025-07-15,afternoon,temperature,33.0,degC
Fish Tank 3,Fish Tanks,143,143,2025-07-15,morning,dissolved_oxygen,5.19,mg/L
Fish Tank 3,Fish Tanks,143,143,2025-07-15,morning,temperature,29.3,degC
Fish Tank 3,Fish Tanks,143,143,2025-07-16,afternoon,dissolved_oxygen,4.35,mg/L
Fish Tank 3,Fish Tanks,143,143,2025-07-16,afternoon,temperature,32.8,degC
Fish Tank 3,Fish Tanks,143,143,2025-07-17,afternoon,dissolved_oxygen,4.27,mg/L
Fish Tank 3,Fish Tanks,143,143,2025-07-17,afternoon,temperature,33.3,degC
Fish Tank 3,Fish Tanks,143,143,2025-07-17,morning,dissolved_oxygen,5.44,mg/L
Fish Tank 3,Fish Tanks,143,143,2025-07-17,morning,temperature,29.6,degC
Fish Tank 3,Fish Tanks,143,143,2025-07-18,afternoon,dissolved_oxygen,5.42,mg/L
Fish Tank 3,Fish Tanks,143,143,2025-07-18,afternoon,temperature,33.2,degC
Fish Tank 3,Fish Tanks,143,143,2025-07-18,morning,dissolved_oxygen,5.19,mg/L
Fish Tank 3,Fish Tanks,143,143,2025-07-18,morning,temperature,29.9,degC
Fish Tank 3,Fish Tanks,143,143,2025-07-21,afternoon,dissolved_oxygen,5.15,mg/L
Fish Tank 3,Fish Tanks,143,143,2025-07-21,afternoon,temperature,33.7,degC
Fish Tank 3,Fish Tanks,143,143,2025-07-22,afternoon,dissolved_oxygen,4.21,mg/L
Fish Tank 3,Fish Tanks,143,143,2025-07-22,afternoon,temperature,32.3,degC
Fish Tank 3,Fish Tanks,143,143,2025-07-23,afternoon,dissolved_oxygen,6.9,mg/L
Fish Tank 3,Fish Tanks,143,143,2025-07-23,afternoon,temperature,32.0,degC
Fish Tank 3,Fish Tanks,143,143,2025-07-23,morning,dissolved_oxygen,5.92,mg/L
Fish Tank 3,Fish Tanks,143,143,2025-07-23,morning,temperature,28.9,degC
Fish Tank 3,Fish Tanks,143,143,2025-07-24,afternoon,dissolved_oxygen,6.43,mg/L
Fish Tank 3,Fish Tanks,143,143,2025-07-24,afternoon,temperature,33.1,degC
Fish Tank 3,Fish Tanks,143,143,2025-07-24,morning,dissolved_oxygen,6.97,mg/L
Fish Tank 3,Fish Tanks,143,143,2025-07-24,morning,temperature,29.3,degC
Fish Tank 3,Fish Tanks,143,143,2025-07-25,afternoon,dissolved_oxygen,8.82,mg/L
Fish Tank 3,Fish Tanks,143,143,2025-07-25,afternoon,temperature,33.2,degC
Fish Tank 3,Fish Tanks,143,143,2025-07-28,afternoon,dissolved_oxygen,4.02,mg/L
Fish Tank 3,Fish Tanks,143,143,2025-07-28,afternoon,temperature,31.7,degC
Fish Tank 3,Fish Tanks,143,143,2025-07-28,morning,dissolved_oxygen,4.98,mg/L
Fish Tank 3,Fish Tanks,143,143,2025-07-28,morning,temperature,29.6,degC
Fish Tank 3,Fish Tanks,143,143,2025-07-29,afternoon,temperature,31.5,degC
Fish Tank 3,Fish Tanks,143,143,2025-07-29,morning,dissolved_oxygen,5.16,mg/L
Fish Tank 3,Fish Tanks,143,143,2025-07-29,morning,temperature,29.5,degC
Fish Tank 3,Fish Tanks,143,143,2025-07-30,afternoon,dissolved_oxygen,5.74,mg/L
Fish Tank 3,Fish Tanks,143,143,2025-07-30,afternoon,temperature,30.3,degC
Fish Tank 3,Fish Tanks,145,145,2025-07-01,afternoon,dissolved_oxygen,5.11,mg/L
Fish Tank 3,Fish Tanks,145,145,2025-07-01,afternoon,temperature,32.6,degC
Fish Tank 3,Fish Tanks,145,145,2025-07-01,morning,dissolved_oxygen,6.52,mg/L
Fish Tank 3,Fish Tanks,145,145,2025-07-01,morning,temperature,29.7,degC
Fish Tank 3,Fish Tanks,145,145,2025-07-02,afternoon,dissolved_oxygen,4.56,mg/L
Fish Tank 3,Fish Tanks,145,145,2025-07-02,afternoon,temperature,31.4,degC
Fish Tank 3,Fish Tanks,145,145,2025-07-02,morning,dissolved_oxygen,6.12,mg/L
Fish Tank 3,Fish Tanks,145,145,2025-07-02,morning,temperature,29.0,degC
Fish Tank 3,Fish Tanks,145,145,2025-07-03,morning,dissolved_oxygen,5.84,mg/L
Fish Tank 3,Fish Tanks,145,145,2025-07-03,morning,temperature,27.9,degC
Fish Tank 3,Fish Tanks,145,145,2025-07-04,afternoon,dissolved_oxygen,6.1,mg/L
Fish Tank 3,Fish Tanks,145,145,2025-07-04,afternoon,temperature,31.8,degC
Fish Tank 3,Fish Tanks,145,145,2025-07-04,morning,dissolved_oxygen,5.8,mg/L
Fish Tank 3,Fish Tanks,145,145,2025-07-04,morning,temperature,29.0,degC
Fish Tank 3,Fish Tanks,145,145,2025-07-08,afternoon,dissolved_oxygen,5.4,mg/L
Fish Tank 3,Fish Tanks,145,145,2025-07-08,afternoon,temperature,31.0,degC
Fish Tank 3,Fish Tanks,145,145,2025-07-10,afternoon,dissolved_oxygen,6.16,mg/L
Fish Tank 3,Fish Tanks,145,145,2025-07-10,afternoon,temperature,30.3,degC
Fish Tank 3,Fish Tanks,145,145,2025-07-10,morning,dissolved_oxygen,6.28,mg/L
Fish Tank 3,Fish Tanks,145,145,2025-07-10,morning,temperature,29.3,degC
Fish Tank 3,Fish Tanks,145,145,2025-07-11,afternoon,dissolved_oxygen,6.55,mg/L
Fish Tank 3,Fish Tanks,145,145,2025-07-11,afternoon,temperature,31.8,degC
Fish Tank 3,Fish Tanks,145,145,2025-07-11,morning,dissolved_oxygen,6.07,mg/L
Fish Tank 3,Fish Tanks,145,145,2025-07-11,morning,temperature,28.2,degC
Fish Tank 3,Fish Tanks,145,145,2025-07-15,afternoon,dissolved_oxygen,5.3,mg/L
Fish Tank 3,Fish Tanks,145,145,2025-07-15,afternoon,temperature,32.8,degC
Fish Tank 3,Fish Tanks,145,145,2025-07-15,morning,dissolved_oxygen,5.64,mg/L
Fish Tank 3,Fish Tanks,145,145,2025-07-15,morning,temperature,29.3,degC
Fish Tank 3,Fish Tanks,145,145,2025-07-16,afternoon,dissolved_oxygen,4.34,mg/L
Fish Tank 3,Fish Tanks,145,145,2025-07-16,afternoon,temperature,32.4,degC
Fish Tank 3,Fish Tanks,145,145,2025-07-17,afternoon,dissolved_oxygen,4.46,mg/L
Fish Tank 3,Fish Tanks,145,145,2025-07-17,afternoon,temperature,33.0,degC
Fish Tank 3,Fish Tanks,145,145,2025-07-17,morning,dissolved_oxygen,5.12,mg/L
Fish Tank 3,Fish Tanks,145,145,2025-07-17,morning,temperature,29.5,degC
Fish Tank 3,Fish Tanks,145,145,2025-07-18,afternoon,dissolved_oxygen,5.71,mg/L
Fish Tank 3,Fish Tanks,145,145,2025-07-18,afternoon,temperature,33.1,degC
Fish Tank 3,Fish Tanks,145,145,2025-07-18,morning,dissolved_oxygen,5.05,mg/L
Fish Tank 3,Fish Tanks,145,145,2025-07-18,morning,temperature,29.9,degC
Fish Tank 3,Fish Tanks,145,145,2025-07-21,afternoon,dissolved_oxygen,5.7,mg/L
Fish Tank 3,Fish Tanks,145,145,2025-07-21,afternoon,temperature,33.3,degC
Fish Tank 3,Fish Tanks,145,145,2025-07-21,morning,dissolved_oxygen,6.83,mg/L
Fish Tank 3,Fish Tanks,145,145,2025-07-21,morning,temperature,29.1,degC
Fish Tank 3,Fish Tanks,145,145,2025-07-22,afternoon,dissolved_oxygen,4.39,mg/L
Fish Tank 3,Fish Tanks,145,145,2025-07-22,afternoon,temperature,32.2,degC
Fish Tank 3,Fish Tanks,145,145,2025-07-23,afternoon,dissolved_oxygen,5.28,mg/L
Fish Tank 3,Fish Tanks,145,145,2025-07-23,afternoon,temperature,31.9,degC
Fish Tank 3,Fish Tanks,145,145,2025-07-23,morning,dissolved_oxygen,5.57,mg/L
Fish Tank 3,Fish Tanks,145,145,2025-07-23,morning,temperature,28.8,degC
Fish Tank 3,Fish Tanks,145,145,2025-07-24,afternoon,dissolved_oxygen,6.84,mg/L
Fish Tank 3,Fish Tanks,145,145,2025-07-24,afternoon,temperature,32.9,degC
Fish Tank 3,Fish Tanks,145,145,2025-07-24,morning,dissolved_oxygen,6.6,mg/L
Fish Tank 3,Fish Tanks,145,145,2025-07-24,morning,temperature,29.2,degC
Fish Tank 3,Fish Tanks,145,145,2025-07-25,afternoon,dissolved_oxygen,8.44,mg/L
Fish Tank 3,Fish Tanks,145,145,2025-07-25,afternoon,temperature,33.0,degC
Fish Tank 3,Fish Tanks,145,145,2025-07-28,afternoon,dissolved_oxygen,4.19,mg/L
Fish Tank 3,Fish Tanks,145,145,2025-07-28,afternoon,temperature,32.4,degC
Fish Tank 3,Fish Tanks,145,145,2025-07-28,morning,dissolved_oxygen,5.0,mg/L
Fish Tank 3,Fish Tanks,145,145,2025-07-28,morning,temperature,29.6,degC
Fish Tank 3,Fish Tanks,145,145,2025-07-29,afternoon,dissolved_oxygen,4.61,mg/L
Fish Tank 3,Fish Tanks,145,145,2025-07-29,afternoon,temperature,32.4,degC
Fish Tank 3,Fish Tanks,145,145,2025-07-29,morning,dissolved_oxygen,5.04,mg/L
Fish Tank 3,Fish Tanks,145,145,2025-07-29,morning,temperature,29.7,degC
Fish Tank 3,Fish Tanks,145,145,2025-07-30,afternoon,dissolved_oxygen,6.85,mg/L
Fish Tank 3,Fish Tanks,145,145,2025-07-30,afternoon,temperature,30.0,degC
Fish Tank 3,Fish Tanks,147,147,2025-07-01,afternoon,dissolved_oxygen,4.62,mg/L
Fish Tank 3,Fish Tanks,147,147,2025-07-01,afternoon,temperature,32.3,degC
Fish Tank 3,Fish Tanks,147,147,2025-07-01,morning,dissolved_oxygen,6.33,mg/L
Fish Tank 3,Fish Tanks,147,147,2025-07-01,morning,temperature,29.7,degC
Fish Tank 3,Fish Tanks,147,147,2025-07-02,afternoon,dissolved_oxygen,4.58,mg/L
Fish Tank 3,Fish Tanks,147,147,2025-07-02,afternoon,temperature,30.9,degC
Fish Tank 3,Fish Tanks,147,147,2025-07-02,morning,dissolved_oxygen,6.0,mg/L
Fish Tank 3,Fish Tanks,147,147,2025-07-02,morning,temperature,29.3,degC
Fish Tank 3,Fish Tanks,147,147,2025-07-03,morning,dissolved_oxygen,5.65,mg/L
Fish Tank 3,Fish Tanks,147,147,2025-07-03,morning,temperature,27.9,degC
Fish Tank 3,Fish Tanks,147,147,2025-07-04,afternoon,dissolved_oxygen,7.09,mg/L
Fish Tank 3,Fish Tanks,147,147,2025-07-04,afternoon,temperature,31.7,degC
Fish Tank 3,Fish Tanks,147,147,2025-07-04,morning,dissolved_oxygen,5.7,mg/L
Fish Tank 3,Fish Tanks,147,147,2025-07-04,morning,temperature,28.7,degC
Fish Tank 3,Fish Tanks,147,147,2025-07-08,afternoon,dissolved_oxygen,5.27,mg/L
Fish Tank 3,Fish Tanks,147,147,2025-07-08,afternoon,temperature,31.1,degC
Fish Tank 3,Fish Tanks,147,147,2025-07-10,afternoon,dissolved_oxygen,6.41,mg/L
Fish Tank 3,Fish Tanks,147,147,2025-07-10,afternoon,temperature,30.2,degC
Fish Tank 3,Fish Tanks,147,147,2025-07-10,morning,dissolved_oxygen,6.25,mg/L
Fish Tank 3,Fish Tanks,147,147,2025-07-10,morning,temperature,29.2,degC
Fish Tank 3,Fish Tanks,147,147,2025-07-11,afternoon,dissolved_oxygen,6.19,mg/L
Fish Tank 3,Fish Tanks,147,147,2025-07-11,afternoon,temperature,31.6,degC
Fish Tank 3,Fish Tanks,147,147,2025-07-11,morning,dissolved_oxygen,5.98,mg/L
Fish Tank 3,Fish Tanks,147,147,2025-07-11,morning,temperature,28.2,degC
Fish Tank 3,Fish Tanks,147,147,2025-07-15,afternoon,dissolved_oxygen,5.02,mg/L
Fish Tank 3,Fish Tanks,147,147,2025-07-15,afternoon,temperature,32.8,degC
Fish Tank 3,Fish Tanks,147,147,2025-07-15,morning,dissolved_oxygen,5.52,mg/L
Fish Tank 3,Fish Tanks,147,147,2025-07-15,morning,temperature,29.3,degC
Fish Tank 3,Fish Tanks,147,147,2025-07-16,afternoon,dissolved_oxygen,4.24,mg/L
Fish Tank 3,Fish Tanks,147,147,2025-07-16,afternoon,temperature,32.6,degC
Fish Tank 3,Fish Tanks,147,147,2025-07-17,afternoon,dissolved_oxygen,4.05,mg/L
Fish Tank 3,Fish Tanks,147,147,2025-07-17,afternoon,temperature,33.1,degC
Fish Tank 3,Fish Tanks,147,147,2025-07-17,morning,dissolved_oxygen,4.89,mg/L
Fish Tank 3,Fish Tanks,147,147,2025-07-17,morning,temperature,29.6,degC
Fish Tank 3,Fish Tanks,147,147,2025-07-18,afternoon,dissolved_oxygen,5.22,mg/L
Fish Tank 3,Fish Tanks,147,147,2025-07-18,afternoon,temperature,33.1,degC
Fish Tank 3,Fish Tanks,147,147,2025-07-18,morning,dissolved_oxygen,4.61,mg/L
Fish Tank 3,Fish Tanks,147,147,2025-07-18,morning,temperature,30.0,degC
Fish Tank 3,Fish Tanks,147,147,2025-07-21,afternoon,dissolved_oxygen,5.15,mg/L
Fish Tank 3,Fish Tanks,147,147,2025-07-21,afternoon,temperature,33.8,degC
Fish Tank 3,Fish Tanks,147,147,2025-07-21,morning,dissolved_oxygen,5.56,mg/L
Fish Tank 3,Fish Tanks,147,147,2025-07-21,morning,temperature,29.2,degC
Fish Tank 3,Fish Tanks,147,147,2025-07-22,afternoon,dissolved_oxygen,4.33,mg/L
Fish Tank 3,Fish Tanks,147,147,2025-07-22,afternoon,temperature,32.4,degC
Fish Tank 3,Fish Tanks,147,147,2025-07-23,afternoon,dissolved_oxygen,4.7,mg/L
Fish Tank 3,Fish Tanks,147,147,2025-07-23,afternoon,temperature,32.1,degC
Fish Tank 3,Fish Tanks,147,147,2025-07-23,morning,dissolved_oxygen,4.95,mg/L
Fish Tank 3,Fish Tanks,147,147,2025-07-23,morning,temperature,29.3,degC
Fish Tank 3,Fish Tanks,147,147,2025-07-24,afternoon,dissolved_oxygen,6.3,mg/L
Fish Tank 3,Fish Tanks,147,147,2025-07-24,afternoon,temperature,32.9,degC
Fish Tank 3,Fish Tanks,147,147,2025-07-24,morning,dissolved_oxygen,6.48,mg/L
Fish Tank 3,Fish Tanks,147,147,2025-07-24,morning,temperature,29.3,degC
Fish Tank 3,Fish Tanks,147,147,2025-07-25,afternoon,dissolved_oxygen,9.71,mg/L
Fish Tank 3,Fish Tanks,147,147,2025-07-25,afternoon,temperature,33.0,degC
Fish Tank 3,Fish Tanks,147,147,2025-07-28,afternoon,dissolved_oxygen,4.07,mg/L
Fish Tank 3,Fish Tanks,147,147,2025-07-28,afternoon,temperature,32.8,degC
Fish Tank 3,Fish Tanks,147,147,2025-07-28,morning,dissolved_oxygen,4.83,mg/L
Fish Tank 3,Fish Tanks,147,147,2025-07-28,morning,temperature,29.7,degC
Fish Tank 3,Fish Tanks,147,147,2025-07-29,afternoon,dissolved_oxygen,4.88,mg/L
Fish Tank 3,Fish Tanks,147,147,2025-07-29,afternoon,temperature,32.4,degC
Fish Tank 3,Fish Tanks,147,147,2025-07-29,morning,dissolved_oxygen,5.05,mg/L
Fish Tank 3,Fish Tanks,147,147,2025-07-29,morning,temperature,29.9,degC
Fish Tank 3,Fish Tanks,147,147,2025-07-30,afternoon,dissolved_oxygen,5.84,mg/L
Fish Tank 3,Fish Tanks,147,147,2025-07-30,afternoon,temperature,30.4,degC
Fish Tank 3,Fish Tanks,148,148,2025-07-01,afternoon,dissolved_oxygen,5.02,mg/L
Fish Tank 3,Fish Tanks,148,148,2025-07-01,afternoon,temperature,32.2,degC
Fish Tank 3,Fish Tanks,148,148,2025-07-01,morning,dissolved_oxygen,6.47,mg/L
Fish Tank 3,Fish Tanks,148,148,2025-07-01,morning,temperature,29.7,degC
Fish Tank 3,Fish Tanks,148,148,2025-07-02,afternoon,dissolved_oxygen,5.1,mg/L
Fish Tank 3,Fish Tanks,148,148,2025-07-02,afternoon,temperature,30.8,degC
Fish Tank 3,Fish Tanks,148,148,2025-07-02,morning,dissolved_oxygen,5.79,mg/L
Fish Tank 3,Fish Tanks,148,148,2025-07-02,morning,temperature,29.3,degC
Fish Tank 3,Fish Tanks,148,148,2025-07-03,morning,dissolved_oxygen,6.05,mg/L
Fish Tank 3,Fish Tanks,148,148,2025-07-03,morning,temperature,27.9,degC
Fish Tank 3,Fish Tanks,148,148,2025-07-04,afternoon,dissolved_oxygen,7.22,mg/L
Fish Tank 3,Fish Tanks,148,148,2025-07-04,afternoon,temperature,31.5,degC
Fish Tank 3,Fish Tanks,148,148,2025-07-04,morning,dissolved_oxygen,6.17,mg/L
Fish Tank 3,Fish Tanks,148,148,2025-07-04,morning,temperature,28.7,degC
Fish Tank 3,Fish Tanks,148,148,2025-07-08,afternoon,dissolved_oxygen,5.66,mg/L
Fish Tank 3,Fish Tanks,148,148,2025-07-08,afternoon,temperature,31.1,degC
Fish Tank 3,Fish Tanks,148,148,2025-07-10,afternoon,dissolved_oxygen,6.54,mg/L
Fish Tank 3,Fish Tanks,148,148,2025-07-10,afternoon,temperature,30.1,degC
Fish Tank 3,Fish Tanks,148,148,2025-07-10,morning,dissolved_oxygen,6.12,mg/L
Fish Tank 3,Fish Tanks,148,148,2025-07-10,morning,temperature,29.2,degC
Fish Tank 3,Fish Tanks,148,148,2025-07-11,afternoon,dissolved_oxygen,6.69,mg/L
Fish Tank 3,Fish Tanks,148,148,2025-07-11,afternoon,temperature,31.6,degC
Fish Tank 3,Fish Tanks,148,148,2025-07-11,morning,dissolved_oxygen,6.29,mg/L
Fish Tank 3,Fish Tanks,148,148,2025-07-11,morning,temperature,28.2,degC
Fish Tank 3,Fish Tanks,148,148,2025-07-15,afternoon,dissolved_oxygen,4.91,mg/L
Fish Tank 3,Fish Tanks,148,148,2025-07-15,afternoon,temperature,32.8,degC
Fish Tank 3,Fish Tanks,148,148,2025-07-15,morning,dissolved_oxygen,5.74,mg/L
Fish Tank 3,Fish Tanks,148,148,2025-07-15,morning,temperature,29.2,degC
Fish Tank 3,Fish Tanks,148,148,2025-07-16,afternoon,dissolved_oxygen,4.37,mg/L
Fish Tank 3,Fish Tanks,148,148,2025-07-16,afternoon,temperature,32.5,degC
Fish Tank 3,Fish Tanks,148,148,2025-07-17,afternoon,dissolved_oxygen,4.52,mg/L
Fish Tank 3,Fish Tanks,148,148,2025-07-17,afternoon,temperature,33.0,degC
Fish Tank 3,Fish Tanks,148,148,2025-07-17,morning,dissolved_oxygen,4.95,mg/L
Fish Tank 3,Fish Tanks,148,148,2025-07-17,morning,temperature,29.6,degC
Fish Tank 3,Fish Tanks,148,148,2025-07-18,afternoon,dissolved_oxygen,5.72,mg/L
Fish Tank 3,Fish Tanks,148,148,2025-07-18,afternoon,temperature,33.0,degC
Fish Tank 3,Fish Tanks,148,148,2025-07-18,morning,dissolved_oxygen,4.99,mg/L
Fish Tank 3,Fish Tanks,148,148,2025-07-18,morning,temperature,30.0,degC
Fish Tank 3,Fish Tanks,148,148,2025-07-21,afternoon,dissolved_oxygen,5.34,mg/L
Fish Tank 3,Fish Tanks,148,148,2025-07-21,afternoon,temperature,33.9,degC
Fish Tank 3,Fish Tanks,148,148,2025-07-21,morning,dissolved_oxygen,6.47,mg/L
Fish Tank 3,Fish Tanks,148,148,2025-07-21,morning,temperature,29.1,degC
Fish Tank 3,Fish Tanks,148,148,2025-07-22,afternoon,dissolved_oxygen,4.38,mg/L
Fish Tank 3,Fish Tanks,148,148,2025-07-22,afternoon,temperature,32.3,degC
Fish Tank 3,Fish Tanks,148,148,2025-07-23,afternoon,dissolved_oxygen,5.47,mg/L
Fish Tank 3,Fish Tanks,148,148,2025-07-23,afternoon,temperature,32.0,degC
Fish Tank 3,Fish Tanks,148,148,2025-07-23,morning,dissolved_oxygen,4.36,mg/L
Fish Tank 3,Fish Tanks,148,148,2025-07-23,morning,temperature,29.3,degC
Fish Tank 3,Fish Tanks,148,148,2025-07-24,afternoon,dissolved_oxygen,7.03,mg/L
Fish Tank 3,Fish Tanks,148,148,2025-07-24,afternoon,temperature,32.8,degC
Fish Tank 3,Fish Tanks,148,148,2025-07-24,morning,dissolved_oxygen,6.93,mg/L
Fish Tank 3,Fish Tanks,148,148,2025-07-24,morning,temperature,29.3,degC
Fish Tank 3,Fish Tanks,148,148,2025-07-25,afternoon,dissolved_oxygen,9.43,mg/L
Fish Tank 3,Fish Tanks,148,148,2025-07-25,afternoon,temperature,33.0,degC
Fish Tank 3,Fish Tanks,148,148,2025-07-28,afternoon,dissolved_oxygen,4.33,mg/L
Fish Tank 3,Fish Tanks,148,148,2025-07-28,afternoon,temperature,32.6,degC
Fish Tank 3,Fish Tanks,148,148,2025-07-28,morning,dissolved_oxygen,5.13,mg/L
Fish Tank 3,Fish Tanks,148,148,2025-07-28,morning,temperature,29.7,degC
Fish Tank 3,Fish Tanks,148,148,2025-07-29,afternoon,dissolved_oxygen,5.14,mg/L
Fish Tank 3,Fish Tanks,148,148,2025-07-29,afternoon,temperature,32.3,degC
Fish Tank 3,Fish Tanks,148,148,2025-07-29,morning,dissolved_oxygen,5.15,mg/L
Fish Tank 3,Fish Tanks,148,148,2025-07-29,morning,temperature,29.8,degC
Fish Tank 3,Fish Tanks,148,148,2025-07-30,afternoon,dissolved_oxygen,5.4,mg/L
Fish Tank 3,Fish Tanks,148,148,2025-07-30,afternoon,temperature,30.4,degC
Fish Tank 3,Fish Tanks,149,149,2025-07-01,afternoon,dissolved_oxygen,4.98,mg/L
Fish Tank 3,Fish Tanks,149,149,2025-07-01,afternoon,temperature,32.4,degC
Fish Tank 3,Fish Tanks,149,149,2025-07-01,morning,dissolved_oxygen,6.46,mg/L
Fish Tank 3,Fish Tanks,149,149,2025-07-01,morning,temperature,29.8,degC
Fish Tank 3,Fish Tanks,149,149,2025-07-02,afternoon,dissolved_oxygen,4.62,mg/L
Fish Tank 3,Fish Tanks,149,149,2025-07-02,afternoon,temperature,31.0,degC
Fish Tank 3,Fish Tanks,149,149,2025-07-02,morning,dissolved_oxygen,6.28,mg/L
Fish Tank 3,Fish Tanks,149,149,2025-07-02,morning,temperature,29.1,degC
Fish Tank 3,Fish Tanks,149,149,2025-07-03,morning,dissolved_oxygen,5.8,mg/L
Fish Tank 3,Fish Tanks,149,149,2025-07-03,morning,temperature,28.0,degC
Fish Tank 3,Fish Tanks,149,149,2025-07-04,afternoon,dissolved_oxygen,6.93,mg/L
Fish Tank 3,Fish Tanks,149,149,2025-07-04,afternoon,temperature,31.8,degC
Fish Tank 3,Fish Tanks,149,149,2025-07-04,morning,dissolved_oxygen,6.21,mg/L
Fish Tank 3,Fish Tanks,149,149,2025-07-04,morning,temperature,28.8,degC
Fish Tank 3,Fish Tanks,149,149,2025-07-08,afternoon,dissolved_oxygen,5.35,mg/L
Fish Tank 3,Fish Tanks,149,149,2025-07-08,afternoon,temperature,31.0,degC
Fish Tank 3,Fish Tanks,149,149,2025-07-10,afternoon,dissolved_oxygen,5.99,mg/L
Fish Tank 3,Fish Tanks,149,149,2025-07-10,afternoon,temperature,30.2,degC
Fish Tank 3,Fish Tanks,149,149,2025-07-10,morning,dissolved_oxygen,6.09,mg/L
Fish Tank 3,Fish Tanks,149,149,2025-07-10,morning,temperature,29.3,degC
Fish Tank 3,Fish Tanks,149,149,2025-07-11,afternoon,dissolved_oxygen,6.67,mg/L
Fish Tank 3,Fish Tanks,149,149,2025-07-11,afternoon,temperature,31.8,degC
Fish Tank 3,Fish Tanks,149,149,2025-07-11,morning,dissolved_oxygen,6.27,mg/L
Fish Tank 3,Fish Tanks,149,149,2025-07-11,morning,temperature,28.3,degC
Fish Tank 3,Fish Tanks,149,149,2025-07-15,afternoon,dissolved_oxygen,5.08,mg/L
Fish Tank 3,Fish Tanks,149,149,2025-07-15,afternoon,temperature,32.8,degC
Fish Tank 3,Fish Tanks,149,149,2025-07-15,morning,dissolved_oxygen,5.72,mg/L
Fish Tank 3,Fish Tanks,149,149,2025-07-15,morning,temperature,29.4,degC
Fish Tank 3,Fish Tanks,149,149,2025-07-16,afternoon,dissolved_oxygen,4.63,mg/L
Fish Tank 3,Fish Tanks,149,149,2025-07-16,afternoon,temperature,32.5,degC
Fish Tank 3,Fish Tanks,149,149,2025-07-17,afternoon,dissolved_oxygen,4.41,mg/L
Fish Tank 3,Fish Tanks,149,149,2025-07-17,afternoon,temperature,33.1,degC
Fish Tank 3,Fish Tanks,149,149,2025-07-17,morning,dissolved_oxygen,5.05,mg/L
Fish Tank 3,Fish Tanks,149,149,2025-07-17,morning,temperature,29.7,degC
Fish Tank 3,Fish Tanks,149,149,2025-07-18,afternoon,dissolved_oxygen,6.04,mg/L
Fish Tank 3,Fish Tanks,149,149,2025-07-18,afternoon,temperature,33.1,degC
Fish Tank 3,Fish Tanks,149,149,2025-07-18,morning,dissolved_oxygen,5.14,mg/L
Fish Tank 3,Fish Tanks,149,149,2025-07-18,morning,temperature,30.0,degC
Fish Tank 3,Fish Tanks,149,149,2025-07-21,afternoon,dissolved_oxygen,5.16,mg/L
Fish Tank 3,Fish Tanks,149,149,2025-07-21,afternoon,temperature,33.6,degC
Fish Tank 3,Fish Tanks,149,149,2025-07-21,morning,dissolved_oxygen,5.81,mg/L
Fish Tank 3,Fish Tanks,149,149,2025-07-21,morning,temperature,29.2,degC
Fish Tank 3,Fish Tanks,149,149,2025-07-22,afternoon,dissolved_oxygen,4.34,mg/L
Fish Tank 3,Fish Tanks,149,149,2025-07-22,afternoon,temperature,32.4,degC
Fish Tank 3,Fish Tanks,149,149,2025-07-23,afternoon,dissolved_oxygen,5.83,mg/L
Fish Tank 3,Fish Tanks,149,149,2025-07-23,afternoon,temperature,32.1,degC
Fish Tank 3,Fish Tanks,149,149,2025-07-23,morning,dissolved_oxygen,4.98,mg/L
Fish Tank 3,Fish Tanks,149,149,2025-07-23,morning,temperature,29.3,degC
Fish Tank 3,Fish Tanks,149,149,2025-07-24,afternoon,dissolved_oxygen,7.61,mg/L
Fish Tank 3,Fish Tanks,149,149,2025-07-24,afternoon,temperature,32.9,degC
Fish Tank 3,Fish Tanks,149,149,2025-07-24,morning,dissolved_oxygen,6.71,mg/L
Fish Tank 3,Fish Tanks,149,149,2025-07-24,morning,temperature,29.4,degC
Fish Tank 3,Fish Tanks,149,149,2025-07-25,afternoon,dissolved_oxygen,9.23,mg/L
Fish Tank 3,Fish Tanks,149,149,2025-07-25,afternoon,temperature,33.1,degC
Fish Tank 3,Fish Tanks,149,149,2025-07-28,afternoon,dissolved_oxygen,4.15,mg/L
Fish Tank 3,Fish Tanks,149,149,2025-07-28,afternoon,temperature,32.9,degC
Fish Tank 3,Fish Tanks,149,149,2025-07-28,morning,ammonia,1.76,mg/L
Fish Tank 3,Fish Tanks,149,149,2025-07-28,morning,dissolved_oxygen,4.91,mg/L
Fish Tank 3,Fish Tanks,149,149,2025-07-28,morning,ph,7.14,pH
Fish Tank 3,Fish Tanks,149,149,2025-07-28,morning,temperature,29.8,degC
Fish Tank 3,Fish Tanks,149,149,2025-07-29,afternoon,dissolved_oxygen,4.51,mg/L
Fish Tank 3,Fish Tanks,149,149,2025-07-29,afternoon,temperature,32.6,degC
Fish Tank 3,Fish Tanks,149,149,2025-07-29,morning,dissolved_oxygen,4.85,mg/L
Fish Tank 3,Fish Tanks,149,149,2025-07-29,morning,temperature,29.9,degC
Fish Tank 3,Fish Tanks,149,149,2025-07-30,afternoon,dissolved_oxygen,4.66,mg/L
Fish Tank 3,Fish Tanks,149,149,2025-07-30,afternoon,temperature,30.5,degC
Fish Tank 3,Fish Tanks,150,150,2025-07-01,afternoon,dissolved_oxygen,5.63,mg/L
Fish Tank 3,Fish Tanks,150,150,2025-07-01,afternoon,temperature,32.2,degC
Fish Tank 3,Fish Tanks,150,150,2025-07-01,morning,ammonia,0.45,mg/L
Fish Tank 3,Fish Tanks,150,150,2025-07-01,morning,dissolved_oxygen,6.89,mg/L
Fish Tank 3,Fish Tanks,150,150,2025-07-01,morning,nitrate,1.3,mg/L
Fish Tank 3,Fish Tanks,150,150,2025-07-01,morning,nitrite,0.011,mg/L
Fish Tank 3,Fish Tanks,150,150,2025-07-01,morning,ph,6.71,pH
Fish Tank 3,Fish Tanks,150,150,2025-07-01,morning,temperature,29.8,degC
Fish Tank 3,Fish Tanks,150,150,2025-07-02,afternoon,dissolved_oxygen,5.61,mg/L
Fish Tank 3,Fish Tanks,150,150,2025-07-02,afternoon,temperature,30.9,degC
Fish Tank 3,Fish Tanks,150,150,2025-07-02,morning,dissolved_oxygen,5.94,mg/L
Fish Tank 3,Fish Tanks,150,150,2025-07-02,morning,temperature,29.3,degC
Fish Tank 3,Fish Tanks,150,150,2025-07-03,morning,dissolved_oxygen,6.23,mg/L
Fish Tank 3,Fish Tanks,150,150,2025-07-03,morning,temperature,28.1,degC
Fish Tank 3,Fish Tanks,150,150,2025-07-04,afternoon,dissolved_oxygen,7.16,mg/L
Fish Tank 3,Fish Tanks,150,150,2025-07-04,afternoon,temperature,31.7,degC
Fish Tank 3,Fish Tanks,150,150,2025-07-04,morning,ammonia,1.2,mg/L
Fish Tank 3,Fish Tanks,150,150,2025-07-04,morning,dissolved_oxygen,6.15,mg/L
Fish Tank 3,Fish Tanks,150,150,2025-07-04,morning,nitrate,1.6,mg/L
Fish Tank 3,Fish Tanks,150,150,2025-07-04,morning,nitrite,0.079,mg/L
Fish Tank 3,Fish Tanks,150,150,2025-07-04,morning,ph,6.99,pH
Fish Tank 3,Fish Tanks,150,150,2025-07-04,morning,temperature,28.8,degC
Fish Tank 3,Fish Tanks,150,150,2025-07-08,afternoon,dissolved_oxygen,5.87,mg/L
Fish Tank 3,Fish Tanks,150,150,2025-07-08,afternoon,temperature,30.8,degC
Fish Tank 3,Fish Tanks,150,150,2025-07-10,afternoon,dissolved_oxygen,6.56,mg/L
Fish Tank 3,Fish Tanks,150,150,2025-07-10,afternoon,temperature,30.0,degC
Fish Tank 3,Fish Tanks,150,150,2025-07-10,morning,dissolved_oxygen,6.35,mg/L
Fish Tank 3,Fish Tanks,150,150,2025-07-10,morning,temperature,29.0,degC
Fish Tank 3,Fish Tanks,150,150,2025-07-11,afternoon,dissolved_oxygen,6.45,mg/L
Fish Tank 3,Fish Tanks,150,150,2025-07-11,afternoon,temperature,31.7,degC
Fish Tank 3,Fish Tanks,150,150,2025-07-11,morning,dissolved_oxygen,6.51,mg/L
Fish Tank 3,Fish Tanks,150,150,2025-07-11,morning,temperature,28.2,degC
Fish Tank 3,Fish Tanks,150,150,2025-07-15,afternoon,dissolved_oxygen,5.86,mg/L
Fish Tank 3,Fish Tanks,150,150,2025-07-15,afternoon,temperature,32.7,degC
Fish Tank 3,Fish Tanks,150,150,2025-07-15,morning,dissolved_oxygen,6.01,mg/L
Fish Tank 3,Fish Tanks,150,150,2025-07-15,morning,temperature,29.3,degC
Fish Tank 3,Fish Tanks,150,150,2025-07-16,afternoon,dissolved_oxygen,4.64,mg/L
Fish Tank 3,Fish Tanks,150,150,2025-07-16,afternoon,temperature,32.5,degC
Fish Tank 3,Fish Tanks,150,150,2025-07-17,afternoon,dissolved_oxygen,4.38,mg/L
Fish Tank 3,Fish Tanks,150,150,2025-07-17,afternoon,temperature,33.1,degC
Fish Tank 3,Fish Tanks,150,150,2025-07-17,morning,dissolved_oxygen,5.4,mg/L
Fish Tank 3,Fish Tanks,150,150,2025-07-17,morning,temperature,29.7,degC
Fish Tank 3,Fish Tanks,150,150,2025-07-18,afternoon,dissolved_oxygen,5.7,mg/L
Fish Tank 3,Fish Tanks,150,150,2025-07-18,afternoon,temperature,33.1,degC
Fish Tank 3,Fish Tanks,150,150,2025-07-18,morning,dissolved_oxygen,5.6,mg/L
Fish Tank 3,Fish Tanks,150,150,2025-07-18,morning,temperature,30.1,degC
Fish Tank 3,Fish Tanks,150,150,2025-07-21,afternoon,dissolved_oxygen,5.63,mg/L
Fish Tank 3,Fish Tanks,150,150,2025-07-21,afternoon,temperature,33.8,degC
Fish Tank 3,Fish Tanks,150,150,2025-07-21,morning,dissolved_oxygen,6.33,mg/L
Fish Tank 3,Fish Tanks,150,150,2025-07-21,morning,temperature,29.2,degC
Fish Tank 3,Fish Tanks,150,150,2025-07-22,afternoon,dissolved_oxygen,4.55,mg/L
Fish Tank 3,Fish Tanks,150,150,2025-07-22,afternoon,temperature,32.3,degC
Fish Tank 3,Fish Tanks,150,150,2025-07-23,afternoon,dissolved_oxygen,6.7,mg/L
Fish Tank 3,Fish Tanks,150,150,2025-07-23,afternoon,temperature,32.1,degC
Fish Tank 3,Fish Tanks,150,150,2025-07-23,morning,dissolved_oxygen,6.73,mg/L
Fish Tank 3,Fish Tanks,150,150,2025-07-23,morning,temperature,29.4,degC
Fish Tank 3,Fish Tanks,150,150,2025-07-24,afternoon,dissolved_oxygen,8.09,mg/L
Fish Tank 3,Fish Tanks,150,150,2025-07-24,afternoon,temperature,32.8,degC
Fish Tank 3,Fish Tanks,150,150,2025-07-24,morning,dissolved_oxygen,7.47,mg/L
Fish Tank 3,Fish Tanks,150,150,2025-07-24,morning,temperature,29.4,degC
Fish Tank 3,Fish Tanks,150,150,2025-07-25,afternoon,dissolved_oxygen,8.56,mg/L
Fish Tank 3,Fish Tanks,150,150,2025-07-25,afternoon,temperature,33.1,degC
Fish Tank 3,Fish Tanks,150,150,2025-07-28,afternoon,dissolved_oxygen,4.92,mg/L
Fish Tank 3,Fish Tanks,150,150,2025-07-28,afternoon,temperature,32.6,degC
Fish Tank 3,Fish Tanks,150,150,2025-07-28,morning,dissolved_oxygen,5.6,mg/L
Fish Tank 3,Fish Tanks,150,150,2025-07-28,morning,temperature,29.8,degC
Fish Tank 3,Fish Tanks,150,150,2025-07-29,afternoon,dissolved_oxygen,5.94,mg/L
Fish Tank 3,Fish Tanks,150,150,2025-07-29,afternoon,temperature,32.4,degC
Fish Tank 3,Fish Tanks,150,150,2025-07-29,morning,dissolved_oxygen,5.24,mg/L
Fish Tank 3,Fish Tanks,150,150,2025-07-29,morning,temperature,29.9,degC
Fish Tank 3,Fish Tanks,150,150,2025-07-30,afternoon,dissolved_oxygen,5.35,mg/L
Fish Tank 3,Fish Tanks,150,150,2025-07-30,afternoon,temperature,30.4,degC
Fish Tank 3,Fish Tanks,152,152,2025-07-01,afternoon,dissolved_oxygen,5.78,mg/L
Fish Tank 3,Fish Tanks,152,152,2025-07-01,afternoon,temperature,32.3,degC
Fish Tank 3,Fish Tanks,152,152,2025-07-01,morning,dissolved_oxygen,6.73,mg/L
Fish Tank 3,Fish Tanks,152,152,2025-07-01,morning,temperature,29.7,degC
Fish Tank 3,Fish Tanks,152,152,2025-07-02,afternoon,dissolved_oxygen,5.75,mg/L
Fish Tank 3,Fish Tanks,152,152,2025-07-02,afternoon,temperature,30.8,degC
Fish Tank 3,Fish Tanks,152,152,2025-07-02,morning,dissolved_oxygen,6.5,mg/L
Fish Tank 3,Fish Tanks,152,152,2025-07-02,morning,temperature,29.3,degC
Fish Tank 3,Fish Tanks,152,152,2025-07-03,morning,dissolved_oxygen,6.5,mg/L
Fish Tank 3,Fish Tanks,152,152,2025-07-03,morning,temperature,28.0,degC
Fish Tank 3,Fish Tanks,152,152,2025-07-04,afternoon,dissolved_oxygen,6.85,mg/L
Fish Tank 3,Fish Tanks,152,152,2025-07-04,afternoon,temperature,31.8,degC
Fish Tank 3,Fish Tanks,152,152,2025-07-04,morning,dissolved_oxygen,6.28,mg/L
Fish Tank 3,Fish Tanks,152,152,2025-07-04,morning,temperature,28.8,degC
Fish Tank 3,Fish Tanks,152,152,2025-07-08,afternoon,dissolved_oxygen,6.09,mg/L
Fish Tank 3,Fish Tanks,152,152,2025-07-08,afternoon,temperature,30.9,degC
Fish Tank 3,Fish Tanks,152,152,2025-07-10,afternoon,dissolved_oxygen,6.52,mg/L
Fish Tank 3,Fish Tanks,152,152,2025-07-10,afternoon,temperature,30.2,degC
Fish Tank 3,Fish Tanks,152,152,2025-07-10,morning,dissolved_oxygen,6.38,mg/L
Fish Tank 3,Fish Tanks,152,152,2025-07-10,morning,temperature,29.3,degC
Fish Tank 3,Fish Tanks,152,152,2025-07-11,afternoon,dissolved_oxygen,6.72,mg/L
Fish Tank 3,Fish Tanks,152,152,2025-07-11,afternoon,temperature,31.9,degC
Fish Tank 3,Fish Tanks,152,152,2025-07-11,morning,dissolved_oxygen,6.57,mg/L
Fish Tank 3,Fish Tanks,152,152,2025-07-11,morning,temperature,28.3,degC
Fish Tank 3,Fish Tanks,152,152,2025-07-15,afternoon,dissolved_oxygen,5.61,mg/L
Fish Tank 3,Fish Tanks,152,152,2025-07-15,afternoon,temperature,32.9,degC
Fish Tank 3,Fish Tanks,152,152,2025-07-15,morning,dissolved_oxygen,6.26,mg/L
Fish Tank 3,Fish Tanks,152,152,2025-07-15,morning,temperature,29.2,degC
Fish Tank 3,Fish Tanks,152,152,2025-07-16,afternoon,dissolved_oxygen,5.27,mg/L
Fish Tank 3,Fish Tanks,152,152,2025-07-16,afternoon,temperature,32.6,degC
Fish Tank 3,Fish Tanks,152,152,2025-07-17,afternoon,dissolved_oxygen,4.71,mg/L
Fish Tank 3,Fish Tanks,152,152,2025-07-17,afternoon,temperature,33.3,degC
Fish Tank 3,Fish Tanks,152,152,2025-07-17,morning,dissolved_oxygen,5.42,mg/L
Fish Tank 3,Fish Tanks,152,152,2025-07-17,morning,temperature,29.6,degC
Fish Tank 3,Fish Tanks,152,152,2025-07-18,afternoon,dissolved_oxygen,6.44,mg/L
Fish Tank 3,Fish Tanks,152,152,2025-07-18,afternoon,temperature,33.3,degC
Fish Tank 3,Fish Tanks,152,152,2025-07-18,morning,dissolved_oxygen,5.62,mg/L
Fish Tank 3,Fish Tanks,152,152,2025-07-18,morning,temperature,30.0,degC
Fish Tank 3,Fish Tanks,152,152,2025-07-21,afternoon,dissolved_oxygen,5.78,mg/L
Fish Tank 3,Fish Tanks,152,152,2025-07-21,afternoon,temperature,33.7,degC
Fish Tank 3,Fish Tanks,152,152,2025-07-21,morning,dissolved_oxygen,6.07,mg/L
Fish Tank 3,Fish Tanks,152,152,2025-07-21,morning,temperature,29.1,degC
Fish Tank 3,Fish Tanks,152,152,2025-07-22,afternoon,dissolved_oxygen,4.6,mg/L
Fish Tank 3,Fish Tanks,152,152,2025-07-22,afternoon,temperature,32.5,degC
Fish Tank 3,Fish Tanks,152,152,2025-07-23,afternoon,dissolved_oxygen,6.66,mg/L
Fish Tank 3,Fish Tanks,152,152,2025-07-23,afternoon,temperature,32.1,degC
Fish Tank 3,Fish Tanks,152,152,2025-07-23,morning,dissolved_oxygen,5.59,mg/L
Fish Tank 3,Fish Tanks,152,152,2025-07-23,morning,temperature,29.4,degC
Fish Tank 3,Fish Tanks,152,152,2025-07-24,afternoon,dissolved_oxygen,8.76,mg/L
Fish Tank 3,Fish Tanks,152,152,2025-07-24,afternoon,temperature,32.9,degC
Fish Tank 3,Fish Tanks,152,152,2025-07-24,morning,dissolved_oxygen,6.49,mg/L
Fish Tank 3,Fish Tanks,152,152,2025-07-24,morning,temperature,29.4,degC
Fish Tank 3,Fish Tanks,152,152,2025-07-25,afternoon,dissolved_oxygen,9.8,mg/L
Fish Tank 3,Fish Tanks,152,152,2025-07-25,afternoon,temperature,33.3,degC
Fish Tank 3,Fish Tanks,152,152,2025-07-28,afternoon,dissolved_oxygen,4.67,mg/L
Fish Tank 3,Fish Tanks,152,152,2025-07-28,afternoon,temperature,33.0,degC
Fish Tank 3,Fish Tanks,152,152,2025-07-28,morning,dissolved_oxygen,4.98,mg/L
Fish Tank 3,Fish Tanks,152,152,2025-07-28,morning,temperature,29.9,degC
Fish Tank 3,Fish Tanks,152,152,2025-07-29,afternoon,dissolved_oxygen,5.81,mg/L
Fish Tank 3,Fish Tanks,152,152,2025-07-29,afternoon,temperature,32.7,degC
Fish Tank 3,Fish Tanks,152,152,2025-07-29,morning,dissolved_oxygen,4.77,mg/L
Fish Tank 3,Fish Tanks,152,152,2025-07-29,morning,temperature,30.1,degC
Fish Tank 3,Fish Tanks,152,152,2025-07-30,afternoon,dissolved_oxygen,6.31,mg/L
Fish Tank 3,Fish Tanks,152,152,2025-07-30,afternoon,temperature,30.2,degC
Fish Tank 3,Fish Tanks,153,153,2025-07-01,afternoon,dissolved_oxygen,5.23,mg/L
Fish Tank 3,Fish Tanks,153,153,2025-07-01,afternoon,temperature,32.3,degC
Fish Tank 3,Fish Tanks,153,153,2025-07-01,morning,dissolved_oxygen,6.48,mg/L
Fish Tank 3,Fish Tanks,153,153,2025-07-01,morning,temperature,29.7,degC
Fish Tank 3,Fish Tanks,153,153,2025-07-02,afternoon,dissolved_oxygen,4.89,mg/L
Fish Tank 3,Fish Tanks,153,153,2025-07-02,afternoon,temperature,30.9,degC
Fish Tank 3,Fish Tanks,153,153,2025-07-02,morning,dissolved_oxygen,6.42,mg/L
Fish Tank 3,Fish Tanks,153,153,2025-07-02,morning,temperature,29.3,degC
Fish Tank 3,Fish Tanks,153,153,2025-07-03,morning,dissolved_oxygen,5.84,mg/L
Fish Tank 3,Fish Tanks,153,153,2025-07-03,morning,temperature,28.0,degC
Fish Tank 3,Fish Tanks,153,153,2025-07-04,afternoon,dissolved_oxygen,7.08,mg/L
Fish Tank 3,Fish Tanks,153,153,2025-07-04,afternoon,temperature,31.7,degC
Fish Tank 3,Fish Tanks,153,153,2025-07-04,morning,dissolved_oxygen,5.69,mg/L
Fish Tank 3,Fish Tanks,153,153,2025-07-04,morning,temperature,28.8,degC
Fish Tank 3,Fish Tanks,153,153,2025-07-08,afternoon,dissolved_oxygen,5.81,mg/L
Fish Tank 3,Fish Tanks,153,153,2025-07-08,afternoon,temperature,30.9,degC
Fish Tank 3,Fish Tanks,153,153,2025-07-10,afternoon,dissolved_oxygen,6.32,mg/L
Fish Tank 3,Fish Tanks,153,153,2025-07-10,afternoon,temperature,30.3,degC
Fish Tank 3,Fish Tanks,153,153,2025-07-10,morning,dissolved_oxygen,6.13,mg/L
Fish Tank 3,Fish Tanks,153,153,2025-07-10,morning,temperature,29.3,degC
Fish Tank 3,Fish Tanks,153,153,2025-07-11,afternoon,dissolved_oxygen,6.79,mg/L
Fish Tank 3,Fish Tanks,153,153,2025-07-11,afternoon,temperature,31.9,degC
Fish Tank 3,Fish Tanks,153,153,2025-07-11,morning,dissolved_oxygen,6.45,mg/L
Fish Tank 3,Fish Tanks,153,153,2025-07-11,morning,temperature,28.3,degC
Fish Tank 3,Fish Tanks,153,153,2025-07-15,afternoon,dissolved_oxygen,5.21,mg/L
Fish Tank 3,Fish Tanks,153,153,2025-07-15,afternoon,temperature,32.9,degC
Fish Tank 3,Fish Tanks,153,153,2025-07-15,morning,dissolved_oxygen,5.9,mg/L
Fish Tank 3,Fish Tanks,153,153,2025-07-15,morning,temperature,29.2,degC
Fish Tank 3,Fish Tanks,153,153,2025-07-16,afternoon,dissolved_oxygen,4.76,mg/L
Fish Tank 3,Fish Tanks,153,153,2025-07-16,afternoon,temperature,32.6,degC
Fish Tank 3,Fish Tanks,153,153,2025-07-17,afternoon,dissolved_oxygen,4.9,mg/L
Fish Tank 3,Fish Tanks,153,153,2025-07-17,afternoon,temperature,33.1,degC
Fish Tank 3,Fish Tanks,153,153,2025-07-17,morning,dissolved_oxygen,4.55,mg/L
Fish Tank 3,Fish Tanks,153,153,2025-07-17,morning,temperature,29.7,degC
Fish Tank 3,Fish Tanks,153,153,2025-07-18,afternoon,dissolved_oxygen,6.89,mg/L
Fish Tank 3,Fish Tanks,153,153,2025-07-18,afternoon,temperature,33.3,degC
Fish Tank 3,Fish Tanks,153,153,2025-07-18,morning,dissolved_oxygen,5.44,mg/L
Fish Tank 3,Fish Tanks,153,153,2025-07-18,morning,temperature,30.1,degC
Fish Tank 3,Fish Tanks,153,153,2025-07-21,afternoon,dissolved_oxygen,5.07,mg/L
Fish Tank 3,Fish Tanks,153,153,2025-07-21,afternoon,temperature,34.0,degC
Fish Tank 3,Fish Tanks,153,153,2025-07-21,morning,dissolved_oxygen,5.89,mg/L
Fish Tank 3,Fish Tanks,153,153,2025-07-21,morning,temperature,29.2,degC
Fish Tank 3,Fish Tanks,153,153,2025-07-22,afternoon,dissolved_oxygen,4.08,mg/L
Fish Tank 3,Fish Tanks,153,153,2025-07-22,afternoon,temperature,32.5,degC
Fish Tank 3,Fish Tanks,153,153,2025-07-23,afternoon,dissolved_oxygen,6.65,mg/L
Fish Tank 3,Fish Tanks,153,153,2025-07-23,afternoon,temperature,32.2,degC
Fish Tank 3,Fish Tanks,153,153,2025-07-23,morning,dissolved_oxygen,5.43,mg/L
Fish Tank 3,Fish Tanks,153,153,2025-07-23,morning,temperature,29.4,degC
Fish Tank 3,Fish Tanks,153,153,2025-07-24,afternoon,dissolved_oxygen,6.28,mg/L
Fish Tank 3,Fish Tanks,153,153,2025-07-24,afternoon,temperature,32.9,degC
Fish Tank 3,Fish Tanks,153,153,2025-07-24,morning,dissolved_oxygen,6.41,mg/L
Fish Tank 3,Fish Tanks,153,153,2025-07-24,morning,temperature,29.5,degC
Fish Tank 3,Fish Tanks,153,153,2025-07-25,afternoon,dissolved_oxygen,8.52,mg/L
Fish Tank 3,Fish Tanks,153,153,2025-07-25,afternoon,temperature,33.3,degC
Fish Tank 3,Fish Tanks,153,153,2025-07-28,afternoon,dissolved_oxygen,4.24,mg/L
Fish Tank 3,Fish Tanks,153,153,2025-07-28,afternoon,temperature,32.8,degC
Fish Tank 3,Fish Tanks,153,153,2025-07-28,morning,dissolved_oxygen,5.07,mg/L
Fish Tank 3,Fish Tanks,153,153,2025-07-29,afternoon,dissolved_oxygen,5.07,mg/L
Fish Tank 3,Fish Tanks,153,153,2025-07-29,afternoon,temperature,32.5,degC
Fish Tank 3,Fish Tanks,153,153,2025-07-29,morning,dissolved_oxygen,5.14,mg/L
Fish Tank 3,Fish Tanks,153,153,2025-07-29,morning,temperature,30.0,degC
Fish Tank 3,Fish Tanks,153,153,2025-07-30,afternoon,dissolved_oxygen,5.52,mg/L
Fish Tank 3,Fish Tanks,153,153,2025-07-30,afternoon,temperature,30.3,degC
Fish Tank 3,Fish Tanks,155,155,2025-07-01,afternoon,dissolved_oxygen,5.24,mg/L
Fish Tank 3,Fish Tanks,155,155,2025-07-01,afternoon,temperature,32.2,degC
Fish Tank 3,Fish Tanks,155,155,2025-07-01,morning,dissolved_oxygen,6.4,mg/L
Fish Tank 3,Fish Tanks,155,155,2025-07-01,morning,temperature,29.7,degC
Fish Tank 3,Fish Tanks,155,155,2025-07-02,afternoon,dissolved_oxygen,4.89,mg/L
Fish Tank 3,Fish Tanks,155,155,2025-07-02,afternoon,temperature,30.8,degC
Fish Tank 3,Fish Tanks,155,155,2025-07-02,morning,dissolved_oxygen,6.29,mg/L
Fish Tank 3,Fish Tanks,155,155,2025-07-02,morning,temperature,29.1,degC
Fish Tank 3,Fish Tanks,155,155,2025-07-03,morning,dissolved_oxygen,5.82,mg/L
Fish Tank 3,Fish Tanks,155,155,2025-07-03,morning,temperature,28.0,degC
Fish Tank 3,Fish Tanks,155,155,2025-07-04,afternoon,dissolved_oxygen,6.67,mg/L
Fish Tank 3,Fish Tanks,155,155,2025-07-04,afternoon,temperature,31.7,degC
Fish Tank 3,Fish Tanks,155,155,2025-07-04,morning,dissolved_oxygen,6.29,mg/L
Fish Tank 3,Fish Tanks,155,155,2025-07-04,morning,temperature,28.8,degC
Fish Tank 3,Fish Tanks,155,155,2025-07-08,afternoon,dissolved_oxygen,5.41,mg/L
Fish Tank 3,Fish Tanks,155,155,2025-07-08,afternoon,temperature,30.8,degC
Fish Tank 3,Fish Tanks,155,155,2025-07-10,afternoon,dissolved_oxygen,6.57,mg/L
Fish Tank 3,Fish Tanks,155,155,2025-07-10,afternoon,temperature,30.3,degC
Fish Tank 3,Fish Tanks,155,155,2025-07-10,morning,dissolved_oxygen,6.33,mg/L
Fish Tank 3,Fish Tanks,155,155,2025-07-10,morning,temperature,29.4,degC
Fish Tank 3,Fish Tanks,155,155,2025-07-11,afternoon,dissolved_oxygen,6.71,mg/L
Fish Tank 3,Fish Tanks,155,155,2025-07-11,afternoon,temperature,31.8,degC
Fish Tank 3,Fish Tanks,155,155,2025-07-11,morning,dissolved_oxygen,6.3,mg/L
Fish Tank 3,Fish Tanks,155,155,2025-07-11,morning,temperature,28.3,degC
Fish Tank 3,Fish Tanks,155,155,2025-07-15,afternoon,dissolved_oxygen,5.69,mg/L
Fish Tank 3,Fish Tanks,155,155,2025-07-15,afternoon,temperature,32.8,degC
Fish Tank 3,Fish Tanks,155,155,2025-07-15,morning,dissolved_oxygen,5.5,mg/L
Fish Tank 3,Fish Tanks,155,155,2025-07-15,morning,temperature,29.2,degC
Fish Tank 3,Fish Tanks,155,155,2025-07-16,afternoon,dissolved_oxygen,4.63,mg/L
Fish Tank 3,Fish Tanks,155,155,2025-07-16,afternoon,temperature,32.5,degC
Fish Tank 3,Fish Tanks,155,155,2025-07-17,afternoon,dissolved_oxygen,4.49,mg/L
Fish Tank 3,Fish Tanks,155,155,2025-07-17,afternoon,temperature,33.1,degC
Fish Tank 3,Fish Tanks,155,155,2025-07-17,morning,dissolved_oxygen,5.22,mg/L
Fish Tank 3,Fish Tanks,155,155,2025-07-17,morning,temperature,30.1,degC
Fish Tank 3,Fish Tanks,155,155,2025-07-18,afternoon,dissolved_oxygen,6.2,mg/L
Fish Tank 3,Fish Tanks,155,155,2025-07-18,afternoon,temperature,33.3,degC
Fish Tank 3,Fish Tanks,155,155,2025-07-18,morning,dissolved_oxygen,5.17,mg/L
Fish Tank 3,Fish Tanks,155,155,2025-07-18,morning,temperature,30.1,degC
Fish Tank 3,Fish Tanks,155,155,2025-07-21,afternoon,dissolved_oxygen,5.36,mg/L
Fish Tank 3,Fish Tanks,155,155,2025-07-21,afternoon,temperature,33.8,degC
Fish Tank 3,Fish Tanks,155,155,2025-07-21,morning,dissolved_oxygen,6.21,mg/L
Fish Tank 3,Fish Tanks,155,155,2025-07-21,morning,temperature,29.2,degC
Fish Tank 3,Fish Tanks,155,155,2025-07-22,afternoon,dissolved_oxygen,4.43,mg/L
Fish Tank 3,Fish Tanks,155,155,2025-07-22,afternoon,temperature,32.5,degC
Fish Tank 3,Fish Tanks,155,155,2025-07-23,morning,dissolved_oxygen,5.09,mg/L
Fish Tank 3,Fish Tanks,155,155,2025-07-23,morning,temperature,29.9,degC
Fish Tank 3,Fish Tanks,155,155,2025-07-24,afternoon,dissolved_oxygen,7.58,mg/L
Fish Tank 3,Fish Tanks,155,155,2025-07-24,afternoon,temperature,32.9,degC
Fish Tank 3,Fish Tanks,155,155,2025-07-24,morning,dissolved_oxygen,6.95,mg/L
Fish Tank 3,Fish Tanks,155,155,2025-07-24,morning,temperature,29.5,degC
Fish Tank 3,Fish Tanks,155,155,2025-07-25,afternoon,dissolved_oxygen,9.43,mg/L
Fish Tank 3,Fish Tanks,155,155,2025-07-25,afternoon,temperature,33.2,degC
Fish Tank 3,Fish Tanks,155,155,2025-07-28,afternoon,dissolved_oxygen,4.49,mg/L
Fish Tank 3,Fish Tanks,155,155,2025-07-28,afternoon,temperature,32.7,degC
Fish Tank 3,Fish Tanks,155,155,2025-07-28,morning,dissolved_oxygen,5.45,mg/L
Fish Tank 3,Fish Tanks,155,155,2025-07-28,morning,temperature,29.6,degC
Fish Tank 3,Fish Tanks,155,155,2025-07-29,afternoon,dissolved_oxygen,5.04,mg/L
Fish Tank 3,Fish Tanks,155,155,2025-07-29,afternoon,temperature,32.4,degC
Fish Tank 3,Fish Tanks,155,155,2025-07-29,morning,dissolved_oxygen,5.33,mg/L
Fish Tank 3,Fish Tanks,155,155,2025-07-29,morning,temperature,29.9,degC
Fish Tank 3,Fish Tanks,155,155,2025-07-30,afternoon,dissolved_oxygen,6.08,mg/L
Fish Tank 3,Fish Tanks,155,155,2025-07-30,afternoon,temperature,30.4,degC
Fish Tank 3,Fish Tanks,156,156,2025-07-01,afternoon,dissolved_oxygen,5.17,mg/L
Fish Tank 3,Fish Tanks,156,156,2025-07-01,afternoon,temperature,32.1,degC
Fish Tank 3,Fish Tanks,156,156,2025-07-01,morning,dissolved_oxygen,6.55,mg/L
Fish Tank 3,Fish Tanks,156,156,2025-07-01,morning,temperature,29.7,degC
Fish Tank 3,Fish Tanks,156,156,2025-07-02,afternoon,dissolved_oxygen,4.83,mg/L
Fish Tank 3,Fish Tanks,156,156,2025-07-02,afternoon,temperature,30.8,degC
Fish Tank 3,Fish Tanks,156,156,2025-07-02,morning,dissolved_oxygen,6.18,mg/L
Fish Tank 3,Fish Tanks,156,156,2025-07-02,morning,temperature,29.3,degC
Fish Tank 3,Fish Tanks,156,156,2025-07-03,morning,dissolved_oxygen,5.73,mg/L
Fish Tank 3,Fish Tanks,156,156,2025-07-03,morning,temperature,28.0,degC
Fish Tank 3,Fish Tanks,156,156,2025-07-04,afternoon,dissolved_oxygen,6.76,mg/L
Fish Tank 3,Fish Tanks,156,156,2025-07-04,afternoon,temperature,31.5,degC
Fish Tank 3,Fish Tanks,156,156,2025-07-04,morning,dissolved_oxygen,5.73,mg/L
Fish Tank 3,Fish Tanks,156,156,2025-07-04,morning,temperature,28.8,degC
Fish Tank 3,Fish Tanks,156,156,2025-07-08,afternoon,dissolved_oxygen,6.14,mg/L
Fish Tank 3,Fish Tanks,156,156,2025-07-08,afternoon,temperature,30.8,degC
Fish Tank 3,Fish Tanks,156,156,2025-07-10,afternoon,dissolved_oxygen,7.37,mg/L
Fish Tank 3,Fish Tanks,156,156,2025-07-10,afternoon,temperature,30.3,degC
Fish Tank 3,Fish Tanks,156,156,2025-07-10,morning,dissolved_oxygen,6.56,mg/L
Fish Tank 3,Fish Tanks,156,156,2025-07-10,morning,temperature,29.4,degC
Fish Tank 3,Fish Tanks,156,156,2025-07-11,afternoon,dissolved_oxygen,6.7,mg/L
Fish Tank 3,Fish Tanks,156,156,2025-07-11,afternoon,temperature,31.8,degC
Fish Tank 3,Fish Tanks,156,156,2025-07-11,morning,dissolved_oxygen,6.42,mg/L
Fish Tank 3,Fish Tanks,156,156,2025-07-11,morning,temperature,28.3,degC
Fish Tank 3,Fish Tanks,156,156,2025-07-15,afternoon,dissolved_oxygen,5.05,mg/L
Fish Tank 3,Fish Tanks,156,156,2025-07-15,afternoon,temperature,32.6,degC
Fish Tank 3,Fish Tanks,156,156,2025-07-15,morning,dissolved_oxygen,5.5,mg/L
Fish Tank 3,Fish Tanks,156,156,2025-07-15,morning,temperature,29.1,degC
Fish Tank 3,Fish Tanks,156,156,2025-07-16,afternoon,dissolved_oxygen,4.43,mg/L
Fish Tank 3,Fish Tanks,156,156,2025-07-16,afternoon,temperature,32.3,degC
Fish Tank 3,Fish Tanks,156,156,2025-07-17,afternoon,dissolved_oxygen,4.64,mg/L
Fish Tank 3,Fish Tanks,156,156,2025-07-17,afternoon,temperature,32.9,degC
Fish Tank 3,Fish Tanks,156,156,2025-07-17,morning,dissolved_oxygen,5.15,mg/L
Fish Tank 3,Fish Tanks,156,156,2025-07-17,morning,temperature,30.0,degC
Fish Tank 3,Fish Tanks,156,156,2025-07-18,afternoon,dissolved_oxygen,6.0,mg/L
Fish Tank 3,Fish Tanks,156,156,2025-07-18,afternoon,temperature,33.2,degC
Fish Tank 3,Fish Tanks,156,156,2025-07-18,morning,dissolved_oxygen,4.78,mg/L
Fish Tank 3,Fish Tanks,156,156,2025-07-18,morning,temperature,30.1,degC
Fish Tank 3,Fish Tanks,156,156,2025-07-21,afternoon,dissolved_oxygen,5.18,mg/L
Fish Tank 3,Fish Tanks,156,156,2025-07-21,afternoon,temperature,33.8,degC
Fish Tank 3,Fish Tanks,156,156,2025-07-21,morning,dissolved_oxygen,6.11,mg/L
Fish Tank 3,Fish Tanks,156,156,2025-07-21,morning,temperature,29.2,degC
Fish Tank 3,Fish Tanks,156,156,2025-07-22,afternoon,dissolved_oxygen,4.56,mg/L
Fish Tank 3,Fish Tanks,156,156,2025-07-22,afternoon,temperature,32.3,degC
Fish Tank 3,Fish Tanks,156,156,2025-07-23,afternoon,dissolved_oxygen,5.98,mg/L
Fish Tank 3,Fish Tanks,156,156,2025-07-23,afternoon,temperature,32.1,degC
Fish Tank 3,Fish Tanks,156,156,2025-07-23,morning,dissolved_oxygen,5.11,mg/L
Fish Tank 3,Fish Tanks,156,156,2025-07-23,morning,temperature,29.5,degC
Fish Tank 3,Fish Tanks,156,156,2025-07-24,afternoon,dissolved_oxygen,7.44,mg/L
Fish Tank 3,Fish Tanks,156,156,2025-07-24,afternoon,temperature,32.7,degC
Fish Tank 3,Fish Tanks,156,156,2025-07-24,morning,dissolved_oxygen,6.72,mg/L
Fish Tank 3,Fish Tanks,156,156,2025-07-24,morning,temperature,29.5,degC
Fish Tank 3,Fish Tanks,156,156,2025-07-25,afternoon,dissolved_oxygen,8.93,mg/L
Fish Tank 3,Fish Tanks,156,156,2025-07-25,afternoon,temperature,33.0,degC
Fish Tank 3,Fish Tanks,156,156,2025-07-28,afternoon,dissolved_oxygen,4.09,mg/L
Fish Tank 3,Fish Tanks,156,156,2025-07-28,afternoon,temperature,32.5,degC
Fish Tank 3,Fish Tanks,156,156,2025-07-28,morning,dissolved_oxygen,5.11,mg/L
Fish Tank 3,Fish Tanks,156,156,2025-07-28,morning,temperature,29.6,degC
Fish Tank 3,Fish Tanks,156,156,2025-07-29,afternoon,dissolved_oxygen,4.63,mg/L
Fish Tank 3,Fish Tanks,156,156,2025-07-29,afternoon,temperature,32.3,degC
Fish Tank 3,Fish Tanks,156,156,2025-07-29,morning,dissolved_oxygen,5.18,mg/L
Fish Tank 3,Fish Tanks,156,156,2025-07-29,morning,temperature,29.8,degC
Fish Tank 3,Fish Tanks,156,156,2025-07-30,afternoon,dissolved_oxygen,5.63,mg/L
Fish Tank 3,Fish Tanks,156,156,2025-07-30,afternoon,temperature,30.4,degC
Fish Tank 3,Fish Tanks,157,157,2025-07-01,afternoon,dissolved_oxygen,4.92,mg/L
Fish Tank 3,Fish Tanks,157,157,2025-07-01,afternoon,temperature,32.2,degC
Fish Tank 3,Fish Tanks,157,157,2025-07-01,morning,dissolved_oxygen,6.44,mg/L
Fish Tank 3,Fish Tanks,157,157,2025-07-01,morning,temperature,29.7,degC
Fish Tank 3,Fish Tanks,157,157,2025-07-02,afternoon,dissolved_oxygen,4.9,mg/L
Fish Tank 3,Fish Tanks,157,157,2025-07-02,afternoon,temperature,30.8,degC
Fish Tank 3,Fish Tanks,157,157,2025-07-02,morning,dissolved_oxygen,5.85,mg/L
Fish Tank 3,Fish Tanks,157,157,2025-07-02,morning,temperature,29.4,degC
Fish Tank 3,Fish Tanks,157,157,2025-07-03,morning,dissolved_oxygen,5.65,mg/L
Fish Tank 3,Fish Tanks,157,157,2025-07-03,morning,temperature,28.0,degC
Fish Tank 3,Fish Tanks,157,157,2025-07-04,afternoon,dissolved_oxygen,6.92,mg/L
Fish Tank 3,Fish Tanks,157,157,2025-07-04,afternoon,temperature,31.6,degC
Fish Tank 3,Fish Tanks,157,157,2025-07-04,morning,dissolved_oxygen,5.97,mg/L
Fish Tank 3,Fish Tanks,157,157,2025-07-04,morning,temperature,28.8,degC
Fish Tank 3,Fish Tanks,157,157,2025-07-08,afternoon,dissolved_oxygen,5.8,mg/L
Fish Tank 3,Fish Tanks,157,157,2025-07-08,afternoon,temperature,30.8,degC
Fish Tank 3,Fish Tanks,157,157,2025-07-10,morning,dissolved_oxygen,6.24,mg/L
Fish Tank 3,Fish Tanks,157,157,2025-07-10,morning,temperature,29.4,degC
Fish Tank 3,Fish Tanks,157,157,2025-07-11,afternoon,dissolved_oxygen,7.34,mg/L
Fish Tank 3,Fish Tanks,157,157,2025-07-11,afternoon,temperature,31.9,degC
Fish Tank 3,Fish Tanks,157,157,2025-07-11,morning,dissolved_oxygen,6.53,mg/L
Fish Tank 3,Fish Tanks,157,157,2025-07-11,morning,temperature,28.3,degC
Fish Tank 3,Fish Tanks,157,157,2025-07-15,afternoon,dissolved_oxygen,5.12,mg/L
Fish Tank 3,Fish Tanks,157,157,2025-07-15,afternoon,temperature,32.7,degC
Fish Tank 3,Fish Tanks,157,157,2025-07-15,morning,dissolved_oxygen,5.95,mg/L
Fish Tank 3,Fish Tanks,157,157,2025-07-15,morning,temperature,29.1,degC
Fish Tank 3,Fish Tanks,157,157,2025-07-16,afternoon,dissolved_oxygen,4.64,mg/L
Fish Tank 3,Fish Tanks,157,157,2025-07-16,afternoon,temperature,32.4,degC
Fish Tank 3,Fish Tanks,157,157,2025-07-17,afternoon,dissolved_oxygen,5.5,mg/L
Fish Tank 3,Fish Tanks,157,157,2025-07-17,afternoon,temperature,33.0,degC
Fish Tank 3,Fish Tanks,157,157,2025-07-17,morning,dissolved_oxygen,5.31,mg/L
Fish Tank 3,Fish Tanks,157,157,2025-07-17,morning,temperature,30.1,degC
Fish Tank 3,Fish Tanks,157,157,2025-07-18,afternoon,dissolved_oxygen,6.49,mg/L
Fish Tank 3,Fish Tanks,157,157,2025-07-18,afternoon,temperature,33.2,degC
Fish Tank 3,Fish Tanks,157,157,2025-07-18,morning,dissolved_oxygen,5.15,mg/L
Fish Tank 3,Fish Tanks,157,157,2025-07-18,morning,temperature,30.1,degC
Fish Tank 3,Fish Tanks,157,157,2025-07-21,afternoon,dissolved_oxygen,5.26,mg/L
Fish Tank 3,Fish Tanks,157,157,2025-07-21,afternoon,temperature,33.7,degC
Fish Tank 3,Fish Tanks,157,157,2025-07-21,morning,dissolved_oxygen,6.13,mg/L
Fish Tank 3,Fish Tanks,157,157,2025-07-21,morning,temperature,29.2,degC
Fish Tank 3,Fish Tanks,157,157,2025-07-22,afternoon,dissolved_oxygen,4.3,mg/L
Fish Tank 3,Fish Tanks,157,157,2025-07-22,afternoon,temperature,32.5,degC
Fish Tank 3,Fish Tanks,157,157,2025-07-23,afternoon,dissolved_oxygen,5.65,mg/L
Fish Tank 3,Fish Tanks,157,157,2025-07-23,afternoon,temperature,32.1,degC
Fish Tank 3,Fish Tanks,157,157,2025-07-23,morning,dissolved_oxygen,5.92,mg/L
Fish Tank 3,Fish Tanks,157,157,2025-07-23,morning,temperature,29.4,degC
Fish Tank 3,Fish Tanks,157,157,2025-07-24,afternoon,dissolved_oxygen,7.45,mg/L
Fish Tank 3,Fish Tanks,157,157,2025-07-24,afternoon,temperature,32.7,degC
Fish Tank 3,Fish Tanks,157,157,2025-07-24,morning,dissolved_oxygen,6.71,mg/L
Fish Tank 3,Fish Tanks,157,157,2025-07-24,morning,temperature,29.6,degC
Fish Tank 3,Fish Tanks,157,157,2025-07-25,afternoon,dissolved_oxygen,8.81,mg/L
Fish Tank 3,Fish Tanks,157,157,2025-07-25,afternoon,temperature,33.1,degC
Fish Tank 3,Fish Tanks,157,157,2025-07-28,afternoon,dissolved_oxygen,5.29,mg/L
Fish Tank 3,Fish Tanks,157,157,2025-07-28,afternoon,temperature,33.5,degC
Fish Tank 3,Fish Tanks,157,157,2025-07-28,morning,dissolved_oxygen,5.6,mg/L
Fish Tank 3,Fish Tanks,157,157,2025-07-28,morning,temperature,29.4,degC
Fish Tank 3,Fish Tanks,157,157,2025-07-29,afternoon,dissolved_oxygen,4.17,mg/L
Fish Tank 3,Fish Tanks,157,157,2025-07-29,afternoon,temperature,32.6,degC
Fish Tank 3,Fish Tanks,157,157,2025-07-29,morning,dissolved_oxygen,5.25,mg/L
Fish Tank 3,Fish Tanks,157,157,2025-07-29,morning,temperature,30.1,degC
Fish Tank 3,Fish Tanks,157,157,2025-07-30,afternoon,dissolved_oxygen,5.59,mg/L
Fish Tank 3,Fish Tanks,157,157,2025-07-30,afternoon,temperature,30.3,degC
Fish Tank 3,Fish Tanks,158,158,2025-07-01,afternoon,dissolved_oxygen,4.93,mg/L
Fish Tank 3,Fish Tanks,158,158,2025-07-01,afternoon,temperature,32.2,degC
Fish Tank 3,Fish Tanks,158,158,2025-07-01,morning,dissolved_oxygen,6.47,mg/L
Fish Tank 3,Fish Tanks,158,158,2025-07-01,morning,temperature,29.7,degC
Fish Tank 3,Fish Tanks,158,158,2025-07-02,afternoon,dissolved_oxygen,4.66,mg/L
Fish Tank 3,Fish Tanks,158,158,2025-07-02,afternoon,temperature,30.8,degC
Fish Tank 3,Fish Tanks,158,158,2025-07-02,morning,dissolved_oxygen,6.25,mg/L
Fish Tank 3,Fish Tanks,158,158,2025-07-02,morning,temperature,29.4,degC
Fish Tank 3,Fish Tanks,158,158,2025-07-03,morning,dissolved_oxygen,5.86,mg/L
Fish Tank 3,Fish Tanks,158,158,2025-07-03,morning,temperature,28.0,degC
Fish Tank 3,Fish Tanks,158,158,2025-07-04,afternoon,dissolved_oxygen,7.02,mg/L
Fish Tank 3,Fish Tanks,158,158,2025-07-04,afternoon,temperature,31.6,degC
Fish Tank 3,Fish Tanks,158,158,2025-07-04,morning,dissolved_oxygen,5.39,mg/L
Fish Tank 3,Fish Tanks,158,158,2025-07-04,morning,temperature,28.8,degC
Fish Tank 3,Fish Tanks,158,158,2025-07-07,morning,ammonia,3.2,mg/L
Fish Tank 3,Fish Tanks,158,158,2025-07-07,morning,nitrate,4.4,mg/L
Fish Tank 3,Fish Tanks,158,158,2025-07-07,morning,nitrite,0.15,mg/L
Fish Tank 3,Fish Tanks,158,158,2025-07-07,morning,ph,7.04,pH
Fish Tank 3,Fish Tanks,158,158,2025-07-08,afternoon,dissolved_oxygen,5.51,mg/L
Fish Tank 3,Fish Tanks,158,158,2025-07-08,afternoon,temperature,30.8,degC
Fish Tank 3,Fish Tanks,158,158,2025-07-10,afternoon,dissolved_oxygen,6.17,mg/L
Fish Tank 3,Fish Tanks,158,158,2025-07-10,afternoon,temperature,30.3,degC
Fish Tank 3,Fish Tanks,158,158,2025-07-10,morning,dissolved_oxygen,6.8,mg/L
Fish Tank 3,Fish Tanks,158,158,2025-07-10,morning,temperature,29.4,degC
Fish Tank 3,Fish Tanks,158,158,2025-07-11,afternoon,dissolved_oxygen,7.16,mg/L
Fish Tank 3,Fish Tanks,158,158,2025-07-11,afternoon,temperature,32.0,degC
Fish Tank 3,Fish Tanks,158,158,2025-07-11,morning,ammonia,2.89,mg/L
Fish Tank 3,Fish Tanks,158,158,2025-07-11,morning,dissolved_oxygen,6.4,mg/L
Fish Tank 3,Fish Tanks,158,158,2025-07-11,morning,nitrate,1.4,mg/L
Fish Tank 3,Fish Tanks,158,158,2025-07-11,morning,nitrite,0.158,mg/L
Fish Tank 3,Fish Tanks,158,158,2025-07-11,morning,ph,7.26,pH
Fish Tank 3,Fish Tanks,158,158,2025-07-11,morning,temperature,28.4,degC
Fish Tank 3,Fish Tanks,158,158,2025-07-15,afternoon,dissolved_oxygen,5.1,mg/L
Fish Tank 3,Fish Tanks,158,158,2025-07-15,afternoon,temperature,32.7,degC
Fish Tank 3,Fish Tanks,158,158,2025-07-15,morning,dissolved_oxygen,5.84,mg/L
Fish Tank 3,Fish Tanks,158,158,2025-07-15,morning,temperature,29.3,degC
Fish Tank 3,Fish Tanks,158,158,2025-07-16,afternoon,dissolved_oxygen,3.87,mg/L
Fish Tank 3,Fish Tanks,158,158,2025-07-16,afternoon,temperature,32.4,degC
Fish Tank 3,Fish Tanks,158,158,2025-07-17,afternoon,dissolved_oxygen,4.64,mg/L
Fish Tank 3,Fish Tanks,158,158,2025-07-17,afternoon,temperature,33.0,degC
Fish Tank 3,Fish Tanks,158,158,2025-07-17,morning,dissolved_oxygen,4.81,mg/L
Fish Tank 3,Fish Tanks,158,158,2025-07-17,morning,temperature,30.1,degC
Fish Tank 3,Fish Tanks,158,158,2025-07-18,afternoon,dissolved_oxygen,6.27,mg/L
Fish Tank 3,Fish Tanks,158,158,2025-07-18,afternoon,temperature,33.3,degC
Fish Tank 3,Fish Tanks,158,158,2025-07-18,morning,dissolved_oxygen,4.56,mg/L
Fish Tank 3,Fish Tanks,158,158,2025-07-18,morning,temperature,30.1,degC
Fish Tank 3,Fish Tanks,158,158,2025-07-21,afternoon,dissolved_oxygen,6.25,mg/L
Fish Tank 3,Fish Tanks,158,158,2025-07-21,afternoon,temperature,33.1,degC
Fish Tank 3,Fish Tanks,158,158,2025-07-21,morning,dissolved_oxygen,5.9,mg/L
Fish Tank 3,Fish Tanks,158,158,2025-07-21,morning,temperature,29.2,degC
Fish Tank 3,Fish Tanks,158,158,2025-07-22,afternoon,dissolved_oxygen,4.93,mg/L
Fish Tank 3,Fish Tanks,158,158,2025-07-22,afternoon,temperature,33.3,degC
Fish Tank 3,Fish Tanks,158,158,2025-07-23,afternoon,dissolved_oxygen,5.56,mg/L
Fish Tank 3,Fish Tanks,158,158,2025-07-23,afternoon,temperature,32.1,degC
Fish Tank 3,Fish Tanks,158,158,2025-07-23,morning,dissolved_oxygen,5.36,mg/L
Fish Tank 3,Fish Tanks,158,158,2025-07-23,morning,temperature,29.6,degC
Fish Tank 3,Fish Tanks,158,158,2025-07-24,afternoon,dissolved_oxygen,6.25,mg/L
Fish Tank 3,Fish Tanks,158,158,2025-07-24,afternoon,temperature,32.8,degC
Fish Tank 3,Fish Tanks,158,158,2025-07-24,morning,dissolved_oxygen,6.37,mg/L
Fish Tank 3,Fish Tanks,158,158,2025-07-24,morning,temperature,29.6,degC
Fish Tank 3,Fish Tanks,158,158,2025-07-25,afternoon,dissolved_oxygen,9.63,mg/L
Fish Tank 3,Fish Tanks,158,158,2025-07-25,afternoon,temperature,33.1,degC
Fish Tank 3,Fish Tanks,158,158,2025-07-28,afternoon,dissolved_oxygen,4.74,mg/L
Fish Tank 3,Fish Tanks,158,158,2025-07-28,afternoon,temperature,33.6,degC
Fish Tank 3,Fish Tanks,158,158,2025-07-28,morning,dissolved_oxygen,5.23,mg/L
Fish Tank 3,Fish Tanks,158,158,2025-07-28,morning,temperature,29.4,degC
Fish Tank 3,Fish Tanks,158,158,2025-07-29,afternoon,dissolved_oxygen,3.89,mg/L
Fish Tank 3,Fish Tanks,158,158,2025-07-29,afternoon,temperature,32.7,degC
Fish Tank 3,Fish Tanks,158,158,2025-07-29,morning,dissolved_oxygen,4.92,mg/L
Fish Tank 3,Fish Tanks,158,158,2025-07-29,morning,temperature,30.1,degC
Fish Tank 3,Fish Tanks,158,158,2025-07-30,afternoon,dissolved_oxygen,5.31,mg/L
Fish Tank 3,Fish Tanks,158,158,2025-07-30,afternoon,temperature,30.3,degC
Fish Tank 3,Fish Tanks,159,159,2025-07-29,morning,dissolved_oxygen,5.85,mg/L
Fish Tank 3,Fish Tanks,159,159,2025-07-29,morning,temperature,30.2,degC
Fish Tank 3,Fish Tanks,160,160,2025-07-01,afternoon,dissolved_oxygen,6.02,mg/L
Fish Tank 3,Fish Tanks,160,160,2025-07-01,afternoon,temperature,32.4,degC
Fish Tank 3,Fish Tanks,160,160,2025-07-01,morning,dissolved_oxygen,7.08,mg/L
Fish Tank 3,Fish Tanks,160,160,2025-07-01,morning,temperature,29.7,degC
Fish Tank 3,Fish Tanks,160,160,2025-07-02,afternoon,dissolved_oxygen,5.87,mg/L
Fish Tank 3,Fish Tanks,160,160,2025-07-02,afternoon,temperature,31.1,degC
Fish Tank 3,Fish Tanks,160,160,2025-07-02,morning,dissolved_oxygen,6.47,mg/L
Fish Tank 3,Fish Tanks,160,160,2025-07-02,morning,temperature,29.2,degC
Fish Tank 3,Fish Tanks,160,160,2025-07-03,morning,dissolved_oxygen,6.57,mg/L
Fish Tank 3,Fish Tanks,160,160,2025-07-03,morning,temperature,28.1,degC
Fish Tank 3,Fish Tanks,160,160,2025-07-04,afternoon,dissolved_oxygen,6.75,mg/L
Fish Tank 3,Fish Tanks,160,160,2025-07-04,afternoon,temperature,31.9,degC
Fish Tank 3,Fish Tanks,160,160,2025-07-04,morning,dissolved_oxygen,6.09,mg/L
Fish Tank 3,Fish Tanks,160,160,2025-07-04,morning,temperature,28.9,degC
Fish Tank 3,Fish Tanks,160,160,2025-07-08,afternoon,dissolved_oxygen,6.41,mg/L
Fish Tank 3,Fish Tanks,160,160,2025-07-08,afternoon,temperature,30.9,degC
Fish Tank 3,Fish Tanks,160,160,2025-07-10,afternoon,dissolved_oxygen,6.53,mg/L
Fish Tank 3,Fish Tanks,160,160,2025-07-10,afternoon,temperature,30.6,degC
Fish Tank 3,Fish Tanks,160,160,2025-07-10,morning,dissolved_oxygen,6.62,mg/L
Fish Tank 3,Fish Tanks,160,160,2025-07-10,morning,temperature,29.5,degC
Fish Tank 3,Fish Tanks,160,160,2025-07-11,afternoon,dissolved_oxygen,6.93,mg/L
Fish Tank 3,Fish Tanks,160,160,2025-07-11,afternoon,temperature,32.2,degC
Fish Tank 3,Fish Tanks,160,160,2025-07-11,morning,dissolved_oxygen,6.78,mg/L
Fish Tank 3,Fish Tanks,160,160,2025-07-11,morning,temperature,28.4,degC
Fish Tank 3,Fish Tanks,160,160,2025-07-15,afternoon,dissolved_oxygen,5.18,mg/L
Fish Tank 3,Fish Tanks,160,160,2025-07-15,afternoon,temperature,32.7,degC
Fish Tank 3,Fish Tanks,160,160,2025-07-15,morning,dissolved_oxygen,6.12,mg/L
Fish Tank 3,Fish Tanks,160,160,2025-07-15,morning,temperature,30.1,degC
Fish Tank 3,Fish Tanks,160,160,2025-07-16,afternoon,dissolved_oxygen,4.71,mg/L
Fish Tank 3,Fish Tanks,160,160,2025-07-16,afternoon,temperature,32.6,degC
Fish Tank 3,Fish Tanks,160,160,2025-07-17,afternoon,dissolved_oxygen,4.47,mg/L
Fish Tank 3,Fish Tanks,160,160,2025-07-17,afternoon,temperature,33.4,degC
Fish Tank 3,Fish Tanks,160,160,2025-07-17,morning,dissolved_oxygen,5.42,mg/L
Fish Tank 3,Fish Tanks,160,160,2025-07-17,morning,temperature,30.0,degC
Fish Tank 3,Fish Tanks,160,160,2025-07-18,afternoon,dissolved_oxygen,6.33,mg/L
Fish Tank 3,Fish Tanks,160,160,2025-07-18,afternoon,temperature,33.4,degC
Fish Tank 3,Fish Tanks,160,160,2025-07-18,morning,dissolved_oxygen,4.99,mg/L
Fish Tank 3,Fish Tanks,160,160,2025-07-18,morning,temperature,30.1,degC
Fish Tank 3,Fish Tanks,160,160,2025-07-21,afternoon,dissolved_oxygen,6.01,mg/L
Fish Tank 3,Fish Tanks,160,160,2025-07-21,afternoon,temperature,33.2,degC
Fish Tank 3,Fish Tanks,160,160,2025-07-21,morning,dissolved_oxygen,6.07,mg/L
Fish Tank 3,Fish Tanks,160,160,2025-07-21,morning,temperature,29.1,degC
Fish Tank 3,Fish Tanks,160,160,2025-07-22,afternoon,dissolved_oxygen,5.23,mg/L
Fish Tank 3,Fish Tanks,160,160,2025-07-22,afternoon,temperature,33.5,degC
Fish Tank 3,Fish Tanks,160,160,2025-07-23,afternoon,dissolved_oxygen,6.27,mg/L
Fish Tank 3,Fish Tanks,160,160,2025-07-23,afternoon,temperature,31.4,degC
Fish Tank 3,Fish Tanks,160,160,2025-07-23,morning,dissolved_oxygen,5.68,mg/L
Fish Tank 3,Fish Tanks,160,160,2025-07-23,morning,temperature,29.5,degC
Fish Tank 3,Fish Tanks,160,160,2025-07-24,afternoon,dissolved_oxygen,7.74,mg/L
Fish Tank 3,Fish Tanks,160,160,2025-07-24,afternoon,temperature,33.2,degC
Fish Tank 3,Fish Tanks,160,160,2025-07-24,morning,dissolved_oxygen,8.0,mg/L
Fish Tank 3,Fish Tanks,160,160,2025-07-24,morning,temperature,29.5,degC
Fish Tank 3,Fish Tanks,160,160,2025-07-25,afternoon,dissolved_oxygen,9.61,mg/L
Fish Tank 3,Fish Tanks,160,160,2025-07-25,afternoon,temperature,33.4,degC
Fish Tank 3,Fish Tanks,160,160,2025-07-28,afternoon,dissolved_oxygen,5.61,mg/L
Fish Tank 3,Fish Tanks,160,160,2025-07-28,afternoon,temperature,34.0,degC
Fish Tank 3,Fish Tanks,160,160,2025-07-28,morning,dissolved_oxygen,6.32,mg/L
Fish Tank 3,Fish Tanks,160,160,2025-07-28,morning,temperature,29.4,degC
Fish Tank 3,Fish Tanks,160,160,2025-07-29,afternoon,dissolved_oxygen,4.61,mg/L
Fish Tank 3,Fish Tanks,160,160,2025-07-29,afternoon,temperature,33.1,degC
Fish Tank 3,Fish Tanks,160,160,2025-07-29,morning,dissolved_oxygen,5.43,mg/L
Fish Tank 3,Fish Tanks,160,160,2025-07-29,morning,temperature,30.1,degC
Fish Tank 3,Fish Tanks,160,160,2025-07-30,afternoon,dissolved_oxygen,5.63,mg/L
Fish Tank 3,Fish Tanks,160,160,2025-07-30,afternoon,temperature,30.4,degC
Fish Tank 3,Fish Tanks,161,161,2025-07-01,afternoon,dissolved_oxygen,5.42,mg/L
Fish Tank 3,Fish Tanks,161,161,2025-07-01,afternoon,temperature,35.3,degC
Fish Tank 3,Fish Tanks,161,161,2025-07-01,morning,dissolved_oxygen,6.71,mg/L
Fish Tank 3,Fish Tanks,161,161,2025-07-01,morning,temperature,29.5,degC
Fish Tank 3,Fish Tanks,161,161,2025-07-02,afternoon,dissolved_oxygen,5.06,mg/L
Fish Tank 3,Fish Tanks,161,161,2025-07-02,afternoon,temperature,31.0,degC
Fish Tank 3,Fish Tanks,161,161,2025-07-02,morning,dissolved_oxygen,6.23,mg/L
Fish Tank 3,Fish Tanks,161,161,2025-07-02,morning,temperature,29.5,degC
Fish Tank 3,Fish Tanks,161,161,2025-07-03,morning,dissolved_oxygen,6.31,mg/L
Fish Tank 3,Fish Tanks,161,161,2025-07-03,morning,temperature,27.9,degC
Fish Tank 3,Fish Tanks,161,161,2025-07-04,afternoon,dissolved_oxygen,7.75,mg/L
Fish Tank 3,Fish Tanks,161,161,2025-07-04,afternoon,temperature,31.7,degC
Fish Tank 3,Fish Tanks,161,161,2025-07-04,morning,dissolved_oxygen,6.24,mg/L
Fish Tank 3,Fish Tanks,161,161,2025-07-04,morning,temperature,28.9,degC
Fish Tank 3,Fish Tanks,161,161,2025-07-08,afternoon,dissolved_oxygen,5.76,mg/L
Fish Tank 3,Fish Tanks,161,161,2025-07-08,afternoon,temperature,30.8,degC
Fish Tank 3,Fish Tanks,161,161,2025-07-10,afternoon,dissolved_oxygen,5.72,mg/L
Fish Tank 3,Fish Tanks,161,161,2025-07-10,afternoon,temperature,30.5,degC
Fish Tank 3,Fish Tanks,161,161,2025-07-10,morning,dissolved_oxygen,6.27,mg/L
Fish Tank 3,Fish Tanks,161,161,2025-07-10,morning,temperature,29.4,degC
Fish Tank 3,Fish Tanks,161,161,2025-07-11,afternoon,dissolved_oxygen,6.7,mg/L
Fish Tank 3,Fish Tanks,161,161,2025-07-11,afternoon,temperature,32.2,degC
Fish Tank 3,Fish Tanks,161,161,2025-07-11,morning,dissolved_oxygen,6.33,mg/L
Fish Tank 3,Fish Tanks,161,161,2025-07-11,morning,temperature,28.3,degC
Fish Tank 3,Fish Tanks,161,161,2025-07-15,afternoon,dissolved_oxygen,5.61,mg/L
Fish Tank 3,Fish Tanks,161,161,2025-07-15,afternoon,temperature,32.7,degC
Fish Tank 3,Fish Tanks,161,161,2025-07-15,morning,dissolved_oxygen,6.15,mg/L
Fish Tank 3,Fish Tanks,161,161,2025-07-15,morning,temperature,30.2,degC
Fish Tank 3,Fish Tanks,161,161,2025-07-16,afternoon,dissolved_oxygen,5.1,mg/L
Fish Tank 3,Fish Tanks,161,161,2025-07-16,afternoon,temperature,32.5,degC
Fish Tank 3,Fish Tanks,161,161,2025-07-17,afternoon,dissolved_oxygen,4.89,mg/L
Fish Tank 3,Fish Tanks,161,161,2025-07-17,afternoon,temperature,33.1,degC
Fish Tank 3,Fish Tanks,161,161,2025-07-17,morning,dissolved_oxygen,5.61,mg/L
Fish Tank 3,Fish Tanks,161,161,2025-07-17,morning,temperature,29.9,degC
Fish Tank 3,Fish Tanks,161,161,2025-07-18,afternoon,dissolved_oxygen,6.54,mg/L
Fish Tank 3,Fish Tanks,161,161,2025-07-18,afternoon,temperature,33.4,degC
Fish Tank 3,Fish Tanks,161,161,2025-07-18,morning,dissolved_oxygen,5.2,mg/L
Fish Tank 3,Fish Tanks,161,161,2025-07-18,morning,temperature,29.9,degC
Fish Tank 3,Fish Tanks,161,161,2025-07-21,afternoon,dissolved_oxygen,6.64,mg/L
Fish Tank 3,Fish Tanks,161,161,2025-07-21,afternoon,temperature,33.1,degC
Fish Tank 3,Fish Tanks,161,161,2025-07-21,morning,dissolved_oxygen,6.83,mg/L
Fish Tank 3,Fish Tanks,161,161,2025-07-21,morning,temperature,29.1,degC
Fish Tank 3,Fish Tanks,161,161,2025-07-22,afternoon,dissolved_oxygen,4.94,mg/L
Fish Tank 3,Fish Tanks,161,161,2025-07-22,afternoon,temperature,33.4,degC
Fish Tank 3,Fish Tanks,161,161,2025-07-23,afternoon,dissolved_oxygen,6.76,mg/L
Fish Tank 3,Fish Tanks,161,161,2025-07-23,afternoon,temperature,32.0,degC
Fish Tank 3,Fish Tanks,161,161,2025-07-23,morning,dissolved_oxygen,6.26,mg/L
Fish Tank 3,Fish Tanks,161,161,2025-07-23,morning,temperature,29.3,degC
Fish Tank 3,Fish Tanks,161,161,2025-07-24,afternoon,dissolved_oxygen,6.3,mg/L
Fish Tank 3,Fish Tanks,161,161,2025-07-24,afternoon,temperature,32.9,degC
Fish Tank 3,Fish Tanks,161,161,2025-07-24,morning,dissolved_oxygen,6.8,mg/L
Fish Tank 3,Fish Tanks,161,161,2025-07-24,morning,temperature,29.5,degC
Fish Tank 3,Fish Tanks,161,161,2025-07-25,afternoon,dissolved_oxygen,8.64,mg/L
Fish Tank 3,Fish Tanks,161,161,2025-07-25,afternoon,temperature,33.2,degC
Fish Tank 3,Fish Tanks,161,161,2025-07-28,afternoon,dissolved_oxygen,5.61,mg/L
Fish Tank 3,Fish Tanks,161,161,2025-07-28,afternoon,temperature,33.8,degC
Fish Tank 3,Fish Tanks,161,161,2025-07-28,morning,dissolved_oxygen,6.06,mg/L
Fish Tank 3,Fish Tanks,161,161,2025-07-28,morning,temperature,29.4,degC
Fish Tank 3,Fish Tanks,161,161,2025-07-29,afternoon,dissolved_oxygen,4.52,mg/L
Fish Tank 3,Fish Tanks,161,161,2025-07-29,afternoon,temperature,32.9,degC
Fish Tank 3,Fish Tanks,161,161,2025-07-30,afternoon,dissolved_oxygen,5.79,mg/L
Fish Tank 3,Fish Tanks,161,161,2025-07-30,afternoon,temperature,30.4,degC
Fish Tank 3,Fish Tanks,163,163,2025-07-01,afternoon,dissolved_oxygen,5.19,mg/L
Fish Tank 3,Fish Tanks,163,163,2025-07-01,afternoon,temperature,32.2,degC
Fish Tank 3,Fish Tanks,163,163,2025-07-01,morning,dissolved_oxygen,6.43,mg/L
Fish Tank 3,Fish Tanks,163,163,2025-07-01,morning,temperature,29.6,degC
Fish Tank 3,Fish Tanks,163,163,2025-07-02,afternoon,dissolved_oxygen,4.82,mg/L
Fish Tank 3,Fish Tanks,163,163,2025-07-02,afternoon,temperature,30.9,degC
Fish Tank 3,Fish Tanks,163,163,2025-07-02,morning,dissolved_oxygen,5.98,mg/L
Fish Tank 3,Fish Tanks,163,163,2025-07-02,morning,temperature,29.4,degC
Fish Tank 3,Fish Tanks,163,163,2025-07-03,morning,dissolved_oxygen,5.94,mg/L
Fish Tank 3,Fish Tanks,163,163,2025-07-03,morning,temperature,27.9,degC
Fish Tank 3,Fish Tanks,163,163,2025-07-04,afternoon,dissolved_oxygen,5.79,mg/L
Fish Tank 3,Fish Tanks,163,163,2025-07-04,afternoon,temperature,31.5,degC
Fish Tank 3,Fish Tanks,163,163,2025-07-04,morning,dissolved_oxygen,5.43,mg/L
Fish Tank 3,Fish Tanks,163,163,2025-07-04,morning,temperature,28.8,degC
Fish Tank 3,Fish Tanks,163,163,2025-07-08,afternoon,dissolved_oxygen,5.77,mg/L
Fish Tank 3,Fish Tanks,163,163,2025-07-08,afternoon,temperature,30.7,degC
Fish Tank 3,Fish Tanks,163,163,2025-07-10,afternoon,dissolved_oxygen,7.06,mg/L
Fish Tank 3,Fish Tanks,163,163,2025-07-10,afternoon,temperature,30.2,degC
Fish Tank 3,Fish Tanks,163,163,2025-07-10,morning,dissolved_oxygen,6.44,mg/L
Fish Tank 3,Fish Tanks,163,163,2025-07-10,morning,temperature,29.3,degC
Fish Tank 3,Fish Tanks,163,163,2025-07-11,afternoon,dissolved_oxygen,7.17,mg/L
Fish Tank 3,Fish Tanks,163,163,2025-07-11,afternoon,temperature,31.9,degC
Fish Tank 3,Fish Tanks,163,163,2025-07-11,morning,dissolved_oxygen,6.57,mg/L
Fish Tank 3,Fish Tanks,163,163,2025-07-11,morning,temperature,28.2,degC
Fish Tank 3,Fish Tanks,163,163,2025-07-15,afternoon,dissolved_oxygen,5.26,mg/L
Fish Tank 3,Fish Tanks,163,163,2025-07-15,afternoon,temperature,32.5,degC
Fish Tank 3,Fish Tanks,163,163,2025-07-15,morning,dissolved_oxygen,6.1,mg/L
Fish Tank 3,Fish Tanks,163,163,2025-07-15,morning,temperature,30.3,degC
Fish Tank 3,Fish Tanks,163,163,2025-07-16,afternoon,dissolved_oxygen,4.79,mg/L
Fish Tank 3,Fish Tanks,163,163,2025-07-16,afternoon,temperature,32.2,degC
Fish Tank 3,Fish Tanks,163,163,2025-07-17,afternoon,dissolved_oxygen,4.47,mg/L
Fish Tank 3,Fish Tanks,163,163,2025-07-17,afternoon,temperature,32.9,degC
Fish Tank 3,Fish Tanks,163,163,2025-07-17,morning,dissolved_oxygen,5.51,mg/L
Fish Tank 3,Fish Tanks,163,163,2025-07-17,morning,temperature,30.0,degC
Fish Tank 3,Fish Tanks,163,163,2025-07-18,afternoon,dissolved_oxygen,5.4,mg/L
Fish Tank 3,Fish Tanks,163,163,2025-07-18,afternoon,temperature,33.2,degC
Fish Tank 3,Fish Tanks,163,163,2025-07-18,morning,dissolved_oxygen,5.1,mg/L
Fish Tank 3,Fish Tanks,163,163,2025-07-18,morning,temperature,30.0,degC
Fish Tank 3,Fish Tanks,163,163,2025-07-21,afternoon,dissolved_oxygen,6.13,mg/L
Fish Tank 3,Fish Tanks,163,163,2025-07-21,afternoon,temperature,33.0,degC
Fish Tank 3,Fish Tanks,163,163,2025-07-21,morning,dissolved_oxygen,6.5,mg/L
Fish Tank 3,Fish Tanks,163,163,2025-07-21,morning,temperature,29.2,degC
Fish Tank 3,Fish Tanks,163,163,2025-07-22,afternoon,dissolved_oxygen,5.39,mg/L
Fish Tank 3,Fish Tanks,163,163,2025-07-22,afternoon,temperature,33.2,degC
Fish Tank 3,Fish Tanks,163,163,2025-07-23,afternoon,dissolved_oxygen,5.5,mg/L
Fish Tank 3,Fish Tanks,163,163,2025-07-23,afternoon,temperature,32.0,degC
Fish Tank 3,Fish Tanks,163,163,2025-07-23,morning,dissolved_oxygen,5.9,mg/L
Fish Tank 3,Fish Tanks,163,163,2025-07-23,morning,temperature,29.7,degC
Fish Tank 3,Fish Tanks,163,163,2025-07-24,afternoon,dissolved_oxygen,6.91,mg/L
Fish Tank 3,Fish Tanks,163,163,2025-07-24,afternoon,temperature,32.6,degC
Fish Tank 3,Fish Tanks,163,163,2025-07-24,morning,dissolved_oxygen,6.85,mg/L
Fish Tank 3,Fish Tanks,163,163,2025-07-24,morning,temperature,29.4,degC
Fish Tank 3,Fish Tanks,163,163,2025-07-25,afternoon,dissolved_oxygen,8.6,mg/L
Fish Tank 3,Fish Tanks,163,163,2025-07-25,afternoon,temperature,32.9,degC
Fish Tank 3,Fish Tanks,163,163,2025-07-28,afternoon,dissolved_oxygen,5.27,mg/L
Fish Tank 3,Fish Tanks,163,163,2025-07-28,afternoon,temperature,33.5,degC
Fish Tank 3,Fish Tanks,163,163,2025-07-28,morning,dissolved_oxygen,5.99,mg/L
Fish Tank 3,Fish Tanks,163,163,2025-07-28,morning,temperature,29.4,degC
Fish Tank 3,Fish Tanks,163,163,2025-07-29,afternoon,dissolved_oxygen,4.64,mg/L
Fish Tank 3,Fish Tanks,163,163,2025-07-29,afternoon,temperature,32.6,degC
Fish Tank 3,Fish Tanks,163,163,2025-07-29,morning,dissolved_oxygen,5.77,mg/L
Fish Tank 3,Fish Tanks,163,163,2025-07-29,morning,temperature,30.0,degC
Fish Tank 3,Fish Tanks,163,163,2025-07-30,afternoon,dissolved_oxygen,6.0,mg/L
Fish Tank 3,Fish Tanks,163,163,2025-07-30,afternoon,temperature,30.3,degC
Fish Tank 3,Fish Tanks,164,164,2025-07-01,morning,dissolved_oxygen,6.6,mg/L
Fish Tank 3,Fish Tanks,164,164,2025-07-01,morning,temperature,29.7,degC
Fish Tank 3,Fish Tanks,164,164,2025-07-02,afternoon,dissolved_oxygen,4.87,mg/L
Fish Tank 3,Fish Tanks,164,164,2025-07-02,afternoon,temperature,30.9,degC
Fish Tank 3,Fish Tanks,164,164,2025-07-02,morning,dissolved_oxygen,5.97,mg/L
Fish Tank 3,Fish Tanks,164,164,2025-07-02,morning,temperature,29.4,degC
Fish Tank 3,Fish Tanks,164,164,2025-07-03,morning,dissolved_oxygen,6.02,mg/L
Fish Tank 3,Fish Tanks,164,164,2025-07-03,morning,temperature,28.0,degC
Fish Tank 3,Fish Tanks,164,164,2025-07-04,afternoon,dissolved_oxygen,6.76,mg/L
Fish Tank 3,Fish Tanks,164,164,2025-07-04,afternoon,temperature,31.6,degC
Fish Tank 3,Fish Tanks,164,164,2025-07-04,morning,dissolved_oxygen,5.82,mg/L
Fish Tank 3,Fish Tanks,164,164,2025-07-04,morning,temperature,28.8,degC
Fish Tank 3,Fish Tanks,164,164,2025-07-08,afternoon,dissolved_oxygen,5.84,mg/L
Fish Tank 3,Fish Tanks,164,164,2025-07-08,afternoon,temperature,30.8,degC
Fish Tank 3,Fish Tanks,164,164,2025-07-10,afternoon,dissolved_oxygen,6.84,mg/L
Fish Tank 3,Fish Tanks,164,164,2025-07-10,afternoon,temperature,30.2,degC
Fish Tank 3,Fish Tanks,164,164,2025-07-10,morning,dissolved_oxygen,6.41,mg/L
Fish Tank 3,Fish Tanks,164,164,2025-07-10,morning,temperature,29.3,degC
Fish Tank 3,Fish Tanks,164,164,2025-07-11,afternoon,dissolved_oxygen,7.12,mg/L
Fish Tank 3,Fish Tanks,164,164,2025-07-11,afternoon,temperature,31.9,degC
Fish Tank 3,Fish Tanks,164,164,2025-07-11,morning,dissolved_oxygen,6.43,mg/L
Fish Tank 3,Fish Tanks,164,164,2025-07-11,morning,temperature,28.3,degC
Fish Tank 3,Fish Tanks,164,164,2025-07-15,afternoon,dissolved_oxygen,5.59,mg/L
Fish Tank 3,Fish Tanks,164,164,2025-07-15,afternoon,temperature,32.7,degC
Fish Tank 3,Fish Tanks,164,164,2025-07-15,morning,dissolved_oxygen,6.35,mg/L
Fish Tank 3,Fish Tanks,164,164,2025-07-15,morning,temperature,30.4,degC
Fish Tank 3,Fish Tanks,164,164,2025-07-16,afternoon,dissolved_oxygen,4.82,mg/L
Fish Tank 3,Fish Tanks,164,164,2025-07-16,afternoon,temperature,32.3,degC
Fish Tank 3,Fish Tanks,164,164,2025-07-17,afternoon,dissolved_oxygen,4.56,mg/L
Fish Tank 3,Fish Tanks,164,164,2025-07-17,afternoon,temperature,33.0,degC
Fish Tank 3,Fish Tanks,164,164,2025-07-17,morning,dissolved_oxygen,5.54,mg/L
Fish Tank 3,Fish Tanks,164,164,2025-07-17,morning,temperature,30.1,degC
Fish Tank 3,Fish Tanks,164,164,2025-07-18,afternoon,dissolved_oxygen,5.27,mg/L
Fish Tank 3,Fish Tanks,164,164,2025-07-18,afternoon,temperature,33.3,degC
Fish Tank 3,Fish Tanks,164,164,2025-07-18,morning,dissolved_oxygen,5.13,mg/L
Fish Tank 3,Fish Tanks,164,164,2025-07-18,morning,temperature,30.1,degC
Fish Tank 3,Fish Tanks,164,164,2025-07-21,afternoon,dissolved_oxygen,6.7,mg/L
Fish Tank 3,Fish Tanks,164,164,2025-07-21,afternoon,temperature,33.0,degC
Fish Tank 3,Fish Tanks,164,164,2025-07-21,morning,dissolved_oxygen,6.68,mg/L
Fish Tank 3,Fish Tanks,164,164,2025-07-21,morning,temperature,29.2,degC
Fish Tank 3,Fish Tanks,164,164,2025-07-22,afternoon,dissolved_oxygen,5.5,mg/L
Fish Tank 3,Fish Tanks,164,164,2025-07-22,afternoon,temperature,33.2,degC
Fish Tank 3,Fish Tanks,164,164,2025-07-23,afternoon,dissolved_oxygen,6.35,mg/L
Fish Tank 3,Fish Tanks,164,164,2025-07-23,afternoon,temperature,31.9,degC
Fish Tank 3,Fish Tanks,164,164,2025-07-23,morning,dissolved_oxygen,5.76,mg/L
Fish Tank 3,Fish Tanks,164,164,2025-07-23,morning,temperature,29.6,degC
Fish Tank 3,Fish Tanks,164,164,2025-07-24,afternoon,dissolved_oxygen,6.1,mg/L
Fish Tank 3,Fish Tanks,164,164,2025-07-24,afternoon,temperature,32.7,degC
Fish Tank 3,Fish Tanks,164,164,2025-07-24,morning,dissolved_oxygen,6.49,mg/L
Fish Tank 3,Fish Tanks,164,164,2025-07-24,morning,temperature,29.5,degC
Fish Tank 3,Fish Tanks,164,164,2025-07-25,afternoon,dissolved_oxygen,8.95,mg/L
Fish Tank 3,Fish Tanks,164,164,2025-07-25,afternoon,temperature,33.0,degC
Fish Tank 3,Fish Tanks,164,164,2025-07-28,afternoon,dissolved_oxygen,5.16,mg/L
Fish Tank 3,Fish Tanks,164,164,2025-07-28,afternoon,temperature,33.7,degC
Fish Tank 3,Fish Tanks,164,164,2025-07-28,morning,dissolved_oxygen,5.98,mg/L
Fish Tank 3,Fish Tanks,164,164,2025-07-28,morning,temperature,29.4,degC
Fish Tank 3,Fish Tanks,164,164,2025-07-29,afternoon,dissolved_oxygen,4.57,mg/L
Fish Tank 3,Fish Tanks,164,164,2025-07-29,afternoon,temperature,32.7,degC
Fish Tank 3,Fish Tanks,164,164,2025-07-29,morning,dissolved_oxygen,5.74,mg/L
Fish Tank 3,Fish Tanks,164,164,2025-07-29,morning,temperature,30.1,degC
Fish Tank 3,Fish Tanks,164,164,2025-07-30,afternoon,dissolved_oxygen,5.26,mg/L
Fish Tank 3,Fish Tanks,164,164,2025-07-30,afternoon,temperature,30.4,degC
Fish Tank 3,Fish Tanks,165,165,2025-07-01,afternoon,dissolved_oxygen,4.89,mg/L
Fish Tank 3,Fish Tanks,165,165,2025-07-01,afternoon,temperature,32.2,degC
Fish Tank 3,Fish Tanks,165,165,2025-07-01,morning,dissolved_oxygen,6.51,mg/L
Fish Tank 3,Fish Tanks,165,165,2025-07-01,morning,temperature,29.7,degC
Fish Tank 3,Fish Tanks,165,165,2025-07-02,afternoon,dissolved_oxygen,4.86,mg/L
Fish Tank 3,Fish Tanks,165,165,2025-07-02,afternoon,temperature,30.9,degC
Fish Tank 3,Fish Tanks,165,165,2025-07-02,morning,dissolved_oxygen,6.33,mg/L
Fish Tank 3,Fish Tanks,165,165,2025-07-02,morning,temperature,29.3,degC
Fish Tank 3,Fish Tanks,165,165,2025-07-03,morning,dissolved_oxygen,5.79,mg/L
Fish Tank 3,Fish Tanks,165,165,2025-07-03,morning,temperature,28.1,degC
Fish Tank 3,Fish Tanks,165,165,2025-07-04,afternoon,dissolved_oxygen,6.99,mg/L
Fish Tank 3,Fish Tanks,165,165,2025-07-04,afternoon,temperature,31.6,degC
Fish Tank 3,Fish Tanks,165,165,2025-07-04,morning,dissolved_oxygen,6.01,mg/L
Fish Tank 3,Fish Tanks,165,165,2025-07-04,morning,temperature,28.9,degC
Fish Tank 3,Fish Tanks,165,165,2025-07-08,afternoon,dissolved_oxygen,6.33,mg/L
Fish Tank 3,Fish Tanks,165,165,2025-07-08,afternoon,temperature,30.8,degC
Fish Tank 3,Fish Tanks,165,165,2025-07-10,afternoon,dissolved_oxygen,6.87,mg/L
Fish Tank 3,Fish Tanks,165,165,2025-07-10,afternoon,temperature,30.3,degC
Fish Tank 3,Fish Tanks,165,165,2025-07-10,morning,dissolved_oxygen,6.34,mg/L
Fish Tank 3,Fish Tanks,165,165,2025-07-10,morning,temperature,29.3,degC
Fish Tank 3,Fish Tanks,165,165,2025-07-11,afternoon,dissolved_oxygen,7.16,mg/L
Fish Tank 3,Fish Tanks,165,165,2025-07-11,afternoon,temperature,31.9,degC
Fish Tank 3,Fish Tanks,165,165,2025-07-11,morning,dissolved_oxygen,6.37,mg/L
Fish Tank 3,Fish Tanks,165,165,2025-07-11,morning,temperature,28.3,degC
Fish Tank 3,Fish Tanks,165,165,2025-07-15,afternoon,dissolved_oxygen,5.13,mg/L
Fish Tank 3,Fish Tanks,165,165,2025-07-15,afternoon,temperature,32.7,degC
Fish Tank 3,Fish Tanks,165,165,2025-07-16,afternoon,dissolved_oxygen,4.36,mg/L
Fish Tank 3,Fish Tanks,165,165,2025-07-16,afternoon,temperature,32.3,degC
Fish Tank 3,Fish Tanks,165,165,2025-07-17,afternoon,dissolved_oxygen,4.02,mg/L
Fish Tank 3,Fish Tanks,165,165,2025-07-17,afternoon,temperature,33.0,degC
Fish Tank 3,Fish Tanks,165,165,2025-07-17,morning,dissolved_oxygen,4.89,mg/L
Fish Tank 3,Fish Tanks,165,165,2025-07-17,morning,temperature,30.1,degC
Fish Tank 3,Fish Tanks,165,165,2025-07-18,afternoon,dissolved_oxygen,4.9,mg/L
Fish Tank 3,Fish Tanks,165,165,2025-07-18,afternoon,temperature,33.3,degC
Fish Tank 3,Fish Tanks,165,165,2025-07-18,morning,dissolved_oxygen,4.91,mg/L
Fish Tank 3,Fish Tanks,165,165,2025-07-18,morning,temperature,30.1,degC
Fish Tank 3,Fish Tanks,165,165,2025-07-21,afternoon,dissolved_oxygen,6.14,mg/L
Fish Tank 3,Fish Tanks,165,165,2025-07-21,afternoon,temperature,33.1,degC
Fish Tank 3,Fish Tanks,165,165,2025-07-21,morning,dissolved_oxygen,6.42,mg/L
Fish Tank 3,Fish Tanks,165,165,2025-07-21,morning,temperature,29.2,degC
Fish Tank 3,Fish Tanks,165,165,2025-07-22,afternoon,dissolved_oxygen,5.19,mg/L
Fish Tank 3,Fish Tanks,165,165,2025-07-22,afternoon,temperature,33.2,degC
Fish Tank 3,Fish Tanks,165,165,2025-07-23,afternoon,dissolved_oxygen,5.98,mg/L
Fish Tank 3,Fish Tanks,165,165,2025-07-23,afternoon,temperature,32.0,degC
Fish Tank 3,Fish Tanks,165,165,2025-07-23,morning,dissolved_oxygen,5.58,mg/L
Fish Tank 3,Fish Tanks,165,165,2025-07-23,morning,temperature,29.6,degC
Fish Tank 3,Fish Tanks,165,165,2025-07-24,afternoon,dissolved_oxygen,5.83,mg/L
Fish Tank 3,Fish Tanks,165,165,2025-07-24,afternoon,temperature,32.7,degC
Fish Tank 3,Fish Tanks,165,165,2025-07-24,morning,dissolved_oxygen,6.57,mg/L
Fish Tank 3,Fish Tanks,165,165,2025-07-24,morning,temperature,29.5,degC
Fish Tank 3,Fish Tanks,165,165,2025-07-25,afternoon,dissolved_oxygen,9.06,mg/L
Fish Tank 3,Fish Tanks,165,165,2025-07-25,afternoon,temperature,33.0,degC
Fish Tank 3,Fish Tanks,165,165,2025-07-28,afternoon,dissolved_oxygen,4.99,mg/L
Fish Tank 3,Fish Tanks,165,165,2025-07-28,afternoon,temperature,33.6,degC
Fish Tank 3,Fish Tanks,165,165,2025-07-28,morning,dissolved_oxygen,5.6,mg/L
Fish Tank 3,Fish Tanks,165,165,2025-07-28,morning,temperature,29.5,degC
Fish Tank 3,Fish Tanks,165,165,2025-07-29,afternoon,dissolved_oxygen,4.04,mg/L
Fish Tank 3,Fish Tanks,165,165,2025-07-29,afternoon,temperature,32.7,degC
Fish Tank 3,Fish Tanks,165,165,2025-07-29,morning,dissolved_oxygen,5.49,mg/L
Fish Tank 3,Fish Tanks,165,165,2025-07-29,morning,temperature,30.0,degC
Fish Tank 3,Fish Tanks,165,165,2025-07-30,afternoon,dissolved_oxygen,5.86,mg/L
Fish Tank 3,Fish Tanks,165,165,2025-07-30,afternoon,temperature,30.3,degC
Fish Tank 3,Fish Tanks,167,167,2025-07-01,afternoon,dissolved_oxygen,5.16,mg/L
Fish Tank 3,Fish Tanks,167,167,2025-07-01,afternoon,temperature,32.3,degC
Fish Tank 3,Fish Tanks,167,167,2025-07-01,morning,dissolved_oxygen,6.27,mg/L
Fish Tank 3,Fish Tanks,167,167,2025-07-01,morning,temperature,29.6,degC
Fish Tank 3,Fish Tanks,167,167,2025-07-02,afternoon,dissolved_oxygen,4.79,mg/L
Fish Tank 3,Fish Tanks,167,167,2025-07-02,afternoon,temperature,30.9,degC
Fish Tank 3,Fish Tanks,167,167,2025-07-02,morning,dissolved_oxygen,6.06,mg/L
Fish Tank 3,Fish Tanks,167,167,2025-07-02,morning,temperature,29.3,degC
Fish Tank 3,Fish Tanks,167,167,2025-07-03,morning,dissolved_oxygen,5.83,mg/L
Fish Tank 3,Fish Tanks,167,167,2025-07-03,morning,temperature,27.9,degC
Fish Tank 3,Fish Tanks,167,167,2025-07-04,afternoon,dissolved_oxygen,6.95,mg/L
Fish Tank 3,Fish Tanks,167,167,2025-07-04,afternoon,temperature,31.7,degC
Fish Tank 3,Fish Tanks,167,167,2025-07-04,morning,dissolved_oxygen,6.2,mg/L
Fish Tank 3,Fish Tanks,167,167,2025-07-04,morning,temperature,28.8,degC
Fish Tank 3,Fish Tanks,167,167,2025-07-08,afternoon,dissolved_oxygen,5.51,mg/L
Fish Tank 3,Fish Tanks,167,167,2025-07-08,afternoon,temperature,30.9,degC
Fish Tank 3,Fish Tanks,167,167,2025-07-10,afternoon,dissolved_oxygen,6.75,mg/L
Fish Tank 3,Fish Tanks,167,167,2025-07-10,afternoon,temperature,30.2,degC
Fish Tank 3,Fish Tanks,167,167,2025-07-10,morning,dissolved_oxygen,6.13,mg/L
Fish Tank 3,Fish Tanks,167,167,2025-07-10,morning,temperature,29.3,degC
Fish Tank 3,Fish Tanks,167,167,2025-07-11,afternoon,dissolved_oxygen,6.88,mg/L
Fish Tank 3,Fish Tanks,167,167,2025-07-11,afternoon,temperature,32.0,degC
Fish Tank 3,Fish Tanks,167,167,2025-07-11,morning,dissolved_oxygen,6.6,mg/L
Fish Tank 3,Fish Tanks,167,167,2025-07-11,morning,temperature,28.2,degC
Fish Tank 3,Fish Tanks,167,167,2025-07-15,afternoon,dissolved_oxygen,5.37,mg/L
Fish Tank 3,Fish Tanks,167,167,2025-07-15,afternoon,temperature,32.8,degC
Fish Tank 3,Fish Tanks,167,167,2025-07-16,afternoon,dissolved_oxygen,4.73,mg/L
Fish Tank 3,Fish Tanks,167,167,2025-07-16,afternoon,temperature,32.5,degC
Fish Tank 3,Fish Tanks,167,167,2025-07-17,afternoon,dissolved_oxygen,4.52,mg/L
Fish Tank 3,Fish Tanks,167,167,2025-07-17,afternoon,temperature,33.2,degC
Fish Tank 3,Fish Tanks,167,167,2025-07-17,morning,dissolved_oxygen,5.05,mg/L
Fish Tank 3,Fish Tanks,167,167,2025-07-17,morning,temperature,29.6,degC
Fish Tank 3,Fish Tanks,167,167,2025-07-18,afternoon,dissolved_oxygen,5.53,mg/L
Fish Tank 3,Fish Tanks,167,167,2025-07-18,afternoon,temperature,33.4,degC
Fish Tank 3,Fish Tanks,167,167,2025-07-18,morning,dissolved_oxygen,5.29,mg/L
Fish Tank 3,Fish Tanks,167,167,2025-07-18,morning,temperature,30.1,degC
Fish Tank 3,Fish Tanks,167,167,2025-07-21,afternoon,dissolved_oxygen,5.88,mg/L
Fish Tank 3,Fish Tanks,167,167,2025-07-21,afternoon,temperature,33.4,degC
Fish Tank 3,Fish Tanks,167,167,2025-07-21,morning,dissolved_oxygen,6.45,mg/L
Fish Tank 3,Fish Tanks,167,167,2025-07-21,morning,temperature,29.2,degC
Fish Tank 3,Fish Tanks,167,167,2025-07-22,afternoon,dissolved_oxygen,4.78,mg/L
Fish Tank 3,Fish Tanks,167,167,2025-07-22,afternoon,temperature,33.4,degC
Fish Tank 3,Fish Tanks,167,167,2025-07-23,afternoon,dissolved_oxygen,6.26,mg/L
Fish Tank 3,Fish Tanks,167,167,2025-07-23,afternoon,temperature,32.1,degC
Fish Tank 3,Fish Tanks,167,167,2025-07-23,morning,dissolved_oxygen,5.93,mg/L
Fish Tank 3,Fish Tanks,167,167,2025-07-23,morning,temperature,29.5,degC
Fish Tank 3,Fish Tanks,167,167,2025-07-24,afternoon,dissolved_oxygen,5.32,mg/L
Fish Tank 3,Fish Tanks,167,167,2025-07-24,afternoon,temperature,33.0,degC
Fish Tank 3,Fish Tanks,167,167,2025-07-24,morning,dissolved_oxygen,6.37,mg/L
Fish Tank 3,Fish Tanks,167,167,2025-07-24,morning,temperature,29.0,degC
Fish Tank 3,Fish Tanks,167,167,2025-07-25,afternoon,dissolved_oxygen,7.9,mg/L
Fish Tank 3,Fish Tanks,167,167,2025-07-25,afternoon,temperature,33.3,degC
Fish Tank 3,Fish Tanks,167,167,2025-07-28,afternoon,dissolved_oxygen,5.0,mg/L
Fish Tank 3,Fish Tanks,167,167,2025-07-28,afternoon,temperature,34.0,degC
Fish Tank 3,Fish Tanks,167,167,2025-07-28,morning,dissolved_oxygen,6.7,mg/L
Fish Tank 3,Fish Tanks,167,167,2025-07-28,morning,temperature,31.4,degC
Fish Tank 3,Fish Tanks,167,167,2025-07-29,afternoon,dissolved_oxygen,4.17,mg/L
Fish Tank 3,Fish Tanks,167,167,2025-07-29,afternoon,temperature,32.8,degC
Fish Tank 3,Fish Tanks,167,167,2025-07-29,morning,dissolved_oxygen,5.53,mg/L
Fish Tank 3,Fish Tanks,167,167,2025-07-29,morning,temperature,30.1,degC
Fish Tank 3,Fish Tanks,167,167,2025-07-30,afternoon,dissolved_oxygen,5.36,mg/L
Fish Tank 3,Fish Tanks,167,167,2025-07-30,afternoon,temperature,30.5,degC
Fish Tank 3,Fish Tanks,168,168,2025-07-01,afternoon,dissolved_oxygen,5.18,mg/L
Fish Tank 3,Fish Tanks,168,168,2025-07-01,afternoon,temperature,32.3,degC
Fish Tank 3,Fish Tanks,168,168,2025-07-01,morning,dissolved_oxygen,6.55,mg/L
Fish Tank 3,Fish Tanks,168,168,2025-07-01,morning,temperature,29.6,degC
Fish Tank 3,Fish Tanks,168,168,2025-07-02,afternoon,dissolved_oxygen,4.71,mg/L
Fish Tank 3,Fish Tanks,168,168,2025-07-02,afternoon,temperature,30.9,degC
Fish Tank 3,Fish Tanks,168,168,2025-07-02,morning,dissolved_oxygen,6.22,mg/L
Fish Tank 3,Fish Tanks,168,168,2025-07-02,morning,temperature,29.3,degC
Fish Tank 3,Fish Tanks,168,168,2025-07-03,morning,dissolved_oxygen,5.72,mg/L
Fish Tank 3,Fish Tanks,168,168,2025-07-03,morning,temperature,28.0,degC
Fish Tank 3,Fish Tanks,168,168,2025-07-04,afternoon,dissolved_oxygen,6.42,mg/L
Fish Tank 3,Fish Tanks,168,168,2025-07-04,afternoon,temperature,31.7,degC
Fish Tank 3,Fish Tanks,168,168,2025-07-04,morning,dissolved_oxygen,5.66,mg/L
Fish Tank 3,Fish Tanks,168,168,2025-07-04,morning,temperature,28.8,degC
Fish Tank 3,Fish Tanks,168,168,2025-07-08,afternoon,dissolved_oxygen,5.52,mg/L
Fish Tank 3,Fish Tanks,168,168,2025-07-08,afternoon,temperature,30.9,degC
Fish Tank 3,Fish Tanks,168,168,2025-07-10,afternoon,dissolved_oxygen,5.69,mg/L
Fish Tank 3,Fish Tanks,168,168,2025-07-10,afternoon,temperature,30.2,degC
Fish Tank 3,Fish Tanks,168,168,2025-07-10,morning,dissolved_oxygen,5.92,mg/L
Fish Tank 3,Fish Tanks,168,168,2025-07-10,morning,temperature,29.3,degC
Fish Tank 3,Fish Tanks,168,168,2025-07-11,afternoon,dissolved_oxygen,5.94,mg/L
Fish Tank 3,Fish Tanks,168,168,2025-07-11,afternoon,temperature,31.9,degC
Fish Tank 3,Fish Tanks,168,168,2025-07-11,morning,dissolved_oxygen,6.13,mg/L
Fish Tank 3,Fish Tanks,168,168,2025-07-11,morning,temperature,28.2,degC
Fish Tank 3,Fish Tanks,168,168,2025-07-15,afternoon,dissolved_oxygen,5.49,mg/L
Fish Tank 3,Fish Tanks,168,168,2025-07-15,afternoon,temperature,32.8,degC
Fish Tank 3,Fish Tanks,168,168,2025-07-15,morning,dissolved_oxygen,5.73,mg/L
Fish Tank 3,Fish Tanks,168,168,2025-07-15,morning,temperature,29.2,degC
Fish Tank 3,Fish Tanks,168,168,2025-07-16,afternoon,dissolved_oxygen,4.69,mg/L
Fish Tank 3,Fish Tanks,168,168,2025-07-16,afternoon,temperature,32.4,degC
Fish Tank 3,Fish Tanks,168,168,2025-07-17,afternoon,dissolved_oxygen,3.96,mg/L
Fish Tank 3,Fish Tanks,168,168,2025-07-17,afternoon,temperature,33.1,degC
Fish Tank 3,Fish Tanks,168,168,2025-07-17,morning,dissolved_oxygen,5.0,mg/L
Fish Tank 3,Fish Tanks,168,168,2025-07-17,morning,temperature,29.6,degC
Fish Tank 3,Fish Tanks,168,168,2025-07-18,afternoon,dissolved_oxygen,5.34,mg/L
Fish Tank 3,Fish Tanks,168,168,2025-07-18,afternoon,temperature,33.3,degC
Fish Tank 3,Fish Tanks,168,168,2025-07-18,morning,dissolved_oxygen,5.03,mg/L
Fish Tank 3,Fish Tanks,168,168,2025-07-18,morning,temperature,30.1,degC
Fish Tank 3,Fish Tanks,168,168,2025-07-21,afternoon,dissolved_oxygen,6.21,mg/L
Fish Tank 3,Fish Tanks,168,168,2025-07-21,afternoon,temperature,33.1,degC
Fish Tank 3,Fish Tanks,168,168,2025-07-21,morning,dissolved_oxygen,6.44,mg/L
Fish Tank 3,Fish Tanks,168,168,2025-07-21,morning,temperature,29.2,degC
Fish Tank 3,Fish Tanks,168,168,2025-07-22,afternoon,dissolved_oxygen,5.1,mg/L
Fish Tank 3,Fish Tanks,168,168,2025-07-22,afternoon,temperature,33.2,degC
Fish Tank 3,Fish Tanks,168,168,2025-07-23,afternoon,dissolved_oxygen,6.49,mg/L
Fish Tank 3,Fish Tanks,168,168,2025-07-23,afternoon,temperature,32.0,degC
Fish Tank 3,Fish Tanks,168,168,2025-07-23,morning,dissolved_oxygen,6.23,mg/L
Fish Tank 3,Fish Tanks,168,168,2025-07-23,morning,temperature,29.4,degC
Fish Tank 3,Fish Tanks,168,168,2025-07-24,afternoon,dissolved_oxygen,5.75,mg/L
Fish Tank 3,Fish Tanks,168,168,2025-07-24,afternoon,temperature,32.9,degC
Fish Tank 3,Fish Tanks,168,168,2025-07-24,morning,dissolved_oxygen,6.7,mg/L
Fish Tank 3,Fish Tanks,168,168,2025-07-24,morning,temperature,29.4,degC
Fish Tank 3,Fish Tanks,168,168,2025-07-25,afternoon,dissolved_oxygen,8.53,mg/L
Fish Tank 3,Fish Tanks,168,168,2025-07-25,afternoon,temperature,33.2,degC
Fish Tank 3,Fish Tanks,168,168,2025-07-28,afternoon,dissolved_oxygen,5.21,mg/L
Fish Tank 3,Fish Tanks,168,168,2025-07-28,afternoon,temperature,33.8,degC
Fish Tank 3,Fish Tanks,168,168,2025-07-28,morning,dissolved_oxygen,6.69,mg/L
Fish Tank 3,Fish Tanks,168,168,2025-07-28,morning,temperature,31.3,degC
Fish Tank 3,Fish Tanks,168,168,2025-07-29,afternoon,dissolved_oxygen,4.1,mg/L
Fish Tank 3,Fish Tanks,168,168,2025-07-29,afternoon,temperature,32.9,degC
Fish Tank 3,Fish Tanks,168,168,2025-07-29,morning,dissolved_oxygen,5.53,mg/L
Fish Tank 3,Fish Tanks,168,168,2025-07-29,morning,temperature,30.1,degC
Fish Tank 3,Fish Tanks,168,168,2025-07-30,afternoon,dissolved_oxygen,5.85,mg/L
Fish Tank 3,Fish Tanks,168,168,2025-07-30,afternoon,temperature,30.4,degC
Fish Tank 3,Fish Tanks,169,169,2025-07-01,afternoon,dissolved_oxygen,5.24,mg/L
Fish Tank 3,Fish Tanks,169,169,2025-07-01,afternoon,temperature,32.3,degC
Fish Tank 3,Fish Tanks,169,169,2025-07-01,morning,ammonia,1.03,mg/L
Fish Tank 3,Fish Tanks,169,169,2025-07-01,morning,dissolved_oxygen,6.59,mg/L
Fish Tank 3,Fish Tanks,169,169,2025-07-01,morning,nitrate,1.4,mg/L
Fish Tank 3,Fish Tanks,169,169,2025-07-01,morning,nitrite,0.013,mg/L
Fish Tank 3,Fish Tanks,169,169,2025-07-01,morning,ph,6.69,pH
Fish Tank 3,Fish Tanks,169,169,2025-07-01,morning,temperature,29.7,degC
Fish Tank 3,Fish Tanks,169,169,2025-07-02,afternoon,dissolved_oxygen,4.96,mg/L
Fish Tank 3,Fish Tanks,169,169,2025-07-02,afternoon,temperature,30.9,degC
Fish Tank 3,Fish Tanks,169,169,2025-07-02,morning,dissolved_oxygen,6.14,mg/L
Fish Tank 3,Fish Tanks,169,169,2025-07-02,morning,temperature,29.2,degC
Fish Tank 3,Fish Tanks,169,169,2025-07-03,morning,dissolved_oxygen,5.92,mg/L
Fish Tank 3,Fish Tanks,169,169,2025-07-03,morning,temperature,28.0,degC
Fish Tank 3,Fish Tanks,169,169,2025-07-04,afternoon,dissolved_oxygen,7.31,mg/L
Fish Tank 3,Fish Tanks,169,169,2025-07-04,afternoon,temperature,31.6,degC
Fish Tank 3,Fish Tanks,169,169,2025-07-04,morning,ammonia,3.5,mg/L
Fish Tank 3,Fish Tanks,169,169,2025-07-04,morning,dissolved_oxygen,6.11,mg/L
Fish Tank 3,Fish Tanks,169,169,2025-07-04,morning,nitrate,1.2,mg/L
Fish Tank 3,Fish Tanks,169,169,2025-07-04,morning,nitrite,0.066,mg/L
Fish Tank 3,Fish Tanks,169,169,2025-07-04,morning,ph,6.97,pH
Fish Tank 3,Fish Tanks,169,169,2025-07-04,morning,temperature,28.8,degC
Fish Tank 3,Fish Tanks,169,169,2025-07-08,afternoon,dissolved_oxygen,5.75,mg/L
Fish Tank 3,Fish Tanks,169,169,2025-07-08,afternoon,temperature,30.8,degC
Fish Tank 3,Fish Tanks,169,169,2025-07-10,afternoon,dissolved_oxygen,6.73,mg/L
Fish Tank 3,Fish Tanks,169,169,2025-07-10,afternoon,temperature,30.1,degC
Fish Tank 3,Fish Tanks,169,169,2025-07-10,morning,dissolved_oxygen,6.17,mg/L
Fish Tank 3,Fish Tanks,169,169,2025-07-10,morning,temperature,29.2,degC
Fish Tank 3,Fish Tanks,169,169,2025-07-11,afternoon,dissolved_oxygen,6.88,mg/L
Fish Tank 3,Fish Tanks,169,169,2025-07-11,afternoon,temperature,31.8,degC
Fish Tank 3,Fish Tanks,169,169,2025-07-11,morning,dissolved_oxygen,6.48,mg/L
Fish Tank 3,Fish Tanks,169,169,2025-07-11,morning,temperature,28.2,degC
Fish Tank 3,Fish Tanks,169,169,2025-07-15,afternoon,dissolved_oxygen,5.81,mg/L
Fish Tank 3,Fish Tanks,169,169,2025-07-15,afternoon,temperature,32.7,degC
Fish Tank 3,Fish Tanks,169,169,2025-07-15,morning,dissolved_oxygen,5.65,mg/L
Fish Tank 3,Fish Tanks,169,169,2025-07-15,morning,temperature,29.2,degC
Fish Tank 3,Fish Tanks,169,169,2025-07-16,afternoon,dissolved_oxygen,4.88,mg/L
Fish Tank 3,Fish Tanks,169,169,2025-07-16,afternoon,temperature,32.4,degC
Fish Tank 3,Fish Tanks,169,169,2025-07-17,afternoon,dissolved_oxygen,4.05,mg/L
Fish Tank 3,Fish Tanks,169,169,2025-07-17,afternoon,temperature,33.1,degC
Fish Tank 3,Fish Tanks,169,169,2025-07-17,morning,dissolved_oxygen,4.79,mg/L
Fish Tank 3,Fish Tanks,169,169,2025-07-17,morning,temperature,29.6,degC
Fish Tank 3,Fish Tanks,169,169,2025-07-18,afternoon,dissolved_oxygen,5.0,mg/L
Fish Tank 3,Fish Tanks,169,169,2025-07-18,afternoon,temperature,33.2,degC
Fish Tank 3,Fish Tanks,169,169,2025-07-18,morning,dissolved_oxygen,4.99,mg/L
Fish Tank 3,Fish Tanks,169,169,2025-07-18,morning,temperature,30.1,degC
Fish Tank 3,Fish Tanks,169,169,2025-07-21,afternoon,dissolved_oxygen,6.54,mg/L
Fish Tank 3,Fish Tanks,169,169,2025-07-21,afternoon,temperature,32.9,degC
Fish Tank 3,Fish Tanks,169,169,2025-07-21,morning,dissolved_oxygen,6.41,mg/L
Fish Tank 3,Fish Tanks,169,169,2025-07-21,morning,temperature,29.1,degC
Fish Tank 3,Fish Tanks,169,169,2025-07-22,afternoon,dissolved_oxygen,5.23,mg/L
Fish Tank 3,Fish Tanks,169,169,2025-07-22,afternoon,temperature,33.2,degC
Fish Tank 3,Fish Tanks,169,169,2025-07-23,afternoon,dissolved_oxygen,6.98,mg/L
Fish Tank 3,Fish Tanks,169,169,2025-07-23,afternoon,temperature,31.7,degC
Fish Tank 3,Fish Tanks,169,169,2025-07-23,morning,dissolved_oxygen,5.56,mg/L
Fish Tank 3,Fish Tanks,169,169,2025-07-23,morning,temperature,29.4,degC
Fish Tank 3,Fish Tanks,169,169,2025-07-24,afternoon,dissolved_oxygen,6.72,mg/L
Fish Tank 3,Fish Tanks,169,169,2025-07-24,afternoon,temperature,32.8,degC
Fish Tank 3,Fish Tanks,169,169,2025-07-24,morning,dissolved_oxygen,6.99,mg/L
Fish Tank 3,Fish Tanks,169,169,2025-07-24,morning,temperature,29.4,degC
Fish Tank 3,Fish Tanks,169,169,2025-07-25,afternoon,dissolved_oxygen,9.77,mg/L
Fish Tank 3,Fish Tanks,169,169,2025-07-25,afternoon,temperature,33.0,degC
Fish Tank 3,Fish Tanks,169,169,2025-07-28,afternoon,dissolved_oxygen,5.0,mg/L
Fish Tank 3,Fish Tanks,169,169,2025-07-28,afternoon,temperature,33.9,degC
Fish Tank 3,Fish Tanks,169,169,2025-07-28,morning,dissolved_oxygen,6.7,mg/L
Fish Tank 3,Fish Tanks,169,169,2025-07-28,morning,temperature,31.4,degC
Fish Tank 3,Fish Tanks,169,169,2025-07-29,afternoon,dissolved_oxygen,4.33,mg/L
Fish Tank 3,Fish Tanks,169,169,2025-07-29,afternoon,temperature,32.8,degC
Fish Tank 3,Fish Tanks,169,169,2025-07-29,morning,dissolved_oxygen,5.61,mg/L
Fish Tank 3,Fish Tanks,169,169,2025-07-29,morning,temperature,30.1,degC
Fish Tank 3,Fish Tanks,169,169,2025-07-30,afternoon,dissolved_oxygen,5.18,mg/L
Fish Tank 3,Fish Tanks,169,169,2025-07-30,afternoon,temperature,30.5,degC
Fish Tank 3,Fish Tanks,170,170,2025-07-01,afternoon,dissolved_oxygen,5.23,mg/L
Fish Tank 3,Fish Tanks,170,170,2025-07-01,afternoon,temperature,32.3,degC
Fish Tank 3,Fish Tanks,170,170,2025-07-01,morning,dissolved_oxygen,6.48,mg/L
Fish Tank 3,Fish Tanks,170,170,2025-07-01,morning,temperature,29.5,degC
Fish Tank 3,Fish Tanks,170,170,2025-07-02,afternoon,dissolved_oxygen,4.91,mg/L
Fish Tank 3,Fish Tanks,170,170,2025-07-02,afternoon,temperature,30.9,degC
Fish Tank 3,Fish Tanks,170,170,2025-07-02,morning,dissolved_oxygen,6.49,mg/L
Fish Tank 3,Fish Tanks,170,170,2025-07-02,morning,temperature,29.0,degC
Fish Tank 3,Fish Tanks,170,170,2025-07-03,morning,dissolved_oxygen,5.86,mg/L
Fish Tank 3,Fish Tanks,170,170,2025-07-03,morning,temperature,27.9,degC
Fish Tank 3,Fish Tanks,170,170,2025-07-04,afternoon,dissolved_oxygen,6.38,mg/L
Fish Tank 3,Fish Tanks,170,170,2025-07-04,afternoon,temperature,31.8,degC
Fish Tank 3,Fish Tanks,170,170,2025-07-04,morning,dissolved_oxygen,5.87,mg/L
Fish Tank 3,Fish Tanks,170,170,2025-07-04,morning,temperature,28.8,degC
Fish Tank 3,Fish Tanks,170,170,2025-07-07,morning,ammonia,4.2,mg/L
Fish Tank 3,Fish Tanks,170,170,2025-07-07,morning,nitrate,2.2,mg/L
Fish Tank 3,Fish Tanks,170,170,2025-07-07,morning,nitrite,0.68,mg/L
Fish Tank 3,Fish Tanks,170,170,2025-07-07,morning,ph,7.07,pH
Fish Tank 3,Fish Tanks,170,170,2025-07-08,afternoon,dissolved_oxygen,5.77,mg/L
Fish Tank 3,Fish Tanks,170,170,2025-07-08,afternoon,temperature,30.8,degC
Fish Tank 3,Fish Tanks,170,170,2025-07-10,afternoon,dissolved_oxygen,6.12,mg/L
Fish Tank 3,Fish Tanks,170,170,2025-07-10,afternoon,temperature,30.1,degC
Fish Tank 3,Fish Tanks,170,170,2025-07-10,morning,dissolved_oxygen,6.27,mg/L
Fish Tank 3,Fish Tanks,170,170,2025-07-10,morning,temperature,29.1,degC
Fish Tank 3,Fish Tanks,170,170,2025-07-11,afternoon,dissolved_oxygen,6.47,mg/L
Fish Tank 3,Fish Tanks,170,170,2025-07-11,afternoon,temperature,31.8,degC
Fish Tank 3,Fish Tanks,170,170,2025-07-11,morning,ammonia,4.4,mg/L
Fish Tank 3,Fish Tanks,170,170,2025-07-11,morning,dissolved_oxygen,6.4,mg/L
Fish Tank 3,Fish Tanks,170,170,2025-07-11,morning,nitrate,2.0,mg/L
Fish Tank 3,Fish Tanks,170,170,2025-07-11,morning,nitrite,0.036,mg/L
Fish Tank 3,Fish Tanks,170,170,2025-07-11,morning,ph,7.12,pH
Fish Tank 3,Fish Tanks,170,170,2025-07-11,morning,temperature,28.2,degC
Fish Tank 3,Fish Tanks,170,170,2025-07-15,afternoon,dissolved_oxygen,5.78,mg/L
Fish Tank 3,Fish Tanks,170,170,2025-07-15,afternoon,temperature,32.7,degC
Fish Tank 3,Fish Tanks,170,170,2025-07-15,morning,dissolved_oxygen,6.0,mg/L
Fish Tank 3,Fish Tanks,170,170,2025-07-15,morning,temperature,29.2,degC
Fish Tank 3,Fish Tanks,170,170,2025-07-16,afternoon,dissolved_oxygen,4.71,mg/L
Fish Tank 3,Fish Tanks,170,170,2025-07-16,afternoon,temperature,32.4,degC
Fish Tank 3,Fish Tanks,170,170,2025-07-17,afternoon,dissolved_oxygen,4.33,mg/L
Fish Tank 3,Fish Tanks,170,170,2025-07-17,afternoon,temperature,33.1,degC
Fish Tank 3,Fish Tanks,170,170,2025-07-17,morning,dissolved_oxygen,5.42,mg/L
Fish Tank 3,Fish Tanks,170,170,2025-07-17,morning,temperature,29.5,degC
Fish Tank 3,Fish Tanks,170,170,2025-07-18,afternoon,dissolved_oxygen,5.74,mg/L
Fish Tank 3,Fish Tanks,170,170,2025-07-18,afternoon,temperature,33.2,degC
Fish Tank 3,Fish Tanks,170,170,2025-07-18,morning,dissolved_oxygen,5.27,mg/L
Fish Tank 3,Fish Tanks,170,170,2025-07-18,morning,temperature,30.0,degC
Fish Tank 3,Fish Tanks,170,170,2025-07-21,afternoon,dissolved_oxygen,6.53,mg/L
Fish Tank 3,Fish Tanks,170,170,2025-07-21,afternoon,temperature,32.9,degC
Fish Tank 3,Fish Tanks,170,170,2025-07-21,morning,dissolved_oxygen,6.49,mg/L
Fish Tank 3,Fish Tanks,170,170,2025-07-21,morning,temperature,29.1,degC
Fish Tank 3,Fish Tanks,170,170,2025-07-22,afternoon,dissolved_oxygen,5.39,mg/L
Fish Tank 3,Fish Tanks,170,170,2025-07-22,afternoon,temperature,33.2,degC
Fish Tank 3,Fish Tanks,170,170,2025-07-23,afternoon,dissolved_oxygen,6.03,mg/L
Fish Tank 3,Fish Tanks,170,170,2025-07-23,afternoon,temperature,32.0,degC
Fish Tank 3,Fish Tanks,170,170,2025-07-23,morning,dissolved_oxygen,5.6,mg/L
Fish Tank 3,Fish Tanks,170,170,2025-07-23,morning,temperature,29.3,degC
Fish Tank 3,Fish Tanks,170,170,2025-07-24,afternoon,dissolved_oxygen,6.09,mg/L
Fish Tank 3,Fish Tanks,170,170,2025-07-24,afternoon,temperature,32.9,degC
Fish Tank 3,Fish Tanks,170,170,2025-07-24,morning,dissolved_oxygen,6.87,mg/L
Fish Tank 3,Fish Tanks,170,170,2025-07-24,morning,temperature,29.4,degC
Fish Tank 3,Fish Tanks,170,170,2025-07-25,afternoon,dissolved_oxygen,9.43,mg/L
Fish Tank 3,Fish Tanks,170,170,2025-07-25,afternoon,temperature,33.0,degC
Fish Tank 3,Fish Tanks,170,170,2025-07-28,afternoon,dissolved_oxygen,4.91,mg/L
Fish Tank 3,Fish Tanks,170,170,2025-07-28,afternoon,temperature,33.9,degC
Fish Tank 3,Fish Tanks,170,170,2025-07-28,morning,dissolved_oxygen,6.72,mg/L
Fish Tank 3,Fish Tanks,170,170,2025-07-28,morning,temperature,31.4,degC
Fish Tank 3,Fish Tanks,170,170,2025-07-29,morning,dissolved_oxygen,5.73,mg/L
Fish Tank 3,Fish Tanks,170,170,2025-07-29,morning,temperature,30.0,degC
Fish Tank 3,Fish Tanks,170,170,2025-07-30,afternoon,dissolved_oxygen,5.09,mg/L
Fish Tank 3,Fish Tanks,170,170,2025-07-30,afternoon,temperature,30.5,degC
Fish Tank 3,Fish Tanks,171,171,2025-07-01,afternoon,dissolved_oxygen,5.32,mg/L
Fish Tank 3,Fish Tanks,171,171,2025-07-01,afternoon,temperature,32.3,degC
Fish Tank 3,Fish Tanks,171,171,2025-07-01,morning,dissolved_oxygen,6.54,mg/L
Fish Tank 3,Fish Tanks,171,171,2025-07-01,morning,temperature,29.6,degC
Fish Tank 3,Fish Tanks,171,171,2025-07-02,afternoon,dissolved_oxygen,4.85,mg/L
Fish Tank 3,Fish Tanks,171,171,2025-07-02,afternoon,temperature,30.9,degC
Fish Tank 3,Fish Tanks,171,171,2025-07-02,morning,dissolved_oxygen,5.99,mg/L
Fish Tank 3,Fish Tanks,171,171,2025-07-02,morning,temperature,29.3,degC
Fish Tank 3,Fish Tanks,171,171,2025-07-03,morning,dissolved_oxygen,5.84,mg/L
Fish Tank 3,Fish Tanks,171,171,2025-07-03,morning,temperature,28.0,degC
Fish Tank 3,Fish Tanks,171,171,2025-07-04,afternoon,dissolved_oxygen,6.71,mg/L
Fish Tank 3,Fish Tanks,171,171,2025-07-04,afternoon,temperature,31.6,degC
Fish Tank 3,Fish Tanks,171,171,2025-07-04,morning,dissolved_oxygen,6.0,mg/L
Fish Tank 3,Fish Tanks,171,171,2025-07-04,morning,temperature,28.8,degC
Fish Tank 3,Fish Tanks,171,171,2025-07-08,afternoon,dissolved_oxygen,5.12,mg/L
Fish Tank 3,Fish Tanks,171,171,2025-07-08,afternoon,temperature,30.6,degC
Fish Tank 3,Fish Tanks,171,171,2025-07-10,afternoon,dissolved_oxygen,5.82,mg/L
Fish Tank 3,Fish Tanks,171,171,2025-07-10,afternoon,temperature,29.8,degC
Fish Tank 3,Fish Tanks,171,171,2025-07-10,morning,dissolved_oxygen,5.68,mg/L
Fish Tank 3,Fish Tanks,171,171,2025-07-10,morning,temperature,28.9,degC
Fish Tank 3,Fish Tanks,171,171,2025-07-11,afternoon,dissolved_oxygen,6.62,mg/L
Fish Tank 3,Fish Tanks,171,171,2025-07-11,afternoon,temperature,31.7,degC
Fish Tank 3,Fish Tanks,171,171,2025-07-11,morning,dissolved_oxygen,6.77,mg/L
Fish Tank 3,Fish Tanks,171,171,2025-07-11,morning,temperature,28.1,degC
Fish Tank 3,Fish Tanks,171,171,2025-07-15,afternoon,dissolved_oxygen,5.45,mg/L
Fish Tank 3,Fish Tanks,171,171,2025-07-15,afternoon,temperature,32.6,degC
Fish Tank 3,Fish Tanks,171,171,2025-07-15,morning,dissolved_oxygen,6.27,mg/L
Fish Tank 3,Fish Tanks,171,171,2025-07-15,morning,temperature,29.2,degC
Fish Tank 3,Fish Tanks,171,171,2025-07-16,afternoon,dissolved_oxygen,4.99,mg/L
Fish Tank 3,Fish Tanks,171,171,2025-07-16,afternoon,temperature,32.3,degC
Fish Tank 3,Fish Tanks,171,171,2025-07-17,afternoon,dissolved_oxygen,4.7,mg/L
Fish Tank 3,Fish Tanks,171,171,2025-07-17,afternoon,temperature,32.9,degC
Fish Tank 3,Fish Tanks,171,171,2025-07-17,morning,dissolved_oxygen,5.33,mg/L
Fish Tank 3,Fish Tanks,171,171,2025-07-17,morning,temperature,29.6,degC
Fish Tank 3,Fish Tanks,171,171,2025-07-18,afternoon,dissolved_oxygen,8.66,mg/L
Fish Tank 3,Fish Tanks,171,171,2025-07-18,afternoon,temperature,33.0,degC
Fish Tank 3,Fish Tanks,171,171,2025-07-18,morning,dissolved_oxygen,5.54,mg/L
Fish Tank 3,Fish Tanks,171,171,2025-07-18,morning,temperature,30.0,degC
Fish Tank 3,Fish Tanks,171,171,2025-07-21,afternoon,dissolved_oxygen,6.5,mg/L
Fish Tank 3,Fish Tanks,171,171,2025-07-21,afternoon,temperature,33.0,degC
Fish Tank 3,Fish Tanks,171,171,2025-07-21,morning,dissolved_oxygen,6.45,mg/L
Fish Tank 3,Fish Tanks,171,171,2025-07-21,morning,temperature,29.1,degC
Fish Tank 3,Fish Tanks,171,171,2025-07-22,afternoon,dissolved_oxygen,4.98,mg/L
Fish Tank 3,Fish Tanks,171,171,2025-07-22,afternoon,temperature,33.1,degC
Fish Tank 3,Fish Tanks,171,171,2025-07-23,afternoon,dissolved_oxygen,6.74,mg/L
Fish Tank 3,Fish Tanks,171,171,2025-07-23,afternoon,temperature,31.6,degC
Fish Tank 3,Fish Tanks,171,171,2025-07-23,morning,dissolved_oxygen,5.77,mg/L
Fish Tank 3,Fish Tanks,171,171,2025-07-23,morning,temperature,29.2,degC
Fish Tank 3,Fish Tanks,171,171,2025-07-24,afternoon,dissolved_oxygen,6.63,mg/L
Fish Tank 3,Fish Tanks,171,171,2025-07-24,afternoon,temperature,32.7,degC
Fish Tank 3,Fish Tanks,171,171,2025-07-24,morning,dissolved_oxygen,7.33,mg/L
Fish Tank 3,Fish Tanks,171,171,2025-07-24,morning,temperature,29.4,degC
Fish Tank 3,Fish Tanks,171,171,2025-07-25,afternoon,dissolved_oxygen,8.34,mg/L
Fish Tank 3,Fish Tanks,171,171,2025-07-25,afternoon,temperature,32.9,degC
Fish Tank 3,Fish Tanks,171,171,2025-07-28,afternoon,dissolved_oxygen,5.57,mg/L
Fish Tank 3,Fish Tanks,171,171,2025-07-28,afternoon,temperature,33.7,degC
Fish Tank 3,Fish Tanks,171,171,2025-07-28,morning,dissolved_oxygen,6.7,mg/L
Fish Tank 3,Fish Tanks,171,171,2025-07-28,morning,temperature,31.3,degC
Fish Tank 3,Fish Tanks,171,171,2025-07-29,afternoon,dissolved_oxygen,4.16,mg/L
Fish Tank 3,Fish Tanks,171,171,2025-07-29,afternoon,temperature,32.7,degC
Fish Tank 3,Fish Tanks,171,171,2025-07-29,morning,dissolved_oxygen,5.87,mg/L
Fish Tank 3,Fish Tanks,171,171,2025-07-29,morning,temperature,30.0,degC
Fish Tank 3,Fish Tanks,171,171,2025-07-30,afternoon,dissolved_oxygen,4.99,mg/L
Fish Tank 3,Fish Tanks,171,171,2025-07-30,afternoon,temperature,30.5,degC
Fish Tank 3,Fish Tanks,172,172,2025-07-01,afternoon,dissolved_oxygen,5.12,mg/L
Fish Tank 3,Fish Tanks,172,172,2025-07-01,afternoon,temperature,32.2,degC
Fish Tank 3,Fish Tanks,172,172,2025-07-01,morning,dissolved_oxygen,6.52,mg/L
Fish Tank 3,Fish Tanks,172,172,2025-07-01,morning,temperature,29.6,degC
Fish Tank 3,Fish Tanks,172,172,2025-07-02,afternoon,dissolved_oxygen,5.06,mg/L
Fish Tank 3,Fish Tanks,172,172,2025-07-02,afternoon,temperature,30.8,degC
Fish Tank 3,Fish Tanks,172,172,2025-07-02,morning,dissolved_oxygen,6.25,mg/L
Fish Tank 3,Fish Tanks,172,172,2025-07-02,morning,temperature,29.3,degC
Fish Tank 3,Fish Tanks,172,172,2025-07-03,morning,dissolved_oxygen,6.12,mg/L
Fish Tank 3,Fish Tanks,172,172,2025-07-03,morning,temperature,27.8,degC
Fish Tank 3,Fish Tanks,172,172,2025-07-04,afternoon,dissolved_oxygen,7.11,mg/L
Fish Tank 3,Fish Tanks,172,172,2025-07-04,afternoon,temperature,31.5,degC
Fish Tank 3,Fish Tanks,172,172,2025-07-04,morning,dissolved_oxygen,5.95,mg/L
Fish Tank 3,Fish Tanks,172,172,2025-07-04,morning,temperature,28.7,degC
Fish Tank 3,Fish Tanks,172,172,2025-07-08,afternoon,dissolved_oxygen,5.86,mg/L
Fish Tank 3,Fish Tanks,172,172,2025-07-08,afternoon,temperature,30.8,degC
Fish Tank 3,Fish Tanks,172,172,2025-07-10,afternoon,dissolved_oxygen,6.36,mg/L
Fish Tank 3,Fish Tanks,172,172,2025-07-10,afternoon,temperature,30.0,degC
Fish Tank 3,Fish Tanks,172,172,2025-07-10,morning,dissolved_oxygen,5.96,mg/L
Fish Tank 3,Fish Tanks,172,172,2025-07-10,morning,temperature,29.2,degC
Fish Tank 3,Fish Tanks,172,172,2025-07-11,afternoon,dissolved_oxygen,6.45,mg/L
Fish Tank 3,Fish Tanks,172,172,2025-07-11,afternoon,temperature,31.7,degC
Fish Tank 3,Fish Tanks,172,172,2025-07-11,morning,dissolved_oxygen,6.25,mg/L
Fish Tank 3,Fish Tanks,172,172,2025-07-11,morning,temperature,28.1,degC
Fish Tank 3,Fish Tanks,172,172,2025-07-15,afternoon,dissolved_oxygen,5.08,mg/L
Fish Tank 3,Fish Tanks,172,172,2025-07-15,afternoon,temperature,32.6,degC
Fish Tank 3,Fish Tanks,172,172,2025-07-15,morning,dissolved_oxygen,5.4,mg/L
Fish Tank 3,Fish Tanks,172,172,2025-07-15,morning,temperature,29.3,degC
Fish Tank 3,Fish Tanks,172,172,2025-07-16,afternoon,dissolved_oxygen,4.82,mg/L
Fish Tank 3,Fish Tanks,172,172,2025-07-16,afternoon,temperature,32.3,degC
Fish Tank 3,Fish Tanks,172,172,2025-07-17,afternoon,dissolved_oxygen,4.25,mg/L
Fish Tank 3,Fish Tanks,172,172,2025-07-17,afternoon,temperature,33.0,degC
Fish Tank 3,Fish Tanks,172,172,2025-07-17,morning,dissolved_oxygen,5.14,mg/L
Fish Tank 3,Fish Tanks,172,172,2025-07-17,morning,temperature,29.5,degC
Fish Tank 3,Fish Tanks,172,172,2025-07-18,afternoon,dissolved_oxygen,5.7,mg/L
Fish Tank 3,Fish Tanks,172,172,2025-07-18,afternoon,temperature,33.0,degC
Fish Tank 3,Fish Tanks,172,172,2025-07-18,morning,dissolved_oxygen,5.08,mg/L
Fish Tank 3,Fish Tanks,172,172,2025-07-18,morning,temperature,29.9,degC
Fish Tank 3,Fish Tanks,172,172,2025-07-21,afternoon,dissolved_oxygen,6.37,mg/L
Fish Tank 3,Fish Tanks,172,172,2025-07-21,afternoon,temperature,32.7,degC
Fish Tank 3,Fish Tanks,172,172,2025-07-21,morning,dissolved_oxygen,6.46,mg/L
Fish Tank 3,Fish Tanks,172,172,2025-07-21,morning,temperature,29.1,degC
Fish Tank 3,Fish Tanks,172,172,2025-07-22,afternoon,dissolved_oxygen,5.17,mg/L
Fish Tank 3,Fish Tanks,172,172,2025-07-22,afternoon,temperature,33.2,degC
Fish Tank 3,Fish Tanks,172,172,2025-07-23,afternoon,dissolved_oxygen,5.5,mg/L
Fish Tank 3,Fish Tanks,172,172,2025-07-23,afternoon,temperature,32.1,degC
Fish Tank 3,Fish Tanks,172,172,2025-07-23,morning,dissolved_oxygen,5.18,mg/L
Fish Tank 3,Fish Tanks,172,172,2025-07-23,morning,temperature,29.2,degC
Fish Tank 3,Fish Tanks,172,172,2025-07-24,afternoon,dissolved_oxygen,6.63,mg/L
Fish Tank 3,Fish Tanks,172,172,2025-07-24,afternoon,temperature,32.7,degC
Fish Tank 3,Fish Tanks,172,172,2025-07-24,morning,dissolved_oxygen,7.07,mg/L
Fish Tank 3,Fish Tanks,172,172,2025-07-24,morning,temperature,29.3,degC
Fish Tank 3,Fish Tanks,172,172,2025-07-25,afternoon,dissolved_oxygen,8.93,mg/L
Fish Tank 3,Fish Tanks,172,172,2025-07-25,afternoon,temperature,32.8,degC
Fish Tank 3,Fish Tanks,172,172,2025-07-28,afternoon,dissolved_oxygen,5.3,mg/L
Fish Tank 3,Fish Tanks,172,172,2025-07-28,afternoon,temperature,33.9,degC
Fish Tank 3,Fish Tanks,172,172,2025-07-28,morning,dissolved_oxygen,6.6,mg/L
Fish Tank 3,Fish Tanks,172,172,2025-07-28,morning,temperature,31.2,degC
Fish Tank 3,Fish Tanks,172,172,2025-07-29,afternoon,dissolved_oxygen,4.57,mg/L
Fish Tank 3,Fish Tanks,172,172,2025-07-29,afternoon,temperature,32.8,degC
Fish Tank 3,Fish Tanks,172,172,2025-07-29,morning,dissolved_oxygen,5.64,mg/L
Fish Tank 3,Fish Tanks,172,172,2025-07-29,morning,temperature,30.1,degC
Fish Tank 3,Fish Tanks,172,172,2025-07-30,afternoon,dissolved_oxygen,4.83,mg/L
Fish Tank 3,Fish Tanks,172,172,2025-07-30,afternoon,temperature,30.5,degC
Fish Tank 3,Fish Tanks,173,173,2025-07-01,afternoon,dissolved_oxygen,4.91,mg/L
Fish Tank 3,Fish Tanks,173,173,2025-07-01,afternoon,temperature,32.2,degC
Fish Tank 3,Fish Tanks,173,173,2025-07-01,morning,dissolved_oxygen,6.46,mg/L
Fish Tank 3,Fish Tanks,173,173,2025-07-01,morning,temperature,29.6,degC
Fish Tank 3,Fish Tanks,173,173,2025-07-02,afternoon,dissolved_oxygen,4.64,mg/L
Fish Tank 3,Fish Tanks,173,173,2025-07-02,afternoon,temperature,30.9,degC
Fish Tank 3,Fish Tanks,173,173,2025-07-02,morning,dissolved_oxygen,6.13,mg/L
Fish Tank 3,Fish Tanks,173,173,2025-07-02,morning,temperature,29.1,degC
Fish Tank 3,Fish Tanks,173,173,2025-07-03,morning,dissolved_oxygen,5.91,mg/L
Fish Tank 3,Fish Tanks,173,173,2025-07-03,morning,temperature,27.9,degC
Fish Tank 3,Fish Tanks,173,173,2025-07-04,afternoon,dissolved_oxygen,6.1,mg/L
Fish Tank 3,Fish Tanks,173,173,2025-07-04,afternoon,temperature,31.6,degC
Fish Tank 3,Fish Tanks,173,173,2025-07-04,morning,dissolved_oxygen,5.91,mg/L
Fish Tank 3,Fish Tanks,173,173,2025-07-04,morning,temperature,28.7,degC
Fish Tank 3,Fish Tanks,173,173,2025-07-08,afternoon,dissolved_oxygen,5.28,mg/L
Fish Tank 3,Fish Tanks,173,173,2025-07-08,afternoon,temperature,30.9,degC
Fish Tank 3,Fish Tanks,173,173,2025-07-10,afternoon,dissolved_oxygen,5.83,mg/L
Fish Tank 3,Fish Tanks,173,173,2025-07-10,afternoon,temperature,30.1,degC
Fish Tank 3,Fish Tanks,173,173,2025-07-10,morning,dissolved_oxygen,5.87,mg/L
Fish Tank 3,Fish Tanks,173,173,2025-07-10,morning,temperature,29.2,degC
Fish Tank 3,Fish Tanks,173,173,2025-07-11,afternoon,dissolved_oxygen,5.88,mg/L
Fish Tank 3,Fish Tanks,173,173,2025-07-11,afternoon,temperature,31.7,degC
Fish Tank 3,Fish Tanks,173,173,2025-07-11,morning,dissolved_oxygen,5.96,mg/L
Fish Tank 3,Fish Tanks,173,173,2025-07-11,morning,temperature,28.2,degC
Fish Tank 3,Fish Tanks,173,173,2025-07-15,afternoon,dissolved_oxygen,5.49,mg/L
Fish Tank 3,Fish Tanks,173,173,2025-07-15,afternoon,temperature,32.6,degC
Fish Tank 3,Fish Tanks,173,173,2025-07-15,morning,dissolved_oxygen,5.47,mg/L
Fish Tank 3,Fish Tanks,173,173,2025-07-15,morning,temperature,29.3,degC
Fish Tank 3,Fish Tanks,173,173,2025-07-16,afternoon,dissolved_oxygen,4.35,mg/L
Fish Tank 3,Fish Tanks,173,173,2025-07-16,afternoon,temperature,32.4,degC
Fish Tank 3,Fish Tanks,173,173,2025-07-17,afternoon,dissolved_oxygen,3.67,mg/L
Fish Tank 3,Fish Tanks,173,173,2025-07-17,afternoon,temperature,33.0,degC
Fish Tank 3,Fish Tanks,173,173,2025-07-17,morning,dissolved_oxygen,4.73,mg/L
Fish Tank 3,Fish Tanks,173,173,2025-07-17,morning,temperature,29.6,degC
Fish Tank 3,Fish Tanks,173,173,2025-07-18,afternoon,dissolved_oxygen,5.3,mg/L
Fish Tank 3,Fish Tanks,173,173,2025-07-18,afternoon,temperature,33.0,degC
Fish Tank 3,Fish Tanks,173,173,2025-07-18,morning,dissolved_oxygen,4.75,mg/L
Fish Tank 3,Fish Tanks,173,173,2025-07-18,morning,temperature,30.0,degC
Fish Tank 3,Fish Tanks,173,173,2025-07-21,afternoon,dissolved_oxygen,6.44,mg/L
Fish Tank 3,Fish Tanks,173,173,2025-07-21,afternoon,temperature,32.9,degC
Fish Tank 3,Fish Tanks,173,173,2025-07-21,morning,dissolved_oxygen,6.37,mg/L
Fish Tank 3,Fish Tanks,173,173,2025-07-21,morning,temperature,29.1,degC
Fish Tank 3,Fish Tanks,173,173,2025-07-22,afternoon,dissolved_oxygen,4.68,mg/L
Fish Tank 3,Fish Tanks,173,173,2025-07-22,afternoon,temperature,33.1,degC
Fish Tank 3,Fish Tanks,173,173,2025-07-23,afternoon,dissolved_oxygen,5.47,mg/L
Fish Tank 3,Fish Tanks,173,173,2025-07-23,afternoon,temperature,32.1,degC
Fish Tank 3,Fish Tanks,173,173,2025-07-23,morning,dissolved_oxygen,5.38,mg/L
Fish Tank 3,Fish Tanks,173,173,2025-07-23,morning,temperature,29.1,degC
Fish Tank 3,Fish Tanks,173,173,2025-07-24,afternoon,dissolved_oxygen,5.64,mg/L
Fish Tank 3,Fish Tanks,173,173,2025-07-24,afternoon,temperature,32.8,degC
Fish Tank 3,Fish Tanks,173,173,2025-07-24,morning,dissolved_oxygen,6.19,mg/L
Fish Tank 3,Fish Tanks,173,173,2025-07-24,morning,temperature,29.3,degC
Fish Tank 3,Fish Tanks,173,173,2025-07-25,afternoon,dissolved_oxygen,8.91,mg/L
Fish Tank 3,Fish Tanks,173,173,2025-07-25,afternoon,temperature,32.9,degC
Fish Tank 3,Fish Tanks,173,173,2025-07-28,afternoon,dissolved_oxygen,5.16,mg/L
Fish Tank 3,Fish Tanks,173,173,2025-07-28,afternoon,temperature,33.7,degC
Fish Tank 3,Fish Tanks,173,173,2025-07-28,morning,dissolved_oxygen,6.42,mg/L
Fish Tank 3,Fish Tanks,173,173,2025-07-28,morning,temperature,31.1,degC
Fish Tank 3,Fish Tanks,173,173,2025-07-29,afternoon,dissolved_oxygen,3.91,mg/L
Fish Tank 3,Fish Tanks,173,173,2025-07-29,afternoon,temperature,32.8,degC
Fish Tank 3,Fish Tanks,173,173,2025-07-29,morning,dissolved_oxygen,5.32,mg/L
Fish Tank 3,Fish Tanks,173,173,2025-07-29,morning,temperature,30.0,degC
Fish Tank 3,Fish Tanks,173,173,2025-07-30,afternoon,dissolved_oxygen,4.82,mg/L
Fish Tank 3,Fish Tanks,173,173,2025-07-30,afternoon,temperature,30.5,degC
Fish Tank 3,Fish Tanks,174,174,2025-07-01,afternoon,dissolved_oxygen,4.81,mg/L
Fish Tank 3,Fish Tanks,174,174,2025-07-01,afternoon,temperature,32.3,degC
Fish Tank 3,Fish Tanks,174,174,2025-07-01,morning,dissolved_oxygen,6.4,mg/L
Fish Tank 3,Fish Tanks,174,174,2025-07-01,morning,temperature,29.6,degC
Fish Tank 3,Fish Tanks,174,174,2025-07-02,afternoon,dissolved_oxygen,4.51,mg/L
Fish Tank 3,Fish Tanks,174,174,2025-07-02,afternoon,temperature,31.0,degC
Fish Tank 3,Fish Tanks,174,174,2025-07-02,morning,dissolved_oxygen,6.45,mg/L
Fish Tank 3,Fish Tanks,174,174,2025-07-02,morning,temperature,28.8,degC
Fish Tank 3,Fish Tanks,174,174,2025-07-03,morning,dissolved_oxygen,5.81,mg/L
Fish Tank 3,Fish Tanks,174,174,2025-07-03,morning,temperature,27.9,degC
Fish Tank 3,Fish Tanks,174,174,2025-07-04,afternoon,dissolved_oxygen,6.71,mg/L
Fish Tank 3,Fish Tanks,174,174,2025-07-04,afternoon,temperature,31.6,degC
Fish Tank 3,Fish Tanks,174,174,2025-07-04,morning,dissolved_oxygen,5.66,mg/L
Fish Tank 3,Fish Tanks,174,174,2025-07-04,morning,temperature,28.8,degC
Fish Tank 3,Fish Tanks,174,174,2025-07-08,afternoon,dissolved_oxygen,5.25,mg/L
Fish Tank 3,Fish Tanks,174,174,2025-07-08,afternoon,temperature,31.0,degC
Fish Tank 3,Fish Tanks,174,174,2025-07-10,afternoon,dissolved_oxygen,7.04,mg/L
Fish Tank 3,Fish Tanks,174,174,2025-07-10,afternoon,temperature,30.1,degC
Fish Tank 3,Fish Tanks,174,174,2025-07-10,morning,dissolved_oxygen,6.28,mg/L
Fish Tank 3,Fish Tanks,174,174,2025-07-10,morning,temperature,29.2,degC
Fish Tank 3,Fish Tanks,174,174,2025-07-11,afternoon,dissolved_oxygen,6.39,mg/L
Fish Tank 3,Fish Tanks,174,174,2025-07-11,afternoon,temperature,31.8,degC
Fish Tank 3,Fish Tanks,174,174,2025-07-11,morning,dissolved_oxygen,6.02,mg/L
Fish Tank 3,Fish Tanks,174,174,2025-07-11,morning,temperature,28.2,degC
Fish Tank 3,Fish Tanks,174,174,2025-07-15,afternoon,dissolved_oxygen,5.25,mg/L
Fish Tank 3,Fish Tanks,174,174,2025-07-15,afternoon,temperature,32.7,degC
Fish Tank 3,Fish Tanks,174,174,2025-07-15,morning,dissolved_oxygen,5.56,mg/L
Fish Tank 3,Fish Tanks,174,174,2025-07-15,morning,temperature,29.3,degC
Fish Tank 3,Fish Tanks,174,174,2025-07-16,afternoon,dissolved_oxygen,4.18,mg/L
Fish Tank 3,Fish Tanks,174,174,2025-07-16,afternoon,temperature,32.4,degC
Fish Tank 3,Fish Tanks,174,174,2025-07-17,afternoon,dissolved_oxygen,3.66,mg/L
Fish Tank 3,Fish Tanks,174,174,2025-07-17,afternoon,temperature,33.0,degC
Fish Tank 3,Fish Tanks,174,174,2025-07-17,morning,dissolved_oxygen,5.15,mg/L
Fish Tank 3,Fish Tanks,174,174,2025-07-17,morning,temperature,29.6,degC
Fish Tank 3,Fish Tanks,174,174,2025-07-18,afternoon,dissolved_oxygen,5.09,mg/L
Fish Tank 3,Fish Tanks,174,174,2025-07-18,afternoon,temperature,33.0,degC
Fish Tank 3,Fish Tanks,174,174,2025-07-18,morning,dissolved_oxygen,4.88,mg/L
Fish Tank 3,Fish Tanks,174,174,2025-07-18,morning,temperature,30.1,degC
Fish Tank 3,Fish Tanks,174,174,2025-07-21,afternoon,dissolved_oxygen,6.31,mg/L
Fish Tank 3,Fish Tanks,174,174,2025-07-21,afternoon,temperature,32.7,degC
Fish Tank 3,Fish Tanks,174,174,2025-07-21,morning,dissolved_oxygen,6.1,mg/L
Fish Tank 3,Fish Tanks,174,174,2025-07-21,morning,temperature,29.2,degC
Fish Tank 3,Fish Tanks,174,174,2025-07-22,afternoon,dissolved_oxygen,4.46,mg/L
Fish Tank 3,Fish Tanks,174,174,2025-07-22,afternoon,temperature,33.2,degC
Fish Tank 3,Fish Tanks,174,174,2025-07-23,afternoon,dissolved_oxygen,4.9,mg/L
Fish Tank 3,Fish Tanks,174,174,2025-07-23,afternoon,temperature,32.1,degC
Fish Tank 3,Fish Tanks,174,174,2025-07-23,morning,dissolved_oxygen,4.8,mg/L
Fish Tank 3,Fish Tanks,174,174,2025-07-23,morning,temperature,29.2,degC
Fish Tank 3,Fish Tanks,174,174,2025-07-24,afternoon,dissolved_oxygen,6.26,mg/L
Fish Tank 3,Fish Tanks,174,174,2025-07-24,afternoon,temperature,32.8,degC
Fish Tank 3,Fish Tanks,174,174,2025-07-24,morning,dissolved_oxygen,6.37,mg/L
Fish Tank 3,Fish Tanks,174,174,2025-07-24,morning,temperature,29.4,degC
Fish Tank 3,Fish Tanks,174,174,2025-07-25,afternoon,dissolved_oxygen,8.06,mg/L
Fish Tank 3,Fish Tanks,174,174,2025-07-25,afternoon,temperature,32.8,degC
Fish Tank 3,Fish Tanks,174,174,2025-07-28,afternoon,dissolved_oxygen,4.74,mg/L
Fish Tank 3,Fish Tanks,174,174,2025-07-28,afternoon,temperature,33.8,degC
Fish Tank 3,Fish Tanks,174,174,2025-07-28,morning,dissolved_oxygen,6.22,mg/L
Fish Tank 3,Fish Tanks,174,174,2025-07-28,morning,temperature,31.4,degC
Fish Tank 3,Fish Tanks,174,174,2025-07-29,afternoon,dissolved_oxygen,4.11,mg/L
Fish Tank 3,Fish Tanks,174,174,2025-07-29,afternoon,temperature,32.8,degC
Fish Tank 3,Fish Tanks,174,174,2025-07-29,morning,dissolved_oxygen,5.35,mg/L
Fish Tank 3,Fish Tanks,174,174,2025-07-29,morning,temperature,30.0,degC
Fish Tank 3,Fish Tanks,174,174,2025-07-30,afternoon,dissolved_oxygen,5.75,mg/L
Fish Tank 3,Fish Tanks,174,174,2025-07-30,afternoon,temperature,30.6,degC
Fish Tank 3,Fish Tanks,175,175,2025-07-01,afternoon,dissolved_oxygen,5.08,mg/L
Fish Tank 3,Fish Tanks,175,175,2025-07-01,afternoon,temperature,32.4,degC
Fish Tank 3,Fish Tanks,175,175,2025-07-01,morning,dissolved_oxygen,6.65,mg/L
Fish Tank 3,Fish Tanks,175,175,2025-07-01,morning,temperature,29.5,degC
Fish Tank 3,Fish Tanks,175,175,2025-07-02,afternoon,dissolved_oxygen,5.11,mg/L
Fish Tank 3,Fish Tanks,175,175,2025-07-02,afternoon,temperature,31.1,degC
Fish Tank 3,Fish Tanks,175,175,2025-07-02,morning,dissolved_oxygen,5.66,mg/L
Fish Tank 3,Fish Tanks,175,175,2025-07-02,morning,temperature,29.3,degC
Fish Tank 3,Fish Tanks,175,175,2025-07-03,morning,dissolved_oxygen,6.24,mg/L
Fish Tank 3,Fish Tanks,175,175,2025-07-03,morning,temperature,27.9,degC
Fish Tank 3,Fish Tanks,175,175,2025-07-04,afternoon,dissolved_oxygen,7.16,mg/L
Fish Tank 3,Fish Tanks,175,175,2025-07-04,afternoon,temperature,31.7,degC
Fish Tank 3,Fish Tanks,175,175,2025-07-04,morning,dissolved_oxygen,5.68,mg/L
Fish Tank 3,Fish Tanks,175,175,2025-07-04,morning,temperature,28.9,degC
Fish Tank 3,Fish Tanks,175,175,2025-07-08,afternoon,dissolved_oxygen,5.62,mg/L
Fish Tank 3,Fish Tanks,175,175,2025-07-08,afternoon,temperature,31.1,degC
Fish Tank 3,Fish Tanks,175,175,2025-07-10,afternoon,dissolved_oxygen,6.82,mg/L
Fish Tank 3,Fish Tanks,175,175,2025-07-10,afternoon,temperature,30.1,degC
Fish Tank 3,Fish Tanks,175,175,2025-07-10,morning,dissolved_oxygen,6.34,mg/L
Fish Tank 3,Fish Tanks,175,175,2025-07-10,morning,temperature,29.2,degC
Fish Tank 3,Fish Tanks,175,175,2025-07-11,afternoon,dissolved_oxygen,6.58,mg/L
Fish Tank 3,Fish Tanks,175,175,2025-07-11,afternoon,temperature,31.8,degC
Fish Tank 3,Fish Tanks,175,175,2025-07-11,morning,dissolved_oxygen,6.26,mg/L
Fish Tank 3,Fish Tanks,175,175,2025-07-11,morning,temperature,28.2,degC
Fish Tank 3,Fish Tanks,175,175,2025-07-15,afternoon,dissolved_oxygen,5.33,mg/L
Fish Tank 3,Fish Tanks,175,175,2025-07-15,afternoon,temperature,32.8,degC
Fish Tank 3,Fish Tanks,175,175,2025-07-15,morning,dissolved_oxygen,5.92,mg/L
Fish Tank 3,Fish Tanks,175,175,2025-07-15,morning,temperature,29.2,degC
Fish Tank 3,Fish Tanks,175,175,2025-07-16,afternoon,dissolved_oxygen,4.58,mg/L
Fish Tank 3,Fish Tanks,175,175,2025-07-16,afternoon,temperature,32.4,degC
Fish Tank 3,Fish Tanks,175,175,2025-07-17,afternoon,dissolved_oxygen,4.51,mg/L
Fish Tank 3,Fish Tanks,175,175,2025-07-17,afternoon,temperature,33.1,degC
Fish Tank 3,Fish Tanks,175,175,2025-07-17,morning,dissolved_oxygen,4.92,mg/L
Fish Tank 3,Fish Tanks,175,175,2025-07-17,morning,temperature,29.5,degC
Fish Tank 3,Fish Tanks,175,175,2025-07-18,afternoon,dissolved_oxygen,5.74,mg/L
Fish Tank 3,Fish Tanks,175,175,2025-07-18,afternoon,temperature,33.1,degC
Fish Tank 3,Fish Tanks,175,175,2025-07-18,morning,dissolved_oxygen,5.32,mg/L
Fish Tank 3,Fish Tanks,175,175,2025-07-18,morning,temperature,29.9,degC
Fish Tank 3,Fish Tanks,175,175,2025-07-21,afternoon,dissolved_oxygen,6.36,mg/L
Fish Tank 3,Fish Tanks,175,175,2025-07-21,afternoon,temperature,32.8,degC
Fish Tank 3,Fish Tanks,175,175,2025-07-21,morning,dissolved_oxygen,6.37,mg/L
Fish Tank 3,Fish Tanks,175,175,2025-07-21,morning,temperature,29.1,degC
Fish Tank 3,Fish Tanks,175,175,2025-07-22,afternoon,dissolved_oxygen,5.28,mg/L
Fish Tank 3,Fish Tanks,175,175,2025-07-22,afternoon,temperature,33.2,degC
Fish Tank 3,Fish Tanks,175,175,2025-07-23,afternoon,dissolved_oxygen,5.27,mg/L
Fish Tank 3,Fish Tanks,175,175,2025-07-23,afternoon,temperature,32.2,degC
Fish Tank 3,Fish Tanks,175,175,2025-07-23,morning,dissolved_oxygen,4.9,mg/L
Fish Tank 3,Fish Tanks,175,175,2025-07-23,morning,temperature,29.2,degC
Fish Tank 3,Fish Tanks,175,175,2025-07-24,afternoon,dissolved_oxygen,5.98,mg/L
Fish Tank 3,Fish Tanks,175,175,2025-07-24,afternoon,temperature,32.9,degC
Fish Tank 3,Fish Tanks,175,175,2025-07-24,morning,dissolved_oxygen,7.02,mg/L
Fish Tank 3,Fish Tanks,175,175,2025-07-24,morning,temperature,29.3,degC
Fish Tank 3,Fish Tanks,175,175,2025-07-25,afternoon,dissolved_oxygen,9.12,mg/L
Fish Tank 3,Fish Tanks,175,175,2025-07-25,afternoon,temperature,32.9,degC
Fish Tank 3,Fish Tanks,175,175,2025-07-28,afternoon,dissolved_oxygen,5.28,mg/L
Fish Tank 3,Fish Tanks,175,175,2025-07-28,afternoon,temperature,33.8,degC
Fish Tank 3,Fish Tanks,175,175,2025-07-28,morning,dissolved_oxygen,6.42,mg/L
Fish Tank 3,Fish Tanks,175,175,2025-07-28,morning,temperature,31.3,degC
Fish Tank 3,Fish Tanks,175,175,2025-07-29,afternoon,dissolved_oxygen,4.62,mg/L
Fish Tank 3,Fish Tanks,175,175,2025-07-29,afternoon,temperature,32.8,degC
Fish Tank 3,Fish Tanks,175,175,2025-07-29,morning,dissolved_oxygen,5.65,mg/L
Fish Tank 3,Fish Tanks,175,175,2025-07-29,morning,temperature,30.0,degC
Fish Tank 3,Fish Tanks,175,175,2025-07-30,afternoon,dissolved_oxygen,5.48,mg/L
Fish Tank 3,Fish Tanks,175,175,2025-07-30,afternoon,temperature,30.6,degC
Fish Tank 3,Fish Tanks,176,176,2025-07-01,afternoon,dissolved_oxygen,5.07,mg/L
Fish Tank 3,Fish Tanks,176,176,2025-07-01,afternoon,temperature,32.7,degC
Fish Tank 3,Fish Tanks,176,176,2025-07-01,morning,dissolved_oxygen,6.44,mg/L
Fish Tank 3,Fish Tanks,176,176,2025-07-01,morning,temperature,29.6,degC
Fish Tank 3,Fish Tanks,176,176,2025-07-02,afternoon,dissolved_oxygen,4.77,mg/L
Fish Tank 3,Fish Tanks,176,176,2025-07-02,afternoon,temperature,31.3,degC
Fish Tank 3,Fish Tanks,176,176,2025-07-02,morning,dissolved_oxygen,5.73,mg/L
Fish Tank 3,Fish Tanks,176,176,2025-07-02,morning,temperature,29.3,degC
Fish Tank 3,Fish Tanks,176,176,2025-07-03,morning,dissolved_oxygen,5.72,mg/L
Fish Tank 3,Fish Tanks,176,176,2025-07-03,morning,temperature,27.9,degC
Fish Tank 3,Fish Tanks,176,176,2025-07-04,afternoon,dissolved_oxygen,5.81,mg/L
Fish Tank 3,Fish Tanks,176,176,2025-07-04,afternoon,temperature,31.9,degC
Fish Tank 3,Fish Tanks,176,176,2025-07-04,morning,dissolved_oxygen,5.9,mg/L
Fish Tank 3,Fish Tanks,176,176,2025-07-04,morning,temperature,29.0,degC
Fish Tank 3,Fish Tanks,176,176,2025-07-08,afternoon,dissolved_oxygen,5.64,mg/L
Fish Tank 3,Fish Tanks,176,176,2025-07-08,afternoon,temperature,31.1,degC
Fish Tank 3,Fish Tanks,176,176,2025-07-10,afternoon,dissolved_oxygen,6.25,mg/L
Fish Tank 3,Fish Tanks,176,176,2025-07-10,afternoon,temperature,30.3,degC
Fish Tank 3,Fish Tanks,176,176,2025-07-10,morning,dissolved_oxygen,6.37,mg/L
Fish Tank 3,Fish Tanks,176,176,2025-07-10,morning,temperature,29.3,degC
Fish Tank 3,Fish Tanks,176,176,2025-07-11,afternoon,dissolved_oxygen,5.91,mg/L
Fish Tank 3,Fish Tanks,176,176,2025-07-11,afternoon,temperature,32.1,degC
Fish Tank 3,Fish Tanks,176,176,2025-07-11,morning,dissolved_oxygen,5.93,mg/L
Fish Tank 3,Fish Tanks,176,176,2025-07-11,morning,temperature,28.2,degC
Fish Tank 3,Fish Tanks,176,176,2025-07-15,afternoon,dissolved_oxygen,5.49,mg/L
Fish Tank 3,Fish Tanks,176,176,2025-07-15,afternoon,temperature,32.7,degC
Fish Tank 3,Fish Tanks,176,176,2025-07-15,morning,dissolved_oxygen,5.72,mg/L
Fish Tank 3,Fish Tanks,176,176,2025-07-15,morning,temperature,29.3,degC
Fish Tank 3,Fish Tanks,176,176,2025-07-16,afternoon,dissolved_oxygen,4.18,mg/L
Fish Tank 3,Fish Tanks,176,176,2025-07-16,afternoon,temperature,32.5,degC
Fish Tank 3,Fish Tanks,176,176,2025-07-17,afternoon,dissolved_oxygen,3.58,mg/L
Fish Tank 3,Fish Tanks,176,176,2025-07-17,afternoon,temperature,33.1,degC
Fish Tank 3,Fish Tanks,176,176,2025-07-17,morning,dissolved_oxygen,4.96,mg/L
Fish Tank 3,Fish Tanks,176,176,2025-07-17,morning,temperature,29.5,degC
Fish Tank 3,Fish Tanks,176,176,2025-07-18,afternoon,dissolved_oxygen,5.27,mg/L
Fish Tank 3,Fish Tanks,176,176,2025-07-18,afternoon,temperature,33.1,degC
Fish Tank 3,Fish Tanks,176,176,2025-07-18,morning,dissolved_oxygen,4.74,mg/L
Fish Tank 3,Fish Tanks,176,176,2025-07-18,morning,temperature,30.0,degC
Fish Tank 3,Fish Tanks,176,176,2025-07-21,afternoon,dissolved_oxygen,6.25,mg/L
Fish Tank 3,Fish Tanks,176,176,2025-07-21,afternoon,temperature,33.0,degC
Fish Tank 3,Fish Tanks,176,176,2025-07-21,morning,dissolved_oxygen,6.26,mg/L
Fish Tank 3,Fish Tanks,176,176,2025-07-21,morning,temperature,29.2,degC
Fish Tank 3,Fish Tanks,176,176,2025-07-22,afternoon,dissolved_oxygen,4.51,mg/L
Fish Tank 3,Fish Tanks,176,176,2025-07-22,afternoon,temperature,33.2,degC
Fish Tank 3,Fish Tanks,176,176,2025-07-23,afternoon,dissolved_oxygen,5.32,mg/L
Fish Tank 3,Fish Tanks,176,176,2025-07-23,afternoon,temperature,32.2,degC
Fish Tank 3,Fish Tanks,176,176,2025-07-23,morning,dissolved_oxygen,5.08,mg/L
Fish Tank 3,Fish Tanks,176,176,2025-07-23,morning,temperature,29.2,degC
Fish Tank 3,Fish Tanks,176,176,2025-07-24,afternoon,dissolved_oxygen,5.81,mg/L
Fish Tank 3,Fish Tanks,176,176,2025-07-24,afternoon,temperature,32.9,degC
Fish Tank 3,Fish Tanks,176,176,2025-07-24,morning,dissolved_oxygen,6.36,mg/L
Fish Tank 3,Fish Tanks,176,176,2025-07-24,morning,temperature,29.3,degC
Fish Tank 3,Fish Tanks,176,176,2025-07-25,afternoon,dissolved_oxygen,8.14,mg/L
Fish Tank 3,Fish Tanks,176,176,2025-07-25,afternoon,temperature,33.1,degC
Fish Tank 3,Fish Tanks,176,176,2025-07-28,afternoon,dissolved_oxygen,4.89,mg/L
Fish Tank 3,Fish Tanks,176,176,2025-07-28,afternoon,temperature,33.7,degC
Fish Tank 3,Fish Tanks,176,176,2025-07-28,morning,ammonia,9.4,mg/L
Fish Tank 3,Fish Tanks,176,176,2025-07-28,morning,dissolved_oxygen,5.85,mg/L
Fish Tank 3,Fish Tanks,176,176,2025-07-28,morning,ph,6.98,pH
Fish Tank 3,Fish Tanks,176,176,2025-07-28,morning,temperature,31.2,degC
Fish Tank 3,Fish Tanks,176,176,2025-07-29,afternoon,dissolved_oxygen,3.83,mg/L
Fish Tank 3,Fish Tanks,176,176,2025-07-29,afternoon,temperature,33.0,degC
Fish Tank 3,Fish Tanks,176,176,2025-07-29,morning,dissolved_oxygen,5.37,mg/L
Fish Tank 3,Fish Tanks,176,176,2025-07-29,morning,temperature,30.0,degC
Fish Tank 3,Fish Tanks,176,176,2025-07-30,afternoon,dissolved_oxygen,5.31,mg/L
Fish Tank 3,Fish Tanks,176,176,2025-07-30,afternoon,temperature,30.6,degC
Fish Tank 3,Fish Tanks,177,177,2025-07-01,afternoon,dissolved_oxygen,5.25,mg/L
Fish Tank 3,Fish Tanks,177,177,2025-07-01,afternoon,temperature,32.3,degC
Fish Tank 3,Fish Tanks,177,177,2025-07-01,morning,dissolved_oxygen,6.63,mg/L
Fish Tank 3,Fish Tanks,177,177,2025-07-01,morning,temperature,29.4,degC
Fish Tank 3,Fish Tanks,177,177,2025-07-02,afternoon,dissolved_oxygen,5.0,mg/L
Fish Tank 3,Fish Tanks,177,177,2025-07-02,afternoon,temperature,30.9,degC
Fish Tank 3,Fish Tanks,177,177,2025-07-02,morning,dissolved_oxygen,6.25,mg/L
Fish Tank 3,Fish Tanks,177,177,2025-07-02,morning,temperature,29.2,degC
Fish Tank 3,Fish Tanks,177,177,2025-07-03,morning,dissolved_oxygen,5.9,mg/L
Fish Tank 3,Fish Tanks,177,177,2025-07-03,morning,temperature,27.8,degC
Fish Tank 3,Fish Tanks,177,177,2025-07-04,afternoon,dissolved_oxygen,6.27,mg/L
Fish Tank 3,Fish Tanks,177,177,2025-07-04,afternoon,temperature,31.6,degC
Fish Tank 3,Fish Tanks,177,177,2025-07-04,morning,dissolved_oxygen,5.95,mg/L
Fish Tank 3,Fish Tanks,177,177,2025-07-04,morning,temperature,28.9,degC
Fish Tank 3,Fish Tanks,177,177,2025-07-08,afternoon,dissolved_oxygen,5.36,mg/L
Fish Tank 3,Fish Tanks,177,177,2025-07-08,afternoon,temperature,31.0,degC
Fish Tank 3,Fish Tanks,177,177,2025-07-10,afternoon,dissolved_oxygen,6.18,mg/L
Fish Tank 3,Fish Tanks,177,177,2025-07-10,afternoon,temperature,30.1,degC
Fish Tank 3,Fish Tanks,177,177,2025-07-10,morning,dissolved_oxygen,5.97,mg/L
Fish Tank 3,Fish Tanks,177,177,2025-07-10,morning,temperature,29.1,degC
Fish Tank 3,Fish Tanks,177,177,2025-07-11,afternoon,dissolved_oxygen,5.8,mg/L
Fish Tank 3,Fish Tanks,177,177,2025-07-11,afternoon,temperature,31.7,degC
Fish Tank 3,Fish Tanks,177,177,2025-07-11,morning,dissolved_oxygen,6.29,mg/L
Fish Tank 3,Fish Tanks,177,177,2025-07-11,morning,temperature,28.1,degC
Fish Tank 3,Fish Tanks,177,177,2025-07-15,afternoon,dissolved_oxygen,5.78,mg/L
Fish Tank 3,Fish Tanks,177,177,2025-07-15,afternoon,temperature,32.6,degC
Fish Tank 3,Fish Tanks,177,177,2025-07-15,morning,dissolved_oxygen,5.66,mg/L
Fish Tank 3,Fish Tanks,177,177,2025-07-15,morning,temperature,29.1,degC
Fish Tank 3,Fish Tanks,177,177,2025-07-16,afternoon,dissolved_oxygen,4.54,mg/L
Fish Tank 3,Fish Tanks,177,177,2025-07-16,afternoon,temperature,32.3,degC
Fish Tank 3,Fish Tanks,177,177,2025-07-17,afternoon,dissolved_oxygen,5.14,mg/L
Fish Tank 3,Fish Tanks,177,177,2025-07-17,afternoon,temperature,32.7,degC
Fish Tank 3,Fish Tanks,177,177,2025-07-17,morning,dissolved_oxygen,5.23,mg/L
Fish Tank 3,Fish Tanks,177,177,2025-07-17,morning,temperature,29.8,degC
Fish Tank 3,Fish Tanks,177,177,2025-07-18,afternoon,dissolved_oxygen,5.58,mg/L
Fish Tank 3,Fish Tanks,177,177,2025-07-18,afternoon,temperature,32.9,degC
Fish Tank 3,Fish Tanks,177,177,2025-07-18,morning,dissolved_oxygen,5.51,mg/L
Fish Tank 3,Fish Tanks,177,177,2025-07-18,morning,temperature,29.7,degC
Fish Tank 3,Fish Tanks,177,177,2025-07-21,afternoon,dissolved_oxygen,6.83,mg/L
Fish Tank 3,Fish Tanks,177,177,2025-07-21,afternoon,temperature,32.5,degC
Fish Tank 3,Fish Tanks,177,177,2025-07-21,morning,dissolved_oxygen,6.6,mg/L
Fish Tank 3,Fish Tanks,177,177,2025-07-21,morning,temperature,29.0,degC
Fish Tank 3,Fish Tanks,177,177,2025-07-22,afternoon,dissolved_oxygen,5.25,mg/L
Fish Tank 3,Fish Tanks,177,177,2025-07-22,afternoon,temperature,33.2,degC
Fish Tank 3,Fish Tanks,177,177,2025-07-23,afternoon,dissolved_oxygen,5.74,mg/L
Fish Tank 3,Fish Tanks,177,177,2025-07-23,afternoon,temperature,31.6,degC
Fish Tank 3,Fish Tanks,177,177,2025-07-23,morning,dissolved_oxygen,6.14,mg/L
Fish Tank 3,Fish Tanks,177,177,2025-07-23,morning,temperature,29.4,degC
Fish Tank 3,Fish Tanks,177,177,2025-07-24,afternoon,dissolved_oxygen,6.47,mg/L
Fish Tank 3,Fish Tanks,177,177,2025-07-24,afternoon,temperature,32.7,degC
Fish Tank 3,Fish Tanks,177,177,2025-07-24,morning,dissolved_oxygen,6.73,mg/L
Fish Tank 3,Fish Tanks,177,177,2025-07-24,morning,temperature,29.2,degC
Fish Tank 3,Fish Tanks,177,177,2025-07-25,afternoon,dissolved_oxygen,8.33,mg/L
Fish Tank 3,Fish Tanks,177,177,2025-07-25,afternoon,temperature,32.9,degC
Fish Tank 3,Fish Tanks,177,177,2025-07-28,afternoon,dissolved_oxygen,5.07,mg/L
Fish Tank 3,Fish Tanks,177,177,2025-07-28,afternoon,temperature,33.8,degC
Fish Tank 3,Fish Tanks,177,177,2025-07-28,morning,dissolved_oxygen,6.01,mg/L
Fish Tank 3,Fish Tanks,177,177,2025-07-28,morning,temperature,31.4,degC
Fish Tank 3,Fish Tanks,177,177,2025-07-29,afternoon,dissolved_oxygen,4.48,mg/L
Fish Tank 3,Fish Tanks,177,177,2025-07-29,afternoon,temperature,32.0,degC
Fish Tank 3,Fish Tanks,177,177,2025-07-29,morning,dissolved_oxygen,5.68,mg/L
Fish Tank 3,Fish Tanks,177,177,2025-07-29,morning,temperature,30.0,degC
Fish Tank 3,Fish Tanks,177,177,2025-07-30,afternoon,dissolved_oxygen,6.33,mg/L
Fish Tank 3,Fish Tanks,177,177,2025-07-30,afternoon,temperature,30.6,degC
Fish Tank 3,Fish Tanks,178,178,2025-07-01,afternoon,dissolved_oxygen,5.31,mg/L
Fish Tank 3,Fish Tanks,178,178,2025-07-01,afternoon,temperature,32.1,degC
Fish Tank 3,Fish Tanks,178,178,2025-07-01,morning,dissolved_oxygen,6.54,mg/L
Fish Tank 3,Fish Tanks,178,178,2025-07-01,morning,temperature,29.4,degC
Fish Tank 3,Fish Tanks,178,178,2025-07-02,afternoon,dissolved_oxygen,4.75,mg/L
Fish Tank 3,Fish Tanks,178,178,2025-07-02,afternoon,temperature,30.6,degC
Fish Tank 3,Fish Tanks,178,178,2025-07-02,morning,dissolved_oxygen,6.1,mg/L
Fish Tank 3,Fish Tanks,178,178,2025-07-02,morning,temperature,29.0,degC
Fish Tank 3,Fish Tanks,178,178,2025-07-03,morning,dissolved_oxygen,5.94,mg/L
Fish Tank 3,Fish Tanks,178,178,2025-07-03,morning,temperature,27.7,degC
Fish Tank 3,Fish Tanks,178,178,2025-07-04,afternoon,dissolved_oxygen,6.16,mg/L
Fish Tank 3,Fish Tanks,178,178,2025-07-04,afternoon,temperature,31.5,degC
Fish Tank 3,Fish Tanks,178,178,2025-07-04,morning,dissolved_oxygen,6.24,mg/L
Fish Tank 3,Fish Tanks,178,178,2025-07-04,morning,temperature,28.5,degC
Fish Tank 3,Fish Tanks,178,178,2025-07-08,afternoon,dissolved_oxygen,5.56,mg/L
Fish Tank 3,Fish Tanks,178,178,2025-07-08,afternoon,temperature,30.9,degC
Fish Tank 3,Fish Tanks,178,178,2025-07-10,afternoon,dissolved_oxygen,6.36,mg/L
Fish Tank 3,Fish Tanks,178,178,2025-07-10,afternoon,temperature,30.0,degC
Fish Tank 3,Fish Tanks,178,178,2025-07-10,morning,dissolved_oxygen,6.12,mg/L
Fish Tank 3,Fish Tanks,178,178,2025-07-10,morning,temperature,29.1,degC
Fish Tank 3,Fish Tanks,178,178,2025-07-11,afternoon,dissolved_oxygen,6.8,mg/L
Fish Tank 3,Fish Tanks,178,178,2025-07-11,afternoon,temperature,31.5,degC
Fish Tank 3,Fish Tanks,178,178,2025-07-11,morning,dissolved_oxygen,6.37,mg/L
Fish Tank 3,Fish Tanks,178,178,2025-07-11,morning,temperature,28.1,degC
Fish Tank 3,Fish Tanks,178,178,2025-07-15,afternoon,dissolved_oxygen,5.66,mg/L
Fish Tank 3,Fish Tanks,178,178,2025-07-15,afternoon,temperature,32.7,degC
Fish Tank 3,Fish Tanks,178,178,2025-07-15,morning,dissolved_oxygen,5.13,mg/L
Fish Tank 3,Fish Tanks,178,178,2025-07-15,morning,temperature,29.1,degC
Fish Tank 3,Fish Tanks,178,178,2025-07-16,afternoon,dissolved_oxygen,4.24,mg/L
Fish Tank 3,Fish Tanks,178,178,2025-07-16,afternoon,temperature,32.2,degC
Fish Tank 3,Fish Tanks,178,178,2025-07-17,afternoon,dissolved_oxygen,5.15,mg/L
Fish Tank 3,Fish Tanks,178,178,2025-07-17,afternoon,temperature,32.8,degC
Fish Tank 3,Fish Tanks,178,178,2025-07-17,morning,dissolved_oxygen,5.61,mg/L
Fish Tank 3,Fish Tanks,178,178,2025-07-17,morning,temperature,29.7,degC
Fish Tank 3,Fish Tanks,178,178,2025-07-18,afternoon,dissolved_oxygen,6.0,mg/L
Fish Tank 3,Fish Tanks,178,178,2025-07-18,afternoon,temperature,32.8,degC
Fish Tank 3,Fish Tanks,178,178,2025-07-18,morning,dissolved_oxygen,5.58,mg/L
Fish Tank 3,Fish Tanks,178,178,2025-07-18,morning,temperature,29.7,degC
Fish Tank 3,Fish Tanks,178,178,2025-07-21,afternoon,dissolved_oxygen,6.25,mg/L
Fish Tank 3,Fish Tanks,178,178,2025-07-21,afternoon,temperature,32.6,degC
Fish Tank 3,Fish Tanks,178,178,2025-07-21,morning,dissolved_oxygen,6.45,mg/L
Fish Tank 3,Fish Tanks,178,178,2025-07-21,morning,temperature,29.0,degC
Fish Tank 3,Fish Tanks,178,178,2025-07-22,afternoon,dissolved_oxygen,5.27,mg/L
Fish Tank 3,Fish Tanks,178,178,2025-07-22,afternoon,temperature,33.2,degC
Fish Tank 3,Fish Tanks,178,178,2025-07-23,afternoon,dissolved_oxygen,5.88,mg/L
Fish Tank 3,Fish Tanks,178,178,2025-07-23,afternoon,temperature,31.7,degC
Fish Tank 3,Fish Tanks,178,178,2025-07-23,morning,dissolved_oxygen,5.43,mg/L
Fish Tank 3,Fish Tanks,178,178,2025-07-23,morning,temperature,29.5,degC
Fish Tank 3,Fish Tanks,178,178,2025-07-24,afternoon,dissolved_oxygen,6.21,mg/L
Fish Tank 3,Fish Tanks,178,178,2025-07-24,afternoon,temperature,32.6,degC
Fish Tank 3,Fish Tanks,178,178,2025-07-24,morning,dissolved_oxygen,6.4,mg/L
Fish Tank 3,Fish Tanks,178,178,2025-07-24,morning,temperature,29.1,degC
Fish Tank 3,Fish Tanks,178,178,2025-07-25,afternoon,dissolved_oxygen,8.71,mg/L
Fish Tank 3,Fish Tanks,178,178,2025-07-25,afternoon,temperature,32.7,degC
Fish Tank 3,Fish Tanks,178,178,2025-07-28,afternoon,dissolved_oxygen,4.9,mg/L
Fish Tank 3,Fish Tanks,178,178,2025-07-28,afternoon,temperature,33.8,degC
Fish Tank 3,Fish Tanks,178,178,2025-07-28,morning,dissolved_oxygen,6.07,mg/L
Fish Tank 3,Fish Tanks,178,178,2025-07-28,morning,temperature,31.3,degC
Fish Tank 3,Fish Tanks,178,178,2025-07-29,afternoon,dissolved_oxygen,4.06,mg/L
Fish Tank 3,Fish Tanks,178,178,2025-07-29,afternoon,temperature,32.8,degC
Fish Tank 3,Fish Tanks,178,178,2025-07-29,morning,dissolved_oxygen,5.21,mg/L
Fish Tank 3,Fish Tanks,178,178,2025-07-29,morning,temperature,30.0,degC
Fish Tank 3,Fish Tanks,178,178,2025-07-30,afternoon,dissolved_oxygen,5.26,mg/L
Fish Tank 3,Fish Tanks,178,178,2025-07-30,afternoon,temperature,30.8,degC
Fish Tank 3,Fish Tanks,179,179,2025-07-01,afternoon,dissolved_oxygen,5.2,mg/L
Fish Tank 3,Fish Tanks,179,179,2025-07-01,afternoon,temperature,32.0,degC
Fish Tank 3,Fish Tanks,179,179,2025-07-01,morning,dissolved_oxygen,6.53,mg/L
Fish Tank 3,Fish Tanks,179,179,2025-07-01,morning,temperature,29.5,degC
Fish Tank 3,Fish Tanks,179,179,2025-07-02,afternoon,dissolved_oxygen,4.88,mg/L
Fish Tank 3,Fish Tanks,179,179,2025-07-02,afternoon,temperature,30.6,degC
Fish Tank 3,Fish Tanks,179,179,2025-07-02,morning,dissolved_oxygen,5.77,mg/L
Fish Tank 3,Fish Tanks,179,179,2025-07-02,morning,temperature,29.2,degC
Fish Tank 3,Fish Tanks,179,179,2025-07-03,morning,dissolved_oxygen,5.59,mg/L
Fish Tank 3,Fish Tanks,179,179,2025-07-03,morning,temperature,27.8,degC
Fish Tank 3,Fish Tanks,179,179,2025-07-04,afternoon,dissolved_oxygen,6.54,mg/L
Fish Tank 3,Fish Tanks,179,179,2025-07-04,afternoon,temperature,31.4,degC
Fish Tank 3,Fish Tanks,179,179,2025-07-04,morning,dissolved_oxygen,5.94,mg/L
Fish Tank 3,Fish Tanks,179,179,2025-07-04,morning,temperature,25.5,degC
Fish Tank 3,Fish Tanks,179,179,2025-07-08,afternoon,dissolved_oxygen,5.6,mg/L
Fish Tank 3,Fish Tanks,179,179,2025-07-08,afternoon,temperature,30.9,degC
Fish Tank 3,Fish Tanks,179,179,2025-07-10,afternoon,dissolved_oxygen,6.92,mg/L
Fish Tank 3,Fish Tanks,179,179,2025-07-10,afternoon,temperature,30.0,degC
Fish Tank 3,Fish Tanks,179,179,2025-07-10,morning,dissolved_oxygen,6.51,mg/L
Fish Tank 3,Fish Tanks,179,179,2025-07-10,morning,temperature,29.1,degC
Fish Tank 3,Fish Tanks,179,179,2025-07-11,afternoon,dissolved_oxygen,6.99,mg/L
Fish Tank 3,Fish Tanks,179,179,2025-07-11,afternoon,temperature,31.7,degC
Fish Tank 3,Fish Tanks,179,179,2025-07-11,morning,dissolved_oxygen,6.52,mg/L
Fish Tank 3,Fish Tanks,179,179,2025-07-11,morning,temperature,28.1,degC
Fish Tank 3,Fish Tanks,179,179,2025-07-15,afternoon,dissolved_oxygen,5.56,mg/L
Fish Tank 3,Fish Tanks,179,179,2025-07-15,afternoon,temperature,32.6,degC
Fish Tank 3,Fish Tanks,179,179,2025-07-15,morning,dissolved_oxygen,5.23,mg/L
Fish Tank 3,Fish Tanks,179,179,2025-07-15,morning,temperature,29.2,degC
Fish Tank 3,Fish Tanks,179,179,2025-07-16,afternoon,dissolved_oxygen,4.48,mg/L
Fish Tank 3,Fish Tanks,179,179,2025-07-16,afternoon,temperature,32.2,degC
Fish Tank 3,Fish Tanks,179,179,2025-07-17,afternoon,dissolved_oxygen,5.04,mg/L
Fish Tank 3,Fish Tanks,179,179,2025-07-17,afternoon,temperature,32.7,degC
Fish Tank 3,Fish Tanks,179,179,2025-07-17,morning,dissolved_oxygen,5.47,mg/L
Fish Tank 3,Fish Tanks,179,179,2025-07-17,morning,temperature,29.8,degC
Fish Tank 3,Fish Tanks,179,179,2025-07-18,afternoon,dissolved_oxygen,6.07,mg/L
Fish Tank 3,Fish Tanks,179,179,2025-07-18,afternoon,temperature,32.8,degC
Fish Tank 3,Fish Tanks,179,179,2025-07-18,morning,dissolved_oxygen,4.99,mg/L
Fish Tank 3,Fish Tanks,179,179,2025-07-18,morning,temperature,29.9,degC
Fish Tank 3,Fish Tanks,179,179,2025-07-21,afternoon,dissolved_oxygen,6.74,mg/L
Fish Tank 3,Fish Tanks,179,179,2025-07-21,afternoon,temperature,32.5,degC
Fish Tank 3,Fish Tanks,179,179,2025-07-21,morning,dissolved_oxygen,6.27,mg/L
Fish Tank 3,Fish Tanks,179,179,2025-07-21,morning,temperature,29.0,degC
Fish Tank 3,Fish Tanks,179,179,2025-07-22,afternoon,dissolved_oxygen,4.77,mg/L
Fish Tank 3,Fish Tanks,179,179,2025-07-22,afternoon,temperature,33.2,degC
Fish Tank 3,Fish Tanks,179,179,2025-07-23,afternoon,dissolved_oxygen,6.84,mg/L
Fish Tank 3,Fish Tanks,179,179,2025-07-23,afternoon,temperature,31.7,degC
Fish Tank 3,Fish Tanks,179,179,2025-07-23,morning,dissolved_oxygen,5.43,mg/L
Fish Tank 3,Fish Tanks,179,179,2025-07-23,morning,temperature,29.5,degC
Fish Tank 3,Fish Tanks,179,179,2025-07-24,afternoon,dissolved_oxygen,6.24,mg/L
Fish Tank 3,Fish Tanks,179,179,2025-07-24,afternoon,temperature,32.6,degC
Fish Tank 3,Fish Tanks,179,179,2025-07-24,morning,dissolved_oxygen,6.0,mg/L
Fish Tank 3,Fish Tanks,179,179,2025-07-24,morning,temperature,29.3,degC
Fish Tank 3,Fish Tanks,179,179,2025-07-25,afternoon,dissolved_oxygen,8.74,mg/L
Fish Tank 3,Fish Tanks,179,179,2025-07-25,afternoon,temperature,32.7,degC
Fish Tank 3,Fish Tanks,179,179,2025-07-28,afternoon,dissolved_oxygen,4.67,mg/L
Fish Tank 3,Fish Tanks,179,179,2025-07-28,afternoon,temperature,33.8,degC
Fish Tank 3,Fish Tanks,179,179,2025-07-28,morning,dissolved_oxygen,5.9,mg/L
Fish Tank 3,Fish Tanks,179,179,2025-07-28,morning,temperature,31.3,degC
Fish Tank 3,Fish Tanks,179,179,2025-07-29,afternoon,dissolved_oxygen,3.9,mg/L
Fish Tank 3,Fish Tanks,179,179,2025-07-29,afternoon,temperature,32.9,degC
Fish Tank 3,Fish Tanks,179,179,2025-07-29,morning,dissolved_oxygen,5.29,mg/L
Fish Tank 3,Fish Tanks,179,179,2025-07-29,morning,temperature,30.1,degC
Fish Tank 3,Fish Tanks,179,179,2025-07-30,afternoon,dissolved_oxygen,5.42,mg/L
Fish Tank 3,Fish Tanks,179,179,2025-07-30,afternoon,temperature,30.4,degC
Fish Tank 3,Fish Tanks,180,180,2025-07-01,afternoon,dissolved_oxygen,5.85,mg/L
Fish Tank 3,Fish Tanks,180,180,2025-07-01,afternoon,temperature,32.8,degC
Fish Tank 3,Fish Tanks,180,180,2025-07-01,morning,dissolved_oxygen,6.1,mg/L
Fish Tank 3,Fish Tanks,180,180,2025-07-01,morning,temperature,29.2,degC
Fish Tank 3,Fish Tanks,180,180,2025-07-02,afternoon,dissolved_oxygen,4.77,mg/L
Fish Tank 3,Fish Tanks,180,180,2025-07-02,afternoon,temperature,30.6,degC
Fish Tank 3,Fish Tanks,180,180,2025-07-02,morning,dissolved_oxygen,6.28,mg/L
Fish Tank 3,Fish Tanks,180,180,2025-07-02,morning,temperature,29.3,degC
Fish Tank 3,Fish Tanks,180,180,2025-07-03,morning,dissolved_oxygen,5.82,mg/L
Fish Tank 3,Fish Tanks,180,180,2025-07-03,morning,temperature,27.8,degC
Fish Tank 3,Fish Tanks,180,180,2025-07-04,afternoon,dissolved_oxygen,6.01,mg/L
Fish Tank 3,Fish Tanks,180,180,2025-07-04,afternoon,temperature,31.4,degC
Fish Tank 3,Fish Tanks,180,180,2025-07-04,morning,dissolved_oxygen,5.54,mg/L
Fish Tank 3,Fish Tanks,180,180,2025-07-04,morning,temperature,28.5,degC
Fish Tank 3,Fish Tanks,180,180,2025-07-08,afternoon,dissolved_oxygen,5.59,mg/L
Fish Tank 3,Fish Tanks,180,180,2025-07-08,afternoon,temperature,31.0,degC
Fish Tank 3,Fish Tanks,180,180,2025-07-10,afternoon,dissolved_oxygen,6.95,mg/L
Fish Tank 3,Fish Tanks,180,180,2025-07-10,afternoon,temperature,30.0,degC
Fish Tank 3,Fish Tanks,180,180,2025-07-10,morning,dissolved_oxygen,6.46,mg/L
Fish Tank 3,Fish Tanks,180,180,2025-07-10,morning,temperature,29.1,degC
Fish Tank 3,Fish Tanks,180,180,2025-07-11,afternoon,dissolved_oxygen,6.72,mg/L
Fish Tank 3,Fish Tanks,180,180,2025-07-11,afternoon,temperature,31.6,degC
Fish Tank 3,Fish Tanks,180,180,2025-07-11,morning,dissolved_oxygen,6.06,mg/L
Fish Tank 3,Fish Tanks,180,180,2025-07-11,morning,temperature,28.1,degC
Fish Tank 3,Fish Tanks,180,180,2025-07-15,afternoon,dissolved_oxygen,5.39,mg/L
Fish Tank 3,Fish Tanks,180,180,2025-07-15,afternoon,temperature,32.6,degC
Fish Tank 3,Fish Tanks,180,180,2025-07-15,morning,dissolved_oxygen,4.97,mg/L
Fish Tank 3,Fish Tanks,180,180,2025-07-15,morning,temperature,29.1,degC
Fish Tank 3,Fish Tanks,180,180,2025-07-16,afternoon,dissolved_oxygen,4.54,mg/L
Fish Tank 3,Fish Tanks,180,180,2025-07-16,afternoon,temperature,32.3,degC
Fish Tank 3,Fish Tanks,180,180,2025-07-17,afternoon,dissolved_oxygen,4.59,mg/L
Fish Tank 3,Fish Tanks,180,180,2025-07-17,afternoon,temperature,32.9,degC
Fish Tank 3,Fish Tanks,180,180,2025-07-17,morning,dissolved_oxygen,5.41,mg/L
Fish Tank 3,Fish Tanks,180,180,2025-07-17,morning,temperature,29.8,degC
Fish Tank 3,Fish Tanks,180,180,2025-07-18,afternoon,dissolved_oxygen,6.13,mg/L
Fish Tank 3,Fish Tanks,180,180,2025-07-18,afternoon,temperature,33.0,degC
Fish Tank 3,Fish Tanks,180,180,2025-07-18,morning,dissolved_oxygen,5.33,mg/L
Fish Tank 3,Fish Tanks,180,180,2025-07-18,morning,temperature,29.8,degC
Fish Tank 3,Fish Tanks,180,180,2025-07-21,afternoon,dissolved_oxygen,6.17,mg/L
Fish Tank 3,Fish Tanks,180,180,2025-07-21,afternoon,temperature,32.7,degC
Fish Tank 3,Fish Tanks,180,180,2025-07-21,morning,dissolved_oxygen,6.04,mg/L
Fish Tank 3,Fish Tanks,180,180,2025-07-21,morning,temperature,29.0,degC
Fish Tank 3,Fish Tanks,180,180,2025-07-22,afternoon,dissolved_oxygen,4.95,mg/L
Fish Tank 3,Fish Tanks,180,180,2025-07-22,afternoon,temperature,33.2,degC
Fish Tank 3,Fish Tanks,180,180,2025-07-23,afternoon,dissolved_oxygen,5.64,mg/L
Fish Tank 3,Fish Tanks,180,180,2025-07-23,afternoon,temperature,32.4,degC
Fish Tank 3,Fish Tanks,180,180,2025-07-23,morning,dissolved_oxygen,5.79,mg/L
Fish Tank 3,Fish Tanks,180,180,2025-07-23,morning,temperature,29.4,degC
Fish Tank 3,Fish Tanks,180,180,2025-07-24,afternoon,dissolved_oxygen,5.77,mg/L
Fish Tank 3,Fish Tanks,180,180,2025-07-24,afternoon,temperature,32.8,degC
Fish Tank 3,Fish Tanks,180,180,2025-07-24,morning,dissolved_oxygen,6.33,mg/L
Fish Tank 3,Fish Tanks,180,180,2025-07-24,morning,temperature,29.3,degC
Fish Tank 3,Fish Tanks,180,180,2025-07-25,afternoon,dissolved_oxygen,9.11,mg/L
Fish Tank 3,Fish Tanks,180,180,2025-07-25,afternoon,temperature,32.8,degC
Fish Tank 3,Fish Tanks,180,180,2025-07-28,afternoon,dissolved_oxygen,4.67,mg/L
Fish Tank 3,Fish Tanks,180,180,2025-07-28,afternoon,temperature,33.8,degC
Fish Tank 3,Fish Tanks,180,180,2025-07-28,morning,dissolved_oxygen,6.44,mg/L
Fish Tank 3,Fish Tanks,180,180,2025-07-28,morning,temperature,31.3,degC
Fish Tank 3,Fish Tanks,180,180,2025-07-29,afternoon,dissolved_oxygen,4.15,mg/L
Fish Tank 3,Fish Tanks,180,180,2025-07-29,afternoon,temperature,32.9,degC
Fish Tank 3,Fish Tanks,180,180,2025-07-29,morning,dissolved_oxygen,5.73,mg/L
Fish Tank 3,Fish Tanks,180,180,2025-07-29,morning,temperature,30.0,degC
Fish Tank 3,Fish Tanks,180,180,2025-07-30,afternoon,dissolved_oxygen,6.09,mg/L
Fish Tank 3,Fish Tanks,180,180,2025-07-30,afternoon,temperature,30.6,degC
Fish Tank 3,Fish Tanks,181,181,2025-07-01,afternoon,dissolved_oxygen,6.08,mg/L
Fish Tank 3,Fish Tanks,181,181,2025-07-01,afternoon,temperature,33.0,degC
Fish Tank 3,Fish Tanks,181,181,2025-07-01,morning,dissolved_oxygen,6.61,mg/L
Fish Tank 3,Fish Tanks,181,181,2025-07-01,morning,temperature,29.2,degC
Fish Tank 3,Fish Tanks,181,181,2025-07-02,afternoon,dissolved_oxygen,5.11,mg/L
Fish Tank 3,Fish Tanks,181,181,2025-07-02,afternoon,temperature,30.7,degC
Fish Tank 3,Fish Tanks,181,181,2025-07-02,morning,dissolved_oxygen,6.11,mg/L
Fish Tank 3,Fish Tanks,181,181,2025-07-02,morning,temperature,29.3,degC
Fish Tank 3,Fish Tanks,181,181,2025-07-03,morning,dissolved_oxygen,5.84,mg/L
Fish Tank 3,Fish Tanks,181,181,2025-07-03,morning,temperature,27.8,degC
Fish Tank 3,Fish Tanks,181,181,2025-07-04,afternoon,dissolved_oxygen,6.25,mg/L
Fish Tank 3,Fish Tanks,181,181,2025-07-04,afternoon,temperature,31.6,degC
Fish Tank 3,Fish Tanks,181,181,2025-07-04,morning,dissolved_oxygen,5.96,mg/L
Fish Tank 3,Fish Tanks,181,181,2025-07-04,morning,temperature,28.5,degC
Fish Tank 3,Fish Tanks,181,181,2025-07-08,afternoon,dissolved_oxygen,5.65,mg/L
Fish Tank 3,Fish Tanks,181,181,2025-07-08,afternoon,temperature,30.9,degC
Fish Tank 3,Fish Tanks,181,181,2025-07-10,afternoon,dissolved_oxygen,6.1,mg/L
Fish Tank 3,Fish Tanks,181,181,2025-07-10,afternoon,temperature,30.1,degC
Fish Tank 3,Fish Tanks,181,181,2025-07-10,morning,dissolved_oxygen,6.011,mg/L
Fish Tank 3,Fish Tanks,181,181,2025-07-10,morning,temperature,29.1,degC
Fish Tank 3,Fish Tanks,181,181,2025-07-11,afternoon,dissolved_oxygen,6.26,mg/L
Fish Tank 3,Fish Tanks,181,181,2025-07-11,afternoon,temperature,31.8,degC
Fish Tank 3,Fish Tanks,181,181,2025-07-11,morning,dissolved_oxygen,6.47,mg/L
Fish Tank 3,Fish Tanks,181,181,2025-07-11,morning,temperature,28.1,degC
Fish Tank 3,Fish Tanks,181,181,2025-07-15,afternoon,dissolved_oxygen,5.46,mg/L
Fish Tank 3,Fish Tanks,181,181,2025-07-15,afternoon,temperature,32.8,degC
Fish Tank 3,Fish Tanks,181,181,2025-07-15,morning,dissolved_oxygen,5.35,mg/L
Fish Tank 3,Fish Tanks,181,181,2025-07-15,morning,temperature,29.1,degC
Fish Tank 3,Fish Tanks,181,181,2025-07-16,afternoon,dissolved_oxygen,4.58,mg/L
Fish Tank 3,Fish Tanks,181,181,2025-07-16,afternoon,temperature,32.4,degC
Fish Tank 3,Fish Tanks,181,181,2025-07-17,afternoon,dissolved_oxygen,4.5,mg/L
Fish Tank 3,Fish Tanks,181,181,2025-07-17,afternoon,temperature,33.0,degC
Fish Tank 3,Fish Tanks,181,181,2025-07-17,morning,dissolved_oxygen,5.31,mg/L
Fish Tank 3,Fish Tanks,181,181,2025-07-17,morning,temperature,29.8,degC
Fish Tank 3,Fish Tanks,181,181,2025-07-18,afternoon,dissolved_oxygen,6.17,mg/L
Fish Tank 3,Fish Tanks,181,181,2025-07-18,afternoon,temperature,33.1,degC
Fish Tank 3,Fish Tanks,181,181,2025-07-18,morning,dissolved_oxygen,5.32,mg/L
Fish Tank 3,Fish Tanks,181,181,2025-07-18,morning,temperature,29.8,degC
Fish Tank 3,Fish Tanks,181,181,2025-07-21,afternoon,dissolved_oxygen,6.52,mg/L
Fish Tank 3,Fish Tanks,181,181,2025-07-21,afternoon,temperature,32.8,degC
Fish Tank 3,Fish Tanks,181,181,2025-07-21,morning,dissolved_oxygen,6.27,mg/L
Fish Tank 3,Fish Tanks,181,181,2025-07-21,morning,temperature,29.0,degC
Fish Tank 3,Fish Tanks,181,181,2025-07-22,afternoon,dissolved_oxygen,5.14,mg/L
Fish Tank 3,Fish Tanks,181,181,2025-07-22,afternoon,temperature,33.3,degC
Fish Tank 3,Fish Tanks,181,181,2025-07-23,afternoon,dissolved_oxygen,5.68,mg/L
Fish Tank 3,Fish Tanks,181,181,2025-07-23,afternoon,temperature,32.6,degC
Fish Tank 3,Fish Tanks,181,181,2025-07-23,morning,dissolved_oxygen,6.13,mg/L
Fish Tank 3,Fish Tanks,181,181,2025-07-23,morning,temperature,29.2,degC
Fish Tank 3,Fish Tanks,181,181,2025-07-24,afternoon,dissolved_oxygen,6.7,mg/L
Fish Tank 3,Fish Tanks,181,181,2025-07-24,afternoon,temperature,32.9,degC
Fish Tank 3,Fish Tanks,181,181,2025-07-24,morning,dissolved_oxygen,6.46,mg/L
Fish Tank 3,Fish Tanks,181,181,2025-07-24,morning,temperature,29.3,degC
Fish Tank 3,Fish Tanks,181,181,2025-07-25,afternoon,dissolved_oxygen,8.95,mg/L
Fish Tank 3,Fish Tanks,181,181,2025-07-25,afternoon,temperature,32.9,degC
Fish Tank 3,Fish Tanks,181,181,2025-07-28,afternoon,dissolved_oxygen,5.19,mg/L
Fish Tank 3,Fish Tanks,181,181,2025-07-28,afternoon,temperature,33.8,degC
Fish Tank 3,Fish Tanks,181,181,2025-07-28,morning,dissolved_oxygen,6.3,mg/L
Fish Tank 3,Fish Tanks,181,181,2025-07-28,morning,temperature,31.3,degC
Fish Tank 3,Fish Tanks,181,181,2025-07-29,afternoon,dissolved_oxygen,4.45,mg/L
Fish Tank 3,Fish Tanks,181,181,2025-07-29,afternoon,temperature,32.8,degC
Fish Tank 3,Fish Tanks,181,181,2025-07-29,morning,dissolved_oxygen,5.62,mg/L
Fish Tank 3,Fish Tanks,181,181,2025-07-29,morning,temperature,30.0,degC
Fish Tank 3,Fish Tanks,181,181,2025-07-30,afternoon,dissolved_oxygen,6.14,mg/L
Fish Tank 3,Fish Tanks,181,181,2025-07-30,afternoon,temperature,30.6,degC
Fish Tank 3,Fish Tanks,182,182,2025-07-23,afternoon,dissolved_oxygen,5.57,mg/L
Fish Tank 3,Fish Tanks,182,182,2025-07-23,afternoon,temperature,31.6,degC
Fish Tank 3,Fish Tanks,182,182,2025-07-24,afternoon,dissolved_oxygen,6.31,mg/L
Fish Tank 3,Fish Tanks,182,182,2025-07-24,afternoon,temperature,32.9,degC
Fish Tank 3,Fish Tanks,182,182,2025-07-24,morning,dissolved_oxygen,7.89,mg/L
Fish Tank 3,Fish Tanks,182,182,2025-07-24,morning,temperature,29.5,degC
Fish Tank 3,Fish Tanks,182,182,2025-07-25,afternoon,dissolved_oxygen,6.77,mg/L
Fish Tank 3,Fish Tanks,182,182,2025-07-25,afternoon,temperature,32.8,degC
Fish Tank 3,Fish Tanks,182,182,2025-07-28,afternoon,dissolved_oxygen,5.45,mg/L
Fish Tank 3,Fish Tanks,182,182,2025-07-28,afternoon,temperature,33.5,degC
Fish Tank 3,Fish Tanks,182,182,2025-07-28,morning,dissolved_oxygen,5.85,mg/L
Fish Tank 3,Fish Tanks,182,182,2025-07-28,morning,temperature,31.3,degC
Fish Tank 3,Fish Tanks,182,182,2025-07-29,afternoon,dissolved_oxygen,4.53,mg/L
Fish Tank 3,Fish Tanks,182,182,2025-07-29,afternoon,temperature,32.8,degC
Fish Tank 3,Fish Tanks,182,182,2025-07-29,morning,dissolved_oxygen,5.64,mg/L
Fish Tank 3,Fish Tanks,182,182,2025-07-29,morning,temperature,29.9,degC
Fish Tank 3,Fish Tanks,182,182,2025-07-30,afternoon,dissolved_oxygen,6.83,mg/L
Fish Tank 3,Fish Tanks,182,182,2025-07-30,afternoon,temperature,30.5,degC
Fish Tank 3,Fish Tanks,183,183,2025-07-24,afternoon,dissolved_oxygen,6.0,mg/L
Fish Tank 3,Fish Tanks,183,183,2025-07-24,afternoon,temperature,32.8,degC
Fish Tank 3,Fish Tanks,183,183,2025-07-28,afternoon,dissolved_oxygen,6.69,mg/L
Fish Tank 3,Fish Tanks,183,183,2025-07-28,afternoon,temperature,33.1,degC
Fish Tank 3,Fish Tanks,184,184,2025-07-01,afternoon,dissolved_oxygen,6.15,mg/L
Fish Tank 3,Fish Tanks,184,184,2025-07-01,afternoon,temperature,32.9,degC
Fish Tank 3,Fish Tanks,184,184,2025-07-01,morning,dissolved_oxygen,6.32,mg/L
Fish Tank 3,Fish Tanks,184,184,2025-07-01,morning,temperature,29.2,degC
Fish Tank 3,Fish Tanks,184,184,2025-07-02,afternoon,dissolved_oxygen,5.01,mg/L
Fish Tank 3,Fish Tanks,184,184,2025-07-02,afternoon,temperature,30.7,degC
Fish Tank 3,Fish Tanks,184,184,2025-07-02,morning,dissolved_oxygen,6.36,mg/L
Fish Tank 3,Fish Tanks,184,184,2025-07-02,morning,temperature,29.3,degC
Fish Tank 3,Fish Tanks,184,184,2025-07-03,morning,dissolved_oxygen,5.9,mg/L
Fish Tank 3,Fish Tanks,184,184,2025-07-03,morning,temperature,27.9,degC
Fish Tank 3,Fish Tanks,184,184,2025-07-04,afternoon,dissolved_oxygen,5.31,mg/L
Fish Tank 3,Fish Tanks,184,184,2025-07-04,afternoon,temperature,31.6,degC
Fish Tank 3,Fish Tanks,184,184,2025-07-04,morning,dissolved_oxygen,5.9,mg/L
Fish Tank 3,Fish Tanks,184,184,2025-07-04,morning,temperature,28.6,degC
Fish Tank 3,Fish Tanks,184,184,2025-07-08,afternoon,dissolved_oxygen,5.54,mg/L
Fish Tank 3,Fish Tanks,184,184,2025-07-08,afternoon,temperature,30.8,degC
Fish Tank 3,Fish Tanks,184,184,2025-07-10,afternoon,dissolved_oxygen,6.48,mg/L
Fish Tank 3,Fish Tanks,184,184,2025-07-10,afternoon,temperature,30.1,degC
Fish Tank 3,Fish Tanks,184,184,2025-07-10,morning,dissolved_oxygen,6.28,mg/L
Fish Tank 3,Fish Tanks,184,184,2025-07-10,morning,temperature,29.1,degC
Fish Tank 3,Fish Tanks,184,184,2025-07-11,afternoon,dissolved_oxygen,6.33,mg/L
Fish Tank 3,Fish Tanks,184,184,2025-07-11,afternoon,temperature,31.8,degC
Fish Tank 3,Fish Tanks,184,184,2025-07-11,morning,dissolved_oxygen,6.16,mg/L
Fish Tank 3,Fish Tanks,184,184,2025-07-11,morning,temperature,28.1,degC
Fish Tank 3,Fish Tanks,184,184,2025-07-15,afternoon,dissolved_oxygen,5.26,mg/L
Fish Tank 3,Fish Tanks,184,184,2025-07-15,afternoon,temperature,32.9,degC
Fish Tank 3,Fish Tanks,184,184,2025-07-15,morning,dissolved_oxygen,5.58,mg/L
Fish Tank 3,Fish Tanks,184,184,2025-07-15,morning,temperature,29.0,degC
Fish Tank 3,Fish Tanks,184,184,2025-07-16,afternoon,dissolved_oxygen,4.45,mg/L
Fish Tank 3,Fish Tanks,184,184,2025-07-16,afternoon,temperature,32.4,degC
Fish Tank 3,Fish Tanks,184,184,2025-07-17,afternoon,dissolved_oxygen,4.75,mg/L
Fish Tank 3,Fish Tanks,184,184,2025-07-17,afternoon,temperature,33.1,degC
Fish Tank 3,Fish Tanks,184,184,2025-07-17,morning,dissolved_oxygen,5.51,mg/L
Fish Tank 3,Fish Tanks,184,184,2025-07-17,morning,temperature,29.8,degC
Fish Tank 3,Fish Tanks,184,184,2025-07-18,afternoon,dissolved_oxygen,6.22,mg/L
Fish Tank 3,Fish Tanks,184,184,2025-07-18,afternoon,temperature,33.1,degC
Fish Tank 3,Fish Tanks,184,184,2025-07-18,morning,dissolved_oxygen,5.5,mg/L
Fish Tank 3,Fish Tanks,184,184,2025-07-18,morning,temperature,29.8,degC
Fish Tank 3,Fish Tanks,184,184,2025-07-21,afternoon,dissolved_oxygen,6.27,mg/L
Fish Tank 3,Fish Tanks,184,184,2025-07-21,afternoon,temperature,32.8,degC
Fish Tank 3,Fish Tanks,184,184,2025-07-21,morning,dissolved_oxygen,6.38,mg/L
Fish Tank 3,Fish Tanks,184,184,2025-07-21,morning,temperature,28.9,degC
Fish Tank 3,Fish Tanks,184,184,2025-07-22,afternoon,dissolved_oxygen,5.29,mg/L
Fish Tank 3,Fish Tanks,184,184,2025-07-22,afternoon,temperature,33.3,degC
Fish Tank 3,Fish Tanks,184,184,2025-07-23,afternoon,dissolved_oxygen,6.73,mg/L
Fish Tank 3,Fish Tanks,184,184,2025-07-23,afternoon,temperature,31.7,degC
Fish Tank 3,Fish Tanks,184,184,2025-07-23,morning,dissolved_oxygen,6.33,mg/L
Fish Tank 3,Fish Tanks,184,184,2025-07-23,morning,temperature,29.2,degC
Fish Tank 3,Fish Tanks,184,184,2025-07-24,afternoon,dissolved_oxygen,7.32,mg/L
Fish Tank 3,Fish Tanks,184,184,2025-07-24,afternoon,temperature,32.9,degC
Fish Tank 3,Fish Tanks,184,184,2025-07-24,morning,dissolved_oxygen,6.84,mg/L
Fish Tank 3,Fish Tanks,184,184,2025-07-24,morning,temperature,59.3,degC
Fish Tank 3,Fish Tanks,184,184,2025-07-25,afternoon,dissolved_oxygen,9.38,mg/L
Fish Tank 3,Fish Tanks,184,184,2025-07-25,afternoon,temperature,33.0,degC
Fish Tank 3,Fish Tanks,184,184,2025-07-28,afternoon,dissolved_oxygen,4.97,mg/L
Fish Tank 3,Fish Tanks,184,184,2025-07-28,afternoon,temperature,33.8,degC
Fish Tank 3,Fish Tanks,184,184,2025-07-28,morning,dissolved_oxygen,5.94,mg/L
Fish Tank 3,Fish Tanks,184,184,2025-07-28,morning,temperature,29.2,degC
Fish Tank 3,Fish Tanks,184,184,2025-07-29,afternoon,dissolved_oxygen,4.26,mg/L
Fish Tank 3,Fish Tanks,184,184,2025-07-29,afternoon,temperature,33.0,degC
Fish Tank 3,Fish Tanks,184,184,2025-07-29,morning,dissolved_oxygen,5.56,mg/L
Fish Tank 3,Fish Tanks,184,184,2025-07-29,morning,temperature,30.0,degC
Fish Tank 3,Fish Tanks,184,184,2025-07-30,afternoon,dissolved_oxygen,5.55,mg/L
Fish Tank 3,Fish Tanks,184,184,2025-07-30,afternoon,temperature,31.0,degC
Fish Tank 3,Fish Tanks,186,186,2025-07-01,afternoon,dissolved_oxygen,6.25,mg/L
Fish Tank 3,Fish Tanks,186,186,2025-07-01,afternoon,temperature,32.9,degC
Fish Tank 3,Fish Tanks,186,186,2025-07-01,morning,dissolved_oxygen,6.62,mg/L
Fish Tank 3,Fish Tanks,186,186,2025-07-01,morning,temperature,29.2,degC
Fish Tank 3,Fish Tanks,186,186,2025-07-02,afternoon,dissolved_oxygen,5.11,mg/L
Fish Tank 3,Fish Tanks,186,186,2025-07-02,afternoon,temperature,30.7,degC
Fish Tank 3,Fish Tanks,186,186,2025-07-02,morning,dissolved_oxygen,6.35,mg/L
Fish Tank 3,Fish Tanks,186,186,2025-07-02,morning,temperature,29.2,degC
Fish Tank 3,Fish Tanks,186,186,2025-07-03,morning,dissolved_oxygen,6.03,mg/L
Fish Tank 3,Fish Tanks,186,186,2025-07-03,morning,temperature,27.9,degC
Fish Tank 3,Fish Tanks,186,186,2025-07-04,afternoon,dissolved_oxygen,6.08,mg/L
Fish Tank 3,Fish Tanks,186,186,2025-07-04,afternoon,temperature,31.6,degC
Fish Tank 3,Fish Tanks,186,186,2025-07-04,morning,dissolved_oxygen,5.95,mg/L
Fish Tank 3,Fish Tanks,186,186,2025-07-04,morning,temperature,28.6,degC
Fish Tank 3,Fish Tanks,186,186,2025-07-08,afternoon,dissolved_oxygen,5.91,mg/L
Fish Tank 3,Fish Tanks,186,186,2025-07-08,afternoon,temperature,30.9,degC
Fish Tank 3,Fish Tanks,186,186,2025-07-10,afternoon,dissolved_oxygen,6.38,mg/L
Fish Tank 3,Fish Tanks,186,186,2025-07-10,afternoon,temperature,30.2,degC
Fish Tank 3,Fish Tanks,186,186,2025-07-10,morning,dissolved_oxygen,6.01,mg/L
Fish Tank 3,Fish Tanks,186,186,2025-07-10,morning,temperature,29.1,degC
Fish Tank 3,Fish Tanks,186,186,2025-07-11,afternoon,dissolved_oxygen,6.98,mg/L
Fish Tank 3,Fish Tanks,186,186,2025-07-11,afternoon,temperature,31.9,degC
Fish Tank 3,Fish Tanks,186,186,2025-07-11,morning,dissolved_oxygen,6.33,mg/L
Fish Tank 3,Fish Tanks,186,186,2025-07-11,morning,temperature,28.1,degC
Fish Tank 3,Fish Tanks,186,186,2025-07-15,afternoon,dissolved_oxygen,5.55,mg/L
Fish Tank 3,Fish Tanks,186,186,2025-07-15,afternoon,temperature,32.9,degC
Fish Tank 3,Fish Tanks,186,186,2025-07-15,morning,dissolved_oxygen,5.64,mg/L
Fish Tank 3,Fish Tanks,186,186,2025-07-15,morning,temperature,28.9,degC
Fish Tank 3,Fish Tanks,186,186,2025-07-16,afternoon,dissolved_oxygen,5.08,mg/L
Fish Tank 3,Fish Tanks,186,186,2025-07-16,afternoon,temperature,32.4,degC
Fish Tank 3,Fish Tanks,186,186,2025-07-17,afternoon,dissolved_oxygen,4.69,mg/L
Fish Tank 3,Fish Tanks,186,186,2025-07-17,afternoon,temperature,33.0,degC
Fish Tank 3,Fish Tanks,186,186,2025-07-17,morning,dissolved_oxygen,5.5,mg/L
Fish Tank 3,Fish Tanks,186,186,2025-07-17,morning,temperature,29.8,degC
Fish Tank 3,Fish Tanks,186,186,2025-07-18,afternoon,dissolved_oxygen,5.59,mg/L
Fish Tank 3,Fish Tanks,186,186,2025-07-18,afternoon,temperature,33.2,degC
Fish Tank 3,Fish Tanks,186,186,2025-07-18,morning,dissolved_oxygen,5.36,mg/L
Fish Tank 3,Fish Tanks,186,186,2025-07-18,morning,temperature,29.8,degC
Fish Tank 3,Fish Tanks,186,186,2025-07-21,afternoon,dissolved_oxygen,6.0,mg/L
Fish Tank 3,Fish Tanks,186,186,2025-07-21,afternoon,temperature,32.9,degC
Fish Tank 3,Fish Tanks,186,186,2025-07-21,morning,dissolved_oxygen,6.04,mg/L
Fish Tank 3,Fish Tanks,186,186,2025-07-21,morning,temperature,28.9,degC
Fish Tank 3,Fish Tanks,186,186,2025-07-22,afternoon,dissolved_oxygen,5.45,mg/L
Fish Tank 3,Fish Tanks,186,186,2025-07-22,afternoon,temperature,33.4,degC
Fish Tank 3,Fish Tanks,186,186,2025-07-23,afternoon,dissolved_oxygen,5.52,mg/L
Fish Tank 3,Fish Tanks,186,186,2025-07-23,afternoon,temperature,32.2,degC
Fish Tank 3,Fish Tanks,186,186,2025-07-23,morning,dissolved_oxygen,6.19,mg/L
Fish Tank 3,Fish Tanks,186,186,2025-07-23,morning,temperature,29.1,degC
Fish Tank 3,Fish Tanks,186,186,2025-07-24,afternoon,dissolved_oxygen,6.83,mg/L
Fish Tank 3,Fish Tanks,186,186,2025-07-24,afternoon,temperature,33.0,degC
Fish Tank 3,Fish Tanks,186,186,2025-07-24,morning,dissolved_oxygen,6.79,mg/L
Fish Tank 3,Fish Tanks,186,186,2025-07-24,morning,temperature,29.3,degC
Fish Tank 3,Fish Tanks,186,186,2025-07-25,afternoon,dissolved_oxygen,8.81,mg/L
Fish Tank 3,Fish Tanks,186,186,2025-07-25,afternoon,temperature,33.1,degC
Fish Tank 3,Fish Tanks,186,186,2025-07-28,afternoon,dissolved_oxygen,5.47,mg/L
Fish Tank 3,Fish Tanks,186,186,2025-07-28,afternoon,temperature,33.9,degC
Fish Tank 3,Fish Tanks,186,186,2025-07-28,morning,dissolved_oxygen,6.15,mg/L
Fish Tank 3,Fish Tanks,186,186,2025-07-28,morning,temperature,29.2,degC
Fish Tank 3,Fish Tanks,186,186,2025-07-29,afternoon,dissolved_oxygen,4.55,mg/L
Fish Tank 3,Fish Tanks,186,186,2025-07-29,afternoon,temperature,33.1,degC
Fish Tank 3,Fish Tanks,186,186,2025-07-29,morning,dissolved_oxygen,5.71,mg/L
Fish Tank 3,Fish Tanks,186,186,2025-07-29,morning,temperature,30.0,degC
Fish Tank 3,Fish Tanks,186,186,2025-07-30,afternoon,dissolved_oxygen,6.98,mg/L
Fish Tank 3,Fish Tanks,186,186,2025-07-30,afternoon,temperature,30.4,degC
Fish Tank 3,Fish Tanks,188,188,2025-07-01,afternoon,dissolved_oxygen,6.09,mg/L
Fish Tank 3,Fish Tanks,188,188,2025-07-01,afternoon,temperature,32.0,degC
Fish Tank 3,Fish Tanks,188,188,2025-07-01,morning,dissolved_oxygen,6.89,mg/L
Fish Tank 3,Fish Tanks,188,188,2025-07-01,morning,temperature,29.2,degC
Fish Tank 3,Fish Tanks,188,188,2025-07-02,afternoon,dissolved_oxygen,5.33,mg/L
Fish Tank 3,Fish Tanks,188,188,2025-07-02,afternoon,temperature,30.4,degC
Fish Tank 3,Fish Tanks,188,188,2025-07-02,morning,dissolved_oxygen,6.6,mg/L
Fish Tank 3,Fish Tanks,188,188,2025-07-02,morning,temperature,29.3,degC
Fish Tank 3,Fish Tanks,188,188,2025-07-03,morning,dissolved_oxygen,6.08,mg/L
Fish Tank 3,Fish Tanks,188,188,2025-07-03,morning,temperature,27.7,degC
Fish Tank 3,Fish Tanks,188,188,2025-07-04,afternoon,dissolved_oxygen,7.02,mg/L
Fish Tank 3,Fish Tanks,188,188,2025-07-04,afternoon,temperature,31.2,degC
Fish Tank 3,Fish Tanks,188,188,2025-07-04,morning,dissolved_oxygen,6.32,mg/L
Fish Tank 3,Fish Tanks,188,188,2025-07-04,morning,temperature,28.5,degC
Fish Tank 3,Fish Tanks,188,188,2025-07-07,morning,ammonia,3.2,mg/L
Fish Tank 3,Fish Tanks,188,188,2025-07-07,morning,nitrate,0.9,mg/L
Fish Tank 3,Fish Tanks,188,188,2025-07-07,morning,nitrite,0.64,mg/L
Fish Tank 3,Fish Tanks,188,188,2025-07-07,morning,ph,7.12,pH
Fish Tank 3,Fish Tanks,188,188,2025-07-08,afternoon,dissolved_oxygen,5.81,mg/L
Fish Tank 3,Fish Tanks,188,188,2025-07-08,afternoon,temperature,30.5,degC
Fish Tank 3,Fish Tanks,188,188,2025-07-10,afternoon,dissolved_oxygen,6.22,mg/L
Fish Tank 3,Fish Tanks,188,188,2025-07-10,afternoon,temperature,30.1,degC
Fish Tank 3,Fish Tanks,188,188,2025-07-10,morning,dissolved_oxygen,6.42,mg/L
Fish Tank 3,Fish Tanks,188,188,2025-07-10,morning,temperature,29.1,degC
Fish Tank 3,Fish Tanks,188,188,2025-07-11,afternoon,dissolved_oxygen,6.17,mg/L
Fish Tank 3,Fish Tanks,188,188,2025-07-11,afternoon,temperature,31.8,degC
Fish Tank 3,Fish Tanks,188,188,2025-07-11,morning,ammonia,3.09,mg/L
Fish Tank 3,Fish Tanks,188,188,2025-07-11,morning,dissolved_oxygen,6.35,mg/L
Fish Tank 3,Fish Tanks,188,188,2025-07-11,morning,nitrate,1.3,mg/L
Fish Tank 3,Fish Tanks,188,188,2025-07-11,morning,nitrite,1.05,mg/L
Fish Tank 3,Fish Tanks,188,188,2025-07-11,morning,ph,7.05,pH
Fish Tank 3,Fish Tanks,188,188,2025-07-11,morning,temperature,28.1,degC
Fish Tank 3,Fish Tanks,188,188,2025-07-15,afternoon,dissolved_oxygen,5.8,mg/L
Fish Tank 3,Fish Tanks,188,188,2025-07-15,afternoon,temperature,32.7,degC
Fish Tank 3,Fish Tanks,188,188,2025-07-15,morning,dissolved_oxygen,5.64,mg/L
Fish Tank 3,Fish Tanks,188,188,2025-07-15,morning,temperature,28.8,degC
Fish Tank 3,Fish Tanks,188,188,2025-07-16,afternoon,dissolved_oxygen,4.85,mg/L
Fish Tank 3,Fish Tanks,188,188,2025-07-16,afternoon,temperature,32.2,degC
Fish Tank 3,Fish Tanks,188,188,2025-07-17,afternoon,dissolved_oxygen,4.93,mg/L
Fish Tank 3,Fish Tanks,188,188,2025-07-17,afternoon,temperature,32.7,degC
Fish Tank 3,Fish Tanks,188,188,2025-07-17,morning,dissolved_oxygen,5.37,mg/L
Fish Tank 3,Fish Tanks,188,188,2025-07-17,morning,temperature,29.7,degC
Fish Tank 3,Fish Tanks,188,188,2025-07-18,afternoon,dissolved_oxygen,6.21,mg/L
Fish Tank 3,Fish Tanks,188,188,2025-07-18,afternoon,temperature,33.1,degC
Fish Tank 3,Fish Tanks,188,188,2025-07-18,morning,dissolved_oxygen,5.54,mg/L
Fish Tank 3,Fish Tanks,188,188,2025-07-18,morning,temperature,29.7,degC
Fish Tank 3,Fish Tanks,188,188,2025-07-21,afternoon,dissolved_oxygen,6.14,mg/L
Fish Tank 3,Fish Tanks,188,188,2025-07-21,afternoon,temperature,32.9,degC
Fish Tank 3,Fish Tanks,188,188,2025-07-21,morning,dissolved_oxygen,6.23,mg/L
Fish Tank 3,Fish Tanks,188,188,2025-07-21,morning,temperature,28.8,degC
Fish Tank 3,Fish Tanks,188,188,2025-07-22,afternoon,dissolved_oxygen,4.75,mg/L
Fish Tank 3,Fish Tanks,188,188,2025-07-22,afternoon,temperature,33.3,degC
Fish Tank 3,Fish Tanks,188,188,2025-07-23,afternoon,dissolved_oxygen,6.3,mg/L
Fish Tank 3,Fish Tanks,188,188,2025-07-23,afternoon,temperature,32.0,degC
Fish Tank 3,Fish Tanks,188,188,2025-07-23,morning,dissolved_oxygen,6.04,mg/L
Fish Tank 3,Fish Tanks,188,188,2025-07-23,morning,temperature,29.3,degC
Fish Tank 3,Fish Tanks,188,188,2025-07-24,afternoon,dissolved_oxygen,7.21,mg/L
Fish Tank 3,Fish Tanks,188,188,2025-07-24,afternoon,temperature,32.7,degC
Fish Tank 3,Fish Tanks,188,188,2025-07-24,morning,dissolved_oxygen,7.0,mg/L
Fish Tank 3,Fish Tanks,188,188,2025-07-24,morning,temperature,29.2,degC
Fish Tank 3,Fish Tanks,188,188,2025-07-25,afternoon,dissolved_oxygen,8.13,mg/L
Fish Tank 3,Fish Tanks,188,188,2025-07-25,afternoon,temperature,32.9,degC
Fish Tank 3,Fish Tanks,188,188,2025-07-28,afternoon,dissolved_oxygen,5.4,mg/L
Fish Tank 3,Fish Tanks,188,188,2025-07-28,afternoon,temperature,33.5,degC
Fish Tank 3,Fish Tanks,188,188,2025-07-28,morning,dissolved_oxygen,5.69,mg/L
Fish Tank 3,Fish Tanks,188,188,2025-07-28,morning,temperature,29.1,degC
Fish Tank 3,Fish Tanks,188,188,2025-07-29,afternoon,dissolved_oxygen,4.48,mg/L
Fish Tank 3,Fish Tanks,188,188,2025-07-29,afternoon,temperature,32.7,degC
Fish Tank 3,Fish Tanks,188,188,2025-07-29,morning,dissolved_oxygen,5.82,mg/L
Fish Tank 3,Fish Tanks,188,188,2025-07-29,morning,temperature,29.9,degC
Fish Tank 3,Fish Tanks,188,188,2025-07-30,afternoon,dissolved_oxygen,5.15,mg/L
Fish Tank 3,Fish Tanks,188,188,2025-07-30,afternoon,temperature,30.8,degC
Fish Tank 3,Fish Tanks,189,189,2025-07-01,afternoon,dissolved_oxygen,6.08,mg/L
Fish Tank 3,Fish Tanks,189,189,2025-07-01,afternoon,temperature,32.7,degC
Fish Tank 3,Fish Tanks,189,189,2025-07-01,morning,dissolved_oxygen,6.59,mg/L
Fish Tank 3,Fish Tanks,189,189,2025-07-01,morning,temperature,29.2,degC
Fish Tank 3,Fish Tanks,189,189,2025-07-02,afternoon,dissolved_oxygen,5.0,mg/L
Fish Tank 3,Fish Tanks,189,189,2025-07-02,afternoon,temperature,30.6,degC
Fish Tank 3,Fish Tanks,189,189,2025-07-02,morning,dissolved_oxygen,6.21,mg/L
Fish Tank 3,Fish Tanks,189,189,2025-07-02,morning,temperature,29.3,degC
Fish Tank 3,Fish Tanks,189,189,2025-07-03,morning,dissolved_oxygen,5.91,mg/L
Fish Tank 3,Fish Tanks,189,189,2025-07-03,morning,temperature,27.9,degC
Fish Tank 3,Fish Tanks,189,189,2025-07-04,afternoon,dissolved_oxygen,6.3,mg/L
Fish Tank 3,Fish Tanks,189,189,2025-07-04,afternoon,temperature,31.4,degC
Fish Tank 3,Fish Tanks,189,189,2025-07-04,morning,dissolved_oxygen,5.66,mg/L
Fish Tank 3,Fish Tanks,189,189,2025-07-04,morning,temperature,28.6,degC
Fish Tank 3,Fish Tanks,189,189,2025-07-08,afternoon,dissolved_oxygen,5.49,mg/L
Fish Tank 3,Fish Tanks,189,189,2025-07-08,afternoon,temperature,30.5,degC
Fish Tank 3,Fish Tanks,189,189,2025-07-10,afternoon,dissolved_oxygen,6.49,mg/L
Fish Tank 3,Fish Tanks,189,189,2025-07-10,afternoon,temperature,30.2,degC
Fish Tank 3,Fish Tanks,189,189,2025-07-10,morning,dissolved_oxygen,6.11,mg/L
Fish Tank 3,Fish Tanks,189,189,2025-07-10,morning,temperature,29.2,degC
Fish Tank 3,Fish Tanks,189,189,2025-07-11,afternoon,dissolved_oxygen,6.86,mg/L
Fish Tank 3,Fish Tanks,189,189,2025-07-11,afternoon,temperature,31.8,degC
Fish Tank 3,Fish Tanks,189,189,2025-07-11,morning,dissolved_oxygen,6.3,mg/L
Fish Tank 3,Fish Tanks,189,189,2025-07-11,morning,temperature,28.2,degC
Fish Tank 3,Fish Tanks,189,189,2025-07-15,afternoon,dissolved_oxygen,5.43,mg/L
Fish Tank 3,Fish Tanks,189,189,2025-07-15,afternoon,temperature,32.7,degC
Fish Tank 3,Fish Tanks,189,189,2025-07-15,morning,dissolved_oxygen,5.04,mg/L
Fish Tank 3,Fish Tanks,189,189,2025-07-15,morning,temperature,28.9,degC
Fish Tank 3,Fish Tanks,189,189,2025-07-16,afternoon,dissolved_oxygen,4.52,mg/L
Fish Tank 3,Fish Tanks,189,189,2025-07-16,afternoon,temperature,32.3,degC
Fish Tank 3,Fish Tanks,189,189,2025-07-17,afternoon,dissolved_oxygen,4.33,mg/L
Fish Tank 3,Fish Tanks,189,189,2025-07-17,afternoon,temperature,32.9,degC
Fish Tank 3,Fish Tanks,189,189,2025-07-17,morning,dissolved_oxygen,5.24,mg/L
Fish Tank 3,Fish Tanks,189,189,2025-07-17,morning,temperature,29.8,degC
Fish Tank 3,Fish Tanks,189,189,2025-07-18,afternoon,dissolved_oxygen,5.45,mg/L
Fish Tank 3,Fish Tanks,189,189,2025-07-18,afternoon,temperature,33.1,degC
Fish Tank 3,Fish Tanks,189,189,2025-07-18,morning,dissolved_oxygen,4.81,mg/L
Fish Tank 3,Fish Tanks,189,189,2025-07-18,morning,temperature,29.9,degC
Fish Tank 3,Fish Tanks,189,189,2025-07-21,afternoon,dissolved_oxygen,6.69,mg/L
Fish Tank 3,Fish Tanks,189,189,2025-07-21,afternoon,temperature,32.9,degC
Fish Tank 3,Fish Tanks,189,189,2025-07-21,morning,dissolved_oxygen,6.46,mg/L
Fish Tank 3,Fish Tanks,189,189,2025-07-21,morning,temperature,28.9,degC
Fish Tank 3,Fish Tanks,189,189,2025-07-22,afternoon,dissolved_oxygen,4.88,mg/L
Fish Tank 3,Fish Tanks,189,189,2025-07-22,afternoon,temperature,33.2,degC
Fish Tank 3,Fish Tanks,189,189,2025-07-23,afternoon,dissolved_oxygen,6.28,mg/L
Fish Tank 3,Fish Tanks,189,189,2025-07-23,afternoon,temperature,31.8,degC
Fish Tank 3,Fish Tanks,189,189,2025-07-23,morning,dissolved_oxygen,6.32,mg/L
Fish Tank 3,Fish Tanks,189,189,2025-07-23,morning,temperature,29.2,degC
Fish Tank 3,Fish Tanks,189,189,2025-07-24,afternoon,dissolved_oxygen,7.16,mg/L
Fish Tank 3,Fish Tanks,189,189,2025-07-24,afternoon,temperature,32.8,degC
Fish Tank 3,Fish Tanks,189,189,2025-07-24,morning,dissolved_oxygen,6.19,mg/L
Fish Tank 3,Fish Tanks,189,189,2025-07-24,morning,temperature,29.4,degC
Fish Tank 3,Fish Tanks,189,189,2025-07-25,afternoon,dissolved_oxygen,9.41,mg/L
Fish Tank 3,Fish Tanks,189,189,2025-07-25,afternoon,temperature,33.0,degC
Fish Tank 3,Fish Tanks,189,189,2025-07-28,afternoon,dissolved_oxygen,4.8,mg/L
Fish Tank 3,Fish Tanks,189,189,2025-07-28,afternoon,temperature,33.6,degC
Fish Tank 3,Fish Tanks,189,189,2025-07-28,morning,dissolved_oxygen,5.9,mg/L
Fish Tank 3,Fish Tanks,189,189,2025-07-28,morning,temperature,29.2,degC
Fish Tank 3,Fish Tanks,189,189,2025-07-29,afternoon,dissolved_oxygen,3.85,mg/L
Fish Tank 3,Fish Tanks,189,189,2025-07-29,afternoon,temperature,32.8,degC
Fish Tank 3,Fish Tanks,189,189,2025-07-29,morning,dissolved_oxygen,5.63,mg/L
Fish Tank 3,Fish Tanks,189,189,2025-07-29,morning,temperature,30.0,degC
Fish Tank 3,Fish Tanks,189,189,2025-07-30,afternoon,dissolved_oxygen,5.21,mg/L
Fish Tank 3,Fish Tanks,189,189,2025-07-30,afternoon,temperature,30.8,degC
Fish Tank 3,Fish Tanks,190,190,2025-07-01,afternoon,dissolved_oxygen,6.15,mg/L
Fish Tank 3,Fish Tanks,190,190,2025-07-01,afternoon,temperature,32.7,degC
Fish Tank 3,Fish Tanks,190,190,2025-07-01,morning,dissolved_oxygen,6.61,mg/L
Fish Tank 3,Fish Tanks,190,190,2025-07-01,morning,temperature,29.3,degC
Fish Tank 3,Fish Tanks,190,190,2025-07-02,afternoon,dissolved_oxygen,5.12,mg/L
Fish Tank 3,Fish Tanks,190,190,2025-07-02,afternoon,temperature,30.6,degC
Fish Tank 3,Fish Tanks,190,190,2025-07-02,morning,dissolved_oxygen,6.22,mg/L
Fish Tank 3,Fish Tanks,190,190,2025-07-02,morning,temperature,29.2,degC
Fish Tank 3,Fish Tanks,190,190,2025-07-03,morning,dissolved_oxygen,6.15,mg/L
Fish Tank 3,Fish Tanks,190,190,2025-07-03,morning,temperature,27.8,degC
Fish Tank 3,Fish Tanks,190,190,2025-07-04,afternoon,dissolved_oxygen,6.61,mg/L
Fish Tank 3,Fish Tanks,190,190,2025-07-04,afternoon,temperature,31.2,degC
Fish Tank 3,Fish Tanks,190,190,2025-07-04,morning,dissolved_oxygen,5.44,mg/L
Fish Tank 3,Fish Tanks,190,190,2025-07-04,morning,temperature,28.6,degC
Fish Tank 3,Fish Tanks,190,190,2025-07-08,afternoon,dissolved_oxygen,5.87,mg/L
Fish Tank 3,Fish Tanks,190,190,2025-07-08,afternoon,temperature,30.5,degC
Fish Tank 3,Fish Tanks,190,190,2025-07-10,afternoon,dissolved_oxygen,6.54,mg/L
Fish Tank 3,Fish Tanks,190,190,2025-07-10,afternoon,temperature,30.3,degC
Fish Tank 3,Fish Tanks,190,190,2025-07-10,morning,dissolved_oxygen,5.96,mg/L
Fish Tank 3,Fish Tanks,190,190,2025-07-10,morning,temperature,29.3,degC
Fish Tank 3,Fish Tanks,190,190,2025-07-11,afternoon,dissolved_oxygen,6.49,mg/L
Fish Tank 3,Fish Tanks,190,190,2025-07-11,morning,dissolved_oxygen,6.25,mg/L
Fish Tank 3,Fish Tanks,190,190,2025-07-11,morning,temperature,28.2,degC
Fish Tank 3,Fish Tanks,190,190,2025-07-15,afternoon,dissolved_oxygen,5.61,mg/L
Fish Tank 3,Fish Tanks,190,190,2025-07-15,afternoon,temperature,32.6,degC
Fish Tank 3,Fish Tanks,190,190,2025-07-15,morning,dissolved_oxygen,5.52,mg/L
Fish Tank 3,Fish Tanks,190,190,2025-07-15,morning,temperature,28.8,degC
Fish Tank 3,Fish Tanks,190,190,2025-07-16,afternoon,dissolved_oxygen,4.78,mg/L
Fish Tank 3,Fish Tanks,190,190,2025-07-16,afternoon,temperature,32.1,degC
Fish Tank 3,Fish Tanks,190,190,2025-07-17,afternoon,dissolved_oxygen,4.7,mg/L
Fish Tank 3,Fish Tanks,190,190,2025-07-17,afternoon,temperature,32.6,degC
Fish Tank 3,Fish Tanks,190,190,2025-07-17,morning,dissolved_oxygen,5.48,mg/L
Fish Tank 3,Fish Tanks,190,190,2025-07-17,morning,temperature,29.7,degC
Fish Tank 3,Fish Tanks,190,190,2025-07-18,afternoon,dissolved_oxygen,5.92,mg/L
Fish Tank 3,Fish Tanks,190,190,2025-07-18,afternoon,temperature,33.0,degC
Fish Tank 3,Fish Tanks,190,190,2025-07-18,morning,dissolved_oxygen,5.36,mg/L
Fish Tank 3,Fish Tanks,190,190,2025-07-18,morning,temperature,29.8,degC
Fish Tank 3,Fish Tanks,190,190,2025-07-21,afternoon,dissolved_oxygen,5.72,mg/L
Fish Tank 3,Fish Tanks,190,190,2025-07-21,afternoon,temperature,32.7,degC
Fish Tank 3,Fish Tanks,190,190,2025-07-21,morning,dissolved_oxygen,6.39,mg/L
Fish Tank 3,Fish Tanks,190,190,2025-07-21,morning,temperature,28.8,degC
Fish Tank 3,Fish Tanks,190,190,2025-07-22,afternoon,dissolved_oxygen,5.32,mg/L
Fish Tank 3,Fish Tanks,190,190,2025-07-22,afternoon,temperature,33.2,degC
Fish Tank 3,Fish Tanks,190,190,2025-07-23,afternoon,dissolved_oxygen,5.48,mg/L
Fish Tank 3,Fish Tanks,190,190,2025-07-23,afternoon,temperature,32.1,degC
Fish Tank 3,Fish Tanks,190,190,2025-07-23,morning,dissolved_oxygen,5.59,mg/L
Fish Tank 3,Fish Tanks,190,190,2025-07-23,morning,temperature,29.4,degC
Fish Tank 3,Fish Tanks,190,190,2025-07-24,afternoon,dissolved_oxygen,6.41,mg/L
Fish Tank 3,Fish Tanks,190,190,2025-07-24,afternoon,temperature,32.6,degC
Fish Tank 3,Fish Tanks,190,190,2025-07-24,morning,dissolved_oxygen,6.47,mg/L
Fish Tank 3,Fish Tanks,190,190,2025-07-24,morning,temperature,29.3,degC
Fish Tank 3,Fish Tanks,190,190,2025-07-25,afternoon,dissolved_oxygen,7.66,mg/L
Fish Tank 3,Fish Tanks,190,190,2025-07-25,afternoon,temperature,32.8,degC
Fish Tank 3,Fish Tanks,190,190,2025-07-28,afternoon,dissolved_oxygen,5.09,mg/L
Fish Tank 3,Fish Tanks,190,190,2025-07-28,afternoon,temperature,33.4,degC
Fish Tank 3,Fish Tanks,190,190,2025-07-28,morning,ammonia,8.1,mg/L
Fish Tank 3,Fish Tanks,190,190,2025-07-28,morning,dissolved_oxygen,5.65,mg/L
Fish Tank 3,Fish Tanks,190,190,2025-07-28,morning,ph,7.04,pH
Fish Tank 3,Fish Tanks,190,190,2025-07-28,morning,temperature,29.1,degC
Fish Tank 3,Fish Tanks,190,190,2025-07-29,afternoon,dissolved_oxygen,4.47,mg/L
Fish Tank 3,Fish Tanks,190,190,2025-07-29,afternoon,temperature,32.6,degC
Fish Tank 3,Fish Tanks,190,190,2025-07-29,morning,dissolved_oxygen,5.61,mg/L
Fish Tank 3,Fish Tanks,190,190,2025-07-29,morning,temperature,30.0,degC
Fish Tank 3,Fish Tanks,190,190,2025-07-30,afternoon,dissolved_oxygen,5.58,mg/L
Fish Tank 3,Fish Tanks,190,190,2025-07-30,afternoon,temperature,30.8,degC
Fish Tank 3,Fish Tanks,191,191,2025-07-01,afternoon,dissolved_oxygen,6.23,mg/L
Fish Tank 3,Fish Tanks,191,191,2025-07-01,afternoon,temperature,32.7,degC
Fish Tank 3,Fish Tanks,191,191,2025-07-01,morning,dissolved_oxygen,6.16,mg/L
Fish Tank 3,Fish Tanks,191,191,2025-07-01,morning,temperature,29.2,degC
Fish Tank 3,Fish Tanks,191,191,2025-07-02,afternoon,dissolved_oxygen,5.3,mg/L
Fish Tank 3,Fish Tanks,191,191,2025-07-02,afternoon,temperature,30.6,degC
Fish Tank 3,Fish Tanks,191,191,2025-07-02,morning,dissolved_oxygen,6.38,mg/L
Fish Tank 3,Fish Tanks,191,191,2025-07-02,morning,temperature,29.0,degC
Fish Tank 3,Fish Tanks,191,191,2025-07-03,morning,dissolved_oxygen,6.19,mg/L
Fish Tank 3,Fish Tanks,191,191,2025-07-03,morning,temperature,27.8,degC
Fish Tank 3,Fish Tanks,191,191,2025-07-04,afternoon,dissolved_oxygen,6.01,mg/L
Fish Tank 3,Fish Tanks,191,191,2025-07-04,afternoon,temperature,31.2,degC
Fish Tank 3,Fish Tanks,191,191,2025-07-04,morning,dissolved_oxygen,6.06,mg/L
Fish Tank 3,Fish Tanks,191,191,2025-07-04,morning,temperature,28.6,degC
Fish Tank 3,Fish Tanks,191,191,2025-07-08,afternoon,dissolved_oxygen,5.81,mg/L
Fish Tank 3,Fish Tanks,191,191,2025-07-08,afternoon,temperature,30.5,degC
Fish Tank 3,Fish Tanks,191,191,2025-07-10,afternoon,dissolved_oxygen,6.36,mg/L
Fish Tank 3,Fish Tanks,191,191,2025-07-10,afternoon,temperature,30.3,degC
Fish Tank 3,Fish Tanks,191,191,2025-07-10,morning,dissolved_oxygen,6.25,mg/L
Fish Tank 3,Fish Tanks,191,191,2025-07-10,morning,temperature,29.2,degC
Fish Tank 3,Fish Tanks,191,191,2025-07-11,afternoon,dissolved_oxygen,6.45,mg/L
Fish Tank 3,Fish Tanks,191,191,2025-07-11,afternoon,temperature,31.7,degC
Fish Tank 3,Fish Tanks,191,191,2025-07-11,morning,dissolved_oxygen,6.2,mg/L
Fish Tank 3,Fish Tanks,191,191,2025-07-11,morning,temperature,28.2,degC
Fish Tank 3,Fish Tanks,191,191,2025-07-15,afternoon,dissolved_oxygen,5.32,mg/L
Fish Tank 3,Fish Tanks,191,191,2025-07-15,afternoon,temperature,32.6,degC
Fish Tank 3,Fish Tanks,191,191,2025-07-15,morning,dissolved_oxygen,5.62,mg/L
Fish Tank 3,Fish Tanks,191,191,2025-07-15,morning,temperature,28.9,degC
Fish Tank 3,Fish Tanks,191,191,2025-07-16,afternoon,dissolved_oxygen,4.61,mg/L
Fish Tank 3,Fish Tanks,191,191,2025-07-16,afternoon,temperature,32.1,degC
Fish Tank 3,Fish Tanks,191,191,2025-07-17,afternoon,dissolved_oxygen,5.0,mg/L
Fish Tank 3,Fish Tanks,191,191,2025-07-17,afternoon,temperature,32.6,degC
Fish Tank 3,Fish Tanks,191,191,2025-07-17,morning,dissolved_oxygen,5.34,mg/L
Fish Tank 3,Fish Tanks,191,191,2025-07-17,morning,temperature,29.8,degC
Fish Tank 3,Fish Tanks,191,191,2025-07-18,afternoon,dissolved_oxygen,6.04,mg/L
Fish Tank 3,Fish Tanks,191,191,2025-07-18,afternoon,temperature,33.0,degC
Fish Tank 3,Fish Tanks,191,191,2025-07-18,morning,dissolved_oxygen,5.02,mg/L
Fish Tank 3,Fish Tanks,191,191,2025-07-18,morning,temperature,29.8,degC
Fish Tank 3,Fish Tanks,191,191,2025-07-21,afternoon,dissolved_oxygen,6.26,mg/L
Fish Tank 3,Fish Tanks,191,191,2025-07-21,afternoon,temperature,32.6,degC
Fish Tank 3,Fish Tanks,191,191,2025-07-21,morning,dissolved_oxygen,6.07,mg/L
Fish Tank 3,Fish Tanks,191,191,2025-07-21,morning,temperature,28.9,degC
Fish Tank 3,Fish Tanks,191,191,2025-07-22,afternoon,dissolved_oxygen,5.1,mg/L
Fish Tank 3,Fish Tanks,191,191,2025-07-22,afternoon,temperature,33.2,degC
Fish Tank 3,Fish Tanks,191,191,2025-07-23,afternoon,dissolved_oxygen,5.4,mg/L
Fish Tank 3,Fish Tanks,191,191,2025-07-23,afternoon,temperature,32.2,degC
Fish Tank 3,Fish Tanks,191,191,2025-07-23,morning,dissolved_oxygen,5.78,mg/L
Fish Tank 3,Fish Tanks,191,191,2025-07-23,morning,temperature,29.4,degC
Fish Tank 3,Fish Tanks,191,191,2025-07-24,afternoon,dissolved_oxygen,6.74,mg/L
Fish Tank 3,Fish Tanks,191,191,2025-07-24,afternoon,temperature,32.5,degC
Fish Tank 3,Fish Tanks,191,191,2025-07-24,morning,dissolved_oxygen,6.29,mg/L
Fish Tank 3,Fish Tanks,191,191,2025-07-24,morning,temperature,29.4,degC
Fish Tank 3,Fish Tanks,191,191,2025-07-25,afternoon,dissolved_oxygen,8.54,mg/L
Fish Tank 3,Fish Tanks,191,191,2025-07-25,afternoon,temperature,32.7,degC
Fish Tank 3,Fish Tanks,191,191,2025-07-28,afternoon,dissolved_oxygen,5.2,mg/L
Fish Tank 3,Fish Tanks,191,191,2025-07-28,afternoon,temperature,33.3,degC
Fish Tank 3,Fish Tanks,191,191,2025-07-28,morning,dissolved_oxygen,5.3,mg/L
Fish Tank 3,Fish Tanks,191,191,2025-07-28,morning,temperature,29.2,degC
Fish Tank 3,Fish Tanks,191,191,2025-07-29,afternoon,dissolved_oxygen,4.19,mg/L
Fish Tank 3,Fish Tanks,191,191,2025-07-29,afternoon,temperature,32.8,degC
Fish Tank 3,Fish Tanks,191,191,2025-07-29,morning,dissolved_oxygen,5.44,mg/L
Fish Tank 3,Fish Tanks,191,191,2025-07-29,morning,temperature,30.0,degC
Fish Tank 3,Fish Tanks,191,191,2025-07-30,afternoon,dissolved_oxygen,5.71,mg/L
Fish Tank 3,Fish Tanks,191,191,2025-07-30,afternoon,temperature,30.2,degC
Fish Tank 3,Fish Tanks,194,194,2025-07-01,afternoon,dissolved_oxygen,5.93,mg/L
Fish Tank 3,Fish Tanks,194,194,2025-07-01,afternoon,temperature,32.6,degC
Fish Tank 3,Fish Tanks,194,194,2025-07-01,morning,dissolved_oxygen,6.67,mg/L
Fish Tank 3,Fish Tanks,194,194,2025-07-01,morning,temperature,29.1,degC
Fish Tank 3,Fish Tanks,194,194,2025-07-02,afternoon,dissolved_oxygen,5.01,mg/L
Fish Tank 3,Fish Tanks,194,194,2025-07-02,afternoon,temperature,30.7,degC
Fish Tank 3,Fish Tanks,194,194,2025-07-02,morning,dissolved_oxygen,6.39,mg/L
Fish Tank 3,Fish Tanks,194,194,2025-07-02,morning,temperature,29.3,degC
Fish Tank 3,Fish Tanks,194,194,2025-07-03,morning,dissolved_oxygen,5.92,mg/L
Fish Tank 3,Fish Tanks,194,194,2025-07-03,morning,temperature,27.7,degC
Fish Tank 3,Fish Tanks,194,194,2025-07-04,afternoon,dissolved_oxygen,6.5,mg/L
Fish Tank 3,Fish Tanks,194,194,2025-07-04,afternoon,temperature,31.3,degC
Fish Tank 3,Fish Tanks,194,194,2025-07-04,morning,dissolved_oxygen,5.72,mg/L
Fish Tank 3,Fish Tanks,194,194,2025-07-04,morning,temperature,28.5,degC
Fish Tank 3,Fish Tanks,194,194,2025-07-07,morning,ammonia,3.1,mg/L
Fish Tank 3,Fish Tanks,194,194,2025-07-07,morning,nitrate,2.7,mg/L
Fish Tank 3,Fish Tanks,194,194,2025-07-07,morning,nitrite,2.53,mg/L
Fish Tank 3,Fish Tanks,194,194,2025-07-07,morning,ph,7.02,pH
Fish Tank 3,Fish Tanks,194,194,2025-07-08,afternoon,dissolved_oxygen,5.82,mg/L
Fish Tank 3,Fish Tanks,194,194,2025-07-08,afternoon,temperature,30.5,degC
Fish Tank 3,Fish Tanks,194,194,2025-07-10,afternoon,dissolved_oxygen,6.53,mg/L
Fish Tank 3,Fish Tanks,194,194,2025-07-10,afternoon,temperature,30.2,degC
Fish Tank 3,Fish Tanks,194,194,2025-07-10,morning,dissolved_oxygen,6.24,mg/L
Fish Tank 3,Fish Tanks,194,194,2025-07-10,morning,temperature,29.2,degC
Fish Tank 3,Fish Tanks,194,194,2025-07-11,afternoon,dissolved_oxygen,7.13,mg/L
Fish Tank 3,Fish Tanks,194,194,2025-07-11,afternoon,temperature,32.0,degC
Fish Tank 3,Fish Tanks,194,194,2025-07-11,morning,ammonia,3.2,mg/L
Fish Tank 3,Fish Tanks,194,194,2025-07-11,morning,dissolved_oxygen,6.11,mg/L
Fish Tank 3,Fish Tanks,194,194,2025-07-11,morning,nitrate,1.1,mg/L
Fish Tank 3,Fish Tanks,194,194,2025-07-11,morning,nitrite,1.62,mg/L
Fish Tank 3,Fish Tanks,194,194,2025-07-11,morning,ph,6.92,pH
Fish Tank 3,Fish Tanks,194,194,2025-07-11,morning,temperature,28.2,degC
Fish Tank 3,Fish Tanks,194,194,2025-07-15,afternoon,dissolved_oxygen,5.25,mg/L
Fish Tank 3,Fish Tanks,194,194,2025-07-15,afternoon,temperature,32.6,degC
Fish Tank 3,Fish Tanks,194,194,2025-07-15,morning,dissolved_oxygen,5.78,mg/L
Fish Tank 3,Fish Tanks,194,194,2025-07-15,morning,temperature,29.0,degC
Fish Tank 3,Fish Tanks,194,194,2025-07-16,afternoon,dissolved_oxygen,4.97,mg/L
Fish Tank 3,Fish Tanks,194,194,2025-07-16,afternoon,temperature,32.3,degC
Fish Tank 3,Fish Tanks,194,194,2025-07-17,afternoon,dissolved_oxygen,5.4,mg/L
Fish Tank 3,Fish Tanks,194,194,2025-07-17,afternoon,temperature,32.9,degC
Fish Tank 3,Fish Tanks,194,194,2025-07-17,morning,dissolved_oxygen,5.92,mg/L
Fish Tank 3,Fish Tanks,194,194,2025-07-17,morning,temperature,29.8,degC
Fish Tank 3,Fish Tanks,194,194,2025-07-18,afternoon,dissolved_oxygen,7.21,mg/L
Fish Tank 3,Fish Tanks,194,194,2025-07-18,afternoon,temperature,33.1,degC
Fish Tank 3,Fish Tanks,194,194,2025-07-18,morning,dissolved_oxygen,5.47,mg/L
Fish Tank 3,Fish Tanks,194,194,2025-07-18,morning,temperature,29.8,degC
Fish Tank 3,Fish Tanks,194,194,2025-07-21,afternoon,dissolved_oxygen,7.08,mg/L
Fish Tank 3,Fish Tanks,194,194,2025-07-21,afternoon,temperature,32.8,degC
Fish Tank 3,Fish Tanks,194,194,2025-07-21,morning,dissolved_oxygen,6.84,mg/L
Fish Tank 3,Fish Tanks,194,194,2025-07-21,morning,temperature,28.9,degC
Fish Tank 3,Fish Tanks,194,194,2025-07-22,afternoon,dissolved_oxygen,4.29,mg/L
Fish Tank 3,Fish Tanks,194,194,2025-07-22,afternoon,temperature,33.2,degC
Fish Tank 3,Fish Tanks,194,194,2025-07-23,afternoon,dissolved_oxygen,5.68,mg/L
Fish Tank 3,Fish Tanks,194,194,2025-07-23,afternoon,temperature,32.0,degC
Fish Tank 3,Fish Tanks,194,194,2025-07-23,morning,dissolved_oxygen,5.63,mg/L
Fish Tank 3,Fish Tanks,194,194,2025-07-23,morning,temperature,29.2,degC
Fish Tank 3,Fish Tanks,194,194,2025-07-24,afternoon,dissolved_oxygen,6.86,mg/L
Fish Tank 3,Fish Tanks,194,194,2025-07-24,afternoon,temperature,32.7,degC
Fish Tank 3,Fish Tanks,194,194,2025-07-24,morning,dissolved_oxygen,6.74,mg/L
Fish Tank 3,Fish Tanks,194,194,2025-07-24,morning,temperature,29.4,degC
Fish Tank 3,Fish Tanks,194,194,2025-07-25,afternoon,dissolved_oxygen,9.1,mg/L
Fish Tank 3,Fish Tanks,194,194,2025-07-25,afternoon,temperature,33.0,degC
Fish Tank 3,Fish Tanks,194,194,2025-07-28,afternoon,dissolved_oxygen,5.61,mg/L
Fish Tank 3,Fish Tanks,194,194,2025-07-28,afternoon,temperature,32.7,degC
Fish Tank 3,Fish Tanks,194,194,2025-07-28,morning,dissolved_oxygen,5.59,mg/L
Fish Tank 3,Fish Tanks,194,194,2025-07-28,morning,temperature,29.2,degC
Fish Tank 3,Fish Tanks,194,194,2025-07-29,afternoon,dissolved_oxygen,4.89,mg/L
Fish Tank 3,Fish Tanks,194,194,2025-07-29,afternoon,temperature,33.7,degC
Fish Tank 3,Fish Tanks,194,194,2025-07-29,morning,dissolved_oxygen,5.23,mg/L
Fish Tank 3,Fish Tanks,194,194,2025-07-29,morning,temperature,29.8,degC
Fish Tank 3,Fish Tanks,194,194,2025-07-30,afternoon,dissolved_oxygen,6.13,mg/L
Fish Tank 3,Fish Tanks,194,194,2025-07-30,afternoon,temperature,30.3,degC
Fish Tank 3,Fish Tanks,195,195,2025-07-01,afternoon,dissolved_oxygen,6.33,mg/L
Fish Tank 3,Fish Tanks,195,195,2025-07-01,afternoon,temperature,32.6,degC
Fish Tank 3,Fish Tanks,195,195,2025-07-01,morning,dissolved_oxygen,6.62,mg/L
Fish Tank 3,Fish Tanks,195,195,2025-07-01,morning,temperature,29.1,degC
Fish Tank 3,Fish Tanks,195,195,2025-07-02,afternoon,dissolved_oxygen,5.11,mg/L
Fish Tank 3,Fish Tanks,195,195,2025-07-02,afternoon,temperature,30.6,degC
Fish Tank 3,Fish Tanks,195,195,2025-07-02,morning,dissolved_oxygen,6.15,mg/L
Fish Tank 3,Fish Tanks,195,195,2025-07-02,morning,temperature,29.3,degC
Fish Tank 3,Fish Tanks,195,195,2025-07-03,morning,dissolved_oxygen,5.74,mg/L
Fish Tank 3,Fish Tanks,195,195,2025-07-03,morning,temperature,27.9,degC
Fish Tank 3,Fish Tanks,195,195,2025-07-04,afternoon,dissolved_oxygen,5.63,mg/L
Fish Tank 3,Fish Tanks,195,195,2025-07-04,afternoon,temperature,31.2,degC
Fish Tank 3,Fish Tanks,195,195,2025-07-04,morning,dissolved_oxygen,6.04,mg/L
Fish Tank 3,Fish Tanks,195,195,2025-07-04,morning,temperature,28.6,degC
Fish Tank 3,Fish Tanks,195,195,2025-07-08,afternoon,dissolved_oxygen,6.12,mg/L
Fish Tank 3,Fish Tanks,195,195,2025-07-08,afternoon,temperature,30.4,degC
Fish Tank 3,Fish Tanks,195,195,2025-07-10,afternoon,dissolved_oxygen,6.19,mg/L
Fish Tank 3,Fish Tanks,195,195,2025-07-10,afternoon,temperature,30.1,degC
Fish Tank 3,Fish Tanks,195,195,2025-07-10,morning,dissolved_oxygen,6.4,mg/L
Fish Tank 3,Fish Tanks,195,195,2025-07-10,morning,temperature,29.2,degC
Fish Tank 3,Fish Tanks,195,195,2025-07-11,afternoon,dissolved_oxygen,6.17,mg/L
Fish Tank 3,Fish Tanks,195,195,2025-07-11,afternoon,temperature,31.8,degC
Fish Tank 3,Fish Tanks,195,195,2025-07-11,morning,dissolved_oxygen,6.25,mg/L
Fish Tank 3,Fish Tanks,195,195,2025-07-11,morning,temperature,28.2,degC
Fish Tank 3,Fish Tanks,195,195,2025-07-15,afternoon,dissolved_oxygen,5.14,mg/L
Fish Tank 3,Fish Tanks,195,195,2025-07-15,afternoon,temperature,32.5,degC
Fish Tank 3,Fish Tanks,195,195,2025-07-15,morning,dissolved_oxygen,5.83,mg/L
Fish Tank 3,Fish Tanks,195,195,2025-07-15,morning,temperature,28.9,degC
Fish Tank 3,Fish Tanks,195,195,2025-07-16,afternoon,dissolved_oxygen,4.72,mg/L
Fish Tank 3,Fish Tanks,195,195,2025-07-16,afternoon,temperature,32.1,degC
Fish Tank 3,Fish Tanks,195,195,2025-07-17,afternoon,dissolved_oxygen,4.54,mg/L
Fish Tank 3,Fish Tanks,195,195,2025-07-17,afternoon,temperature,32.5,degC
Fish Tank 3,Fish Tanks,195,195,2025-07-17,morning,dissolved_oxygen,5.65,mg/L
Fish Tank 3,Fish Tanks,195,195,2025-07-17,morning,temperature,29.8,degC
Fish Tank 3,Fish Tanks,195,195,2025-07-18,afternoon,dissolved_oxygen,6.17,mg/L
Fish Tank 3,Fish Tanks,195,195,2025-07-18,afternoon,temperature,32.9,degC
Fish Tank 3,Fish Tanks,195,195,2025-07-18,morning,dissolved_oxygen,5.45,mg/L
Fish Tank 3,Fish Tanks,195,195,2025-07-18,morning,temperature,29.8,degC
Fish Tank 3,Fish Tanks,195,195,2025-07-21,afternoon,dissolved_oxygen,6.92,mg/L
Fish Tank 3,Fish Tanks,195,195,2025-07-21,afternoon,temperature,32.6,degC
Fish Tank 3,Fish Tanks,195,195,2025-07-21,morning,dissolved_oxygen,6.55,mg/L
Fish Tank 3,Fish Tanks,195,195,2025-07-21,morning,temperature,28.9,degC
Fish Tank 3,Fish Tanks,195,195,2025-07-22,afternoon,dissolved_oxygen,5.68,mg/L
Fish Tank 3,Fish Tanks,195,195,2025-07-22,afternoon,temperature,33.1,degC
Fish Tank 3,Fish Tanks,195,195,2025-07-23,afternoon,dissolved_oxygen,5.74,mg/L
Fish Tank 3,Fish Tanks,195,195,2025-07-23,afternoon,temperature,32.0,degC
Fish Tank 3,Fish Tanks,195,195,2025-07-23,morning,dissolved_oxygen,5.99,mg/L
Fish Tank 3,Fish Tanks,195,195,2025-07-23,morning,temperature,29.4,degC
Fish Tank 3,Fish Tanks,195,195,2025-07-24,afternoon,dissolved_oxygen,7.39,mg/L
Fish Tank 3,Fish Tanks,195,195,2025-07-24,afternoon,temperature,32.5,degC
Fish Tank 3,Fish Tanks,195,195,2025-07-24,morning,dissolved_oxygen,7.1,mg/L
Fish Tank 3,Fish Tanks,195,195,2025-07-24,morning,temperature,29.3,degC
Fish Tank 3,Fish Tanks,195,195,2025-07-25,afternoon,dissolved_oxygen,8.67,mg/L
Fish Tank 3,Fish Tanks,195,195,2025-07-25,afternoon,temperature,32.8,degC
Fish Tank 3,Fish Tanks,195,195,2025-07-28,afternoon,dissolved_oxygen,6.13,mg/L
Fish Tank 3,Fish Tanks,195,195,2025-07-28,afternoon,temperature,32.5,degC
Fish Tank 3,Fish Tanks,195,195,2025-07-28,morning,dissolved_oxygen,6.15,mg/L
Fish Tank 3,Fish Tanks,195,195,2025-07-28,morning,temperature,29.2,degC
Fish Tank 3,Fish Tanks,195,195,2025-07-29,afternoon,dissolved_oxygen,4.79,mg/L
Fish Tank 3,Fish Tanks,195,195,2025-07-29,afternoon,temperature,33.4,degC
Fish Tank 3,Fish Tanks,195,195,2025-07-29,morning,dissolved_oxygen,5.51,mg/L
Fish Tank 3,Fish Tanks,195,195,2025-07-29,morning,temperature,29.7,degC
Fish Tank 3,Fish Tanks,195,195,2025-07-30,afternoon,dissolved_oxygen,5.45,mg/L
Fish Tank 3,Fish Tanks,195,195,2025-07-30,afternoon,temperature,30.9,degC
Fish Tank 3,Fish Tanks,196,196,2025-07-01,afternoon,dissolved_oxygen,6.34,mg/L
Fish Tank 3,Fish Tanks,196,196,2025-07-01,afternoon,temperature,32.6,degC
Fish Tank 3,Fish Tanks,196,196,2025-07-01,morning,dissolved_oxygen,6.57,mg/L
Fish Tank 3,Fish Tanks,196,196,2025-07-01,morning,temperature,29.2,degC
Fish Tank 3,Fish Tanks,196,196,2025-07-02,afternoon,dissolved_oxygen,5.04,mg/L
Fish Tank 3,Fish Tanks,196,196,2025-07-02,afternoon,temperature,30.7,degC
Fish Tank 3,Fish Tanks,196,196,2025-07-02,morning,dissolved_oxygen,6.53,mg/L
Fish Tank 3,Fish Tanks,196,196,2025-07-02,morning,temperature,29.3,degC
Fish Tank 3,Fish Tanks,196,196,2025-07-03,morning,dissolved_oxygen,5.94,mg/L
Fish Tank 3,Fish Tanks,196,196,2025-07-03,morning,temperature,27.9,degC
Fish Tank 3,Fish Tanks,196,196,2025-07-04,afternoon,dissolved_oxygen,6.9,mg/L
Fish Tank 3,Fish Tanks,196,196,2025-07-04,afternoon,temperature,31.4,degC
Fish Tank 3,Fish Tanks,196,196,2025-07-04,morning,dissolved_oxygen,5.98,mg/L
Fish Tank 3,Fish Tanks,196,196,2025-07-04,morning,temperature,28.7,degC
Fish Tank 3,Fish Tanks,196,196,2025-07-08,afternoon,dissolved_oxygen,6.15,mg/L
Fish Tank 3,Fish Tanks,196,196,2025-07-08,afternoon,temperature,30.4,degC
Fish Tank 3,Fish Tanks,196,196,2025-07-10,afternoon,dissolved_oxygen,7.26,mg/L
Fish Tank 3,Fish Tanks,196,196,2025-07-10,afternoon,temperature,30.1,degC
Fish Tank 3,Fish Tanks,196,196,2025-07-10,morning,dissolved_oxygen,6.82,mg/L
Fish Tank 3,Fish Tanks,196,196,2025-07-10,morning,temperature,29.2,degC
Fish Tank 3,Fish Tanks,196,196,2025-07-11,afternoon,dissolved_oxygen,7.06,mg/L
Fish Tank 3,Fish Tanks,196,196,2025-07-11,afternoon,temperature,31.8,degC
Fish Tank 3,Fish Tanks,196,196,2025-07-11,morning,dissolved_oxygen,6.38,mg/L
Fish Tank 3,Fish Tanks,196,196,2025-07-11,morning,temperature,28.1,degC
Fish Tank 3,Fish Tanks,196,196,2025-07-15,afternoon,dissolved_oxygen,5.6,mg/L
Fish Tank 3,Fish Tanks,196,196,2025-07-15,afternoon,temperature,32.6,degC
Fish Tank 3,Fish Tanks,196,196,2025-07-15,morning,dissolved_oxygen,5.9,mg/L
Fish Tank 3,Fish Tanks,196,196,2025-07-15,morning,temperature,29.0,degC
Fish Tank 3,Fish Tanks,196,196,2025-07-16,afternoon,dissolved_oxygen,4.64,mg/L
Fish Tank 3,Fish Tanks,196,196,2025-07-16,afternoon,temperature,32.3,degC
Fish Tank 3,Fish Tanks,196,196,2025-07-17,afternoon,dissolved_oxygen,4.92,mg/L
Fish Tank 3,Fish Tanks,196,196,2025-07-17,afternoon,temperature,32.9,degC
Fish Tank 3,Fish Tanks,196,196,2025-07-17,morning,dissolved_oxygen,5.92,mg/L
Fish Tank 3,Fish Tanks,196,196,2025-07-17,morning,temperature,29.9,degC
Fish Tank 3,Fish Tanks,196,196,2025-07-18,afternoon,dissolved_oxygen,6.23,mg/L
Fish Tank 3,Fish Tanks,196,196,2025-07-18,afternoon,temperature,33.2,degC
Fish Tank 3,Fish Tanks,196,196,2025-07-18,morning,dissolved_oxygen,5.36,mg/L
Fish Tank 3,Fish Tanks,196,196,2025-07-18,morning,temperature,29.9,degC
Fish Tank 3,Fish Tanks,196,196,2025-07-21,afternoon,dissolved_oxygen,6.84,mg/L
Fish Tank 3,Fish Tanks,196,196,2025-07-21,afternoon,temperature,32.8,degC
Fish Tank 3,Fish Tanks,196,196,2025-07-21,morning,dissolved_oxygen,6.42,mg/L
Fish Tank 3,Fish Tanks,196,196,2025-07-21,morning,temperature,29.0,degC
Fish Tank 3,Fish Tanks,196,196,2025-07-22,afternoon,dissolved_oxygen,5.47,mg/L
Fish Tank 3,Fish Tanks,196,196,2025-07-22,afternoon,temperature,33.1,degC
Fish Tank 3,Fish Tanks,196,196,2025-07-23,afternoon,dissolved_oxygen,5.79,mg/L
Fish Tank 3,Fish Tanks,196,196,2025-07-23,afternoon,temperature,32.0,degC
Fish Tank 3,Fish Tanks,196,196,2025-07-23,morning,dissolved_oxygen,5.52,mg/L
Fish Tank 3,Fish Tanks,196,196,2025-07-23,morning,temperature,29.4,degC
Fish Tank 3,Fish Tanks,196,196,2025-07-24,afternoon,dissolved_oxygen,7.73,mg/L
Fish Tank 3,Fish Tanks,196,196,2025-07-24,afternoon,temperature,32.7,degC
Fish Tank 3,Fish Tanks,196,196,2025-07-24,morning,dissolved_oxygen,6.95,mg/L
Fish Tank 3,Fish Tanks,196,196,2025-07-24,morning,temperature,29.2,degC
Fish Tank 3,Fish Tanks,196,196,2025-07-25,afternoon,dissolved_oxygen,8.93,mg/L
Fish Tank 3,Fish Tanks,196,196,2025-07-25,afternoon,temperature,33.0,degC
Fish Tank 3,Fish Tanks,196,196,2025-07-28,afternoon,dissolved_oxygen,6.57,mg/L
Fish Tank 3,Fish Tanks,196,196,2025-07-28,afternoon,temperature,32.8,degC
Fish Tank 3,Fish Tanks,196,196,2025-07-28,morning,dissolved_oxygen,6.2,mg/L
Fish Tank 3,Fish Tanks,196,196,2025-07-28,morning,temperature,29.2,degC
Fish Tank 3,Fish Tanks,196,196,2025-07-29,afternoon,dissolved_oxygen,4.91,mg/L
Fish Tank 3,Fish Tanks,196,196,2025-07-29,afternoon,temperature,33.8,degC
Fish Tank 3,Fish Tanks,196,196,2025-07-29,morning,dissolved_oxygen,5.66,mg/L
Fish Tank 3,Fish Tanks,196,196,2025-07-29,morning,temperature,29.7,degC
Fish Tank 3,Fish Tanks,196,196,2025-07-30,afternoon,dissolved_oxygen,5.45,mg/L
Fish Tank 3,Fish Tanks,196,196,2025-07-30,afternoon,temperature,32.1,degC
Fish Tank 3,Fish Tanks,197,197,2025-07-28,afternoon,dissolved_oxygen,6.26,mg/L
Fish Tank 3,Fish Tanks,197,197,2025-07-28,afternoon,temperature,33.0,degC
Fish Tank 3,Fish Tanks,198,198,2025-07-01,afternoon,dissolved_oxygen,5.9,mg/L
Fish Tank 3,Fish Tanks,198,198,2025-07-01,afternoon,temperature,32.0,degC
Fish Tank 3,Fish Tanks,198,198,2025-07-01,morning,ammonia,0.66,mg/L
Fish Tank 3,Fish Tanks,198,198,2025-07-01,morning,dissolved_oxygen,6.83,mg/L
Fish Tank 3,Fish Tanks,198,198,2025-07-01,morning,nitrate,1.2,mg/L
Fish Tank 3,Fish Tanks,198,198,2025-07-01,morning,nitrite,0.001,mg/L
Fish Tank 3,Fish Tanks,198,198,2025-07-01,morning,ph,6.71,pH
Fish Tank 3,Fish Tanks,198,198,2025-07-01,morning,temperature,29.3,degC
Fish Tank 3,Fish Tanks,198,198,2025-07-02,afternoon,dissolved_oxygen,5.4,mg/L
Fish Tank 3,Fish Tanks,198,198,2025-07-02,afternoon,temperature,30.6,degC
Fish Tank 3,Fish Tanks,198,198,2025-07-02,morning,dissolved_oxygen,6.66,mg/L
Fish Tank 3,Fish Tanks,198,198,2025-07-02,morning,temperature,28.8,degC
Fish Tank 3,Fish Tanks,198,198,2025-07-03,morning,dissolved_oxygen,6.22,mg/L
Fish Tank 3,Fish Tanks,198,198,2025-07-03,morning,temperature,27.8,degC
Fish Tank 3,Fish Tanks,198,198,2025-07-04,afternoon,dissolved_oxygen,6.75,mg/L
Fish Tank 3,Fish Tanks,198,198,2025-07-04,afternoon,temperature,31.5,degC
Fish Tank 3,Fish Tanks,198,198,2025-07-04,morning,ammonia,2.0,mg/L
Fish Tank 3,Fish Tanks,198,198,2025-07-04,morning,dissolved_oxygen,6.02,mg/L
Fish Tank 3,Fish Tanks,198,198,2025-07-04,morning,nitrate,1.1,mg/L
Fish Tank 3,Fish Tanks,198,198,2025-07-04,morning,nitrite,0.072,mg/L
Fish Tank 3,Fish Tanks,198,198,2025-07-04,morning,ph,6.98,pH
Fish Tank 3,Fish Tanks,198,198,2025-07-04,morning,temperature,28.6,degC
Fish Tank 3,Fish Tanks,198,198,2025-07-08,afternoon,dissolved_oxygen,6.03,mg/L
Fish Tank 3,Fish Tanks,198,198,2025-07-08,afternoon,temperature,30.5,degC
Fish Tank 3,Fish Tanks,198,198,2025-07-10,afternoon,dissolved_oxygen,6.26,mg/L
Fish Tank 3,Fish Tanks,198,198,2025-07-10,afternoon,temperature,30.0,degC
Fish Tank 3,Fish Tanks,198,198,2025-07-10,morning,dissolved_oxygen,6.45,mg/L
Fish Tank 3,Fish Tanks,198,198,2025-07-10,morning,temperature,29.0,degC
Fish Tank 3,Fish Tanks,198,198,2025-07-11,afternoon,dissolved_oxygen,6.21,mg/L
Fish Tank 3,Fish Tanks,198,198,2025-07-11,afternoon,temperature,32.0,degC
Fish Tank 3,Fish Tanks,198,198,2025-07-11,morning,dissolved_oxygen,5.88,mg/L
Fish Tank 3,Fish Tanks,198,198,2025-07-11,morning,temperature,28.1,degC
Fish Tank 3,Fish Tanks,198,198,2025-07-15,afternoon,dissolved_oxygen,5.58,mg/L
Fish Tank 3,Fish Tanks,198,198,2025-07-15,afternoon,temperature,32.8,degC
Fish Tank 3,Fish Tanks,198,198,2025-07-15,morning,dissolved_oxygen,6.03,mg/L
Fish Tank 3,Fish Tanks,198,198,2025-07-15,morning,temperature,28.9,degC
Fish Tank 3,Fish Tanks,198,198,2025-07-16,afternoon,dissolved_oxygen,4.66,mg/L
Fish Tank 3,Fish Tanks,198,198,2025-07-16,afternoon,temperature,32.3,degC
Fish Tank 3,Fish Tanks,198,198,2025-07-17,afternoon,dissolved_oxygen,4.3,mg/L
Fish Tank 3,Fish Tanks,198,198,2025-07-17,afternoon,temperature,33.0,degC
Fish Tank 3,Fish Tanks,198,198,2025-07-17,morning,dissolved_oxygen,5.16,mg/L
Fish Tank 3,Fish Tanks,198,198,2025-07-17,morning,temperature,29.8,degC
Fish Tank 3,Fish Tanks,198,198,2025-07-18,afternoon,dissolved_oxygen,6.27,mg/L
Fish Tank 3,Fish Tanks,198,198,2025-07-18,afternoon,temperature,33.1,degC
Fish Tank 3,Fish Tanks,198,198,2025-07-18,morning,dissolved_oxygen,4.92,mg/L
Fish Tank 3,Fish Tanks,198,198,2025-07-18,morning,temperature,29.8,degC
Fish Tank 3,Fish Tanks,198,198,2025-07-21,afternoon,dissolved_oxygen,6.32,mg/L
Fish Tank 3,Fish Tanks,198,198,2025-07-21,afternoon,temperature,32.8,degC
Fish Tank 3,Fish Tanks,198,198,2025-07-21,morning,dissolved_oxygen,5.78,mg/L
Fish Tank 3,Fish Tanks,198,198,2025-07-21,morning,temperature,29.0,degC
Fish Tank 3,Fish Tanks,198,198,2025-07-22,afternoon,dissolved_oxygen,5.55,mg/L
Fish Tank 3,Fish Tanks,198,198,2025-07-22,afternoon,temperature,33.3,degC
Fish Tank 3,Fish Tanks,198,198,2025-07-23,afternoon,dissolved_oxygen,6.44,mg/L
Fish Tank 3,Fish Tanks,198,198,2025-07-23,afternoon,temperature,31.9,degC
Fish Tank 3,Fish Tanks,198,198,2025-07-23,morning,dissolved_oxygen,5.9,mg/L
Fish Tank 3,Fish Tanks,198,198,2025-07-23,morning,temperature,29.4,degC
Fish Tank 3,Fish Tanks,198,198,2025-07-24,afternoon,dissolved_oxygen,6.65,mg/L
Fish Tank 3,Fish Tanks,198,198,2025-07-24,afternoon,temperature,32.9,degC
Fish Tank 3,Fish Tanks,198,198,2025-07-24,morning,dissolved_oxygen,6.9,mg/L
Fish Tank 3,Fish Tanks,198,198,2025-07-24,morning,temperature,29.3,degC
Fish Tank 3,Fish Tanks,198,198,2025-07-25,afternoon,dissolved_oxygen,9.53,mg/L
Fish Tank 3,Fish Tanks,198,198,2025-07-25,afternoon,temperature,33.0,degC
Fish Tank 3,Fish Tanks,198,198,2025-07-28,afternoon,dissolved_oxygen,6.25,mg/L
Fish Tank 3,Fish Tanks,198,198,2025-07-28,afternoon,temperature,33.0,degC
Fish Tank 3,Fish Tanks,198,198,2025-07-28,morning,dissolved_oxygen,5.86,mg/L
Fish Tank 3,Fish Tanks,198,198,2025-07-28,morning,temperature,29.2,degC
Fish Tank 3,Fish Tanks,198,198,2025-07-29,afternoon,dissolved_oxygen,4.81,mg/L
Fish Tank 3,Fish Tanks,198,198,2025-07-29,afternoon,temperature,33.8,degC
Fish Tank 3,Fish Tanks,198,198,2025-07-29,morning,dissolved_oxygen,5.45,mg/L
Fish Tank 3,Fish Tanks,198,198,2025-07-29,morning,temperature,29.7,degC
Fish Tank 3,Fish Tanks,198,198,2025-07-30,afternoon,dissolved_oxygen,6.14,mg/L
Fish Tank 3,Fish Tanks,198,198,2025-07-30,afternoon,temperature,30.7,degC
Fish Tank 3,Fish Tanks,199,199,2025-07-01,afternoon,dissolved_oxygen,6.13,mg/L
Fish Tank 3,Fish Tanks,199,199,2025-07-01,afternoon,temperature,32.8,degC
Fish Tank 3,Fish Tanks,199,199,2025-07-01,morning,dissolved_oxygen,6.5,mg/L
Fish Tank 3,Fish Tanks,199,199,2025-07-01,morning,temperature,29.1,degC
Fish Tank 3,Fish Tanks,199,199,2025-07-02,afternoon,dissolved_oxygen,4.95,mg/L
Fish Tank 3,Fish Tanks,199,199,2025-07-02,afternoon,temperature,30.8,degC
Fish Tank 3,Fish Tanks,199,199,2025-07-02,morning,dissolved_oxygen,6.3,mg/L
Fish Tank 3,Fish Tanks,199,199,2025-07-02,morning,temperature,29.2,degC
Fish Tank 3,Fish Tanks,199,199,2025-07-03,morning,dissolved_oxygen,6.14,mg/L
Fish Tank 3,Fish Tanks,199,199,2025-07-03,morning,temperature,27.9,degC
Fish Tank 3,Fish Tanks,199,199,2025-07-04,afternoon,dissolved_oxygen,6.51,mg/L
Fish Tank 3,Fish Tanks,199,199,2025-07-04,afternoon,temperature,31.6,degC
Fish Tank 3,Fish Tanks,199,199,2025-07-04,morning,dissolved_oxygen,5.92,mg/L
Fish Tank 3,Fish Tanks,199,199,2025-07-04,morning,temperature,28.6,degC
Fish Tank 3,Fish Tanks,199,199,2025-07-08,afternoon,dissolved_oxygen,5.95,mg/L
Fish Tank 3,Fish Tanks,199,199,2025-07-08,afternoon,temperature,30.7,degC
Fish Tank 3,Fish Tanks,199,199,2025-07-10,afternoon,dissolved_oxygen,5.46,mg/L
Fish Tank 3,Fish Tanks,199,199,2025-07-10,afternoon,temperature,30.0,degC
Fish Tank 3,Fish Tanks,199,199,2025-07-10,morning,dissolved_oxygen,6.12,mg/L
Fish Tank 3,Fish Tanks,199,199,2025-07-10,morning,temperature,29.1,degC
Fish Tank 3,Fish Tanks,199,199,2025-07-11,afternoon,dissolved_oxygen,6.2,mg/L
Fish Tank 3,Fish Tanks,199,199,2025-07-11,afternoon,temperature,32.0,degC
Fish Tank 3,Fish Tanks,199,199,2025-07-11,morning,dissolved_oxygen,6.03,mg/L
Fish Tank 3,Fish Tanks,199,199,2025-07-11,morning,temperature,28.1,degC
Fish Tank 3,Fish Tanks,199,199,2025-07-15,afternoon,dissolved_oxygen,5.92,mg/L
Fish Tank 3,Fish Tanks,199,199,2025-07-15,afternoon,temperature,32.7,degC
Fish Tank 3,Fish Tanks,199,199,2025-07-15,morning,dissolved_oxygen,5.94,mg/L
Fish Tank 3,Fish Tanks,199,199,2025-07-15,morning,temperature,29.0,degC
Fish Tank 3,Fish Tanks,199,199,2025-07-16,afternoon,dissolved_oxygen,4.92,mg/L
Fish Tank 3,Fish Tanks,199,199,2025-07-16,afternoon,temperature,32.4,degC
Fish Tank 3,Fish Tanks,199,199,2025-07-17,afternoon,dissolved_oxygen,5.14,mg/L
Fish Tank 3,Fish Tanks,199,199,2025-07-17,afternoon,temperature,33.1,degC
Fish Tank 3,Fish Tanks,199,199,2025-07-17,morning,dissolved_oxygen,5.77,mg/L
Fish Tank 3,Fish Tanks,199,199,2025-07-17,morning,temperature,29.5,degC
Fish Tank 3,Fish Tanks,199,199,2025-07-18,afternoon,dissolved_oxygen,5.81,mg/L
Fish Tank 3,Fish Tanks,199,199,2025-07-18,afternoon,temperature,33.1,degC
Fish Tank 3,Fish Tanks,199,199,2025-07-18,morning,dissolved_oxygen,5.22,mg/L
Fish Tank 3,Fish Tanks,199,199,2025-07-18,morning,temperature,29.8,degC
Fish Tank 3,Fish Tanks,199,199,2025-07-21,afternoon,dissolved_oxygen,6.07,mg/L
Fish Tank 3,Fish Tanks,199,199,2025-07-21,afternoon,temperature,32.8,degC
Fish Tank 3,Fish Tanks,199,199,2025-07-21,morning,dissolved_oxygen,5.85,mg/L
Fish Tank 3,Fish Tanks,199,199,2025-07-21,morning,temperature,29.0,degC
Fish Tank 3,Fish Tanks,199,199,2025-07-22,afternoon,dissolved_oxygen,4.92,mg/L
Fish Tank 3,Fish Tanks,199,199,2025-07-22,afternoon,temperature,33.2,degC
Fish Tank 3,Fish Tanks,199,199,2025-07-23,afternoon,dissolved_oxygen,5.69,mg/L
Fish Tank 3,Fish Tanks,199,199,2025-07-23,afternoon,temperature,32.0,degC
Fish Tank 3,Fish Tanks,199,199,2025-07-23,morning,dissolved_oxygen,5.79,mg/L
Fish Tank 3,Fish Tanks,199,199,2025-07-23,morning,temperature,29.4,degC
Fish Tank 3,Fish Tanks,199,199,2025-07-24,afternoon,dissolved_oxygen,6.52,mg/L
Fish Tank 3,Fish Tanks,199,199,2025-07-24,afternoon,temperature,32.9,degC
Fish Tank 3,Fish Tanks,199,199,2025-07-24,morning,dissolved_oxygen,6.66,mg/L
Fish Tank 3,Fish Tanks,199,199,2025-07-24,morning,temperature,29.3,degC
Fish Tank 3,Fish Tanks,199,199,2025-07-25,afternoon,dissolved_oxygen,9.97,mg/L
Fish Tank 3,Fish Tanks,199,199,2025-07-25,afternoon,temperature,33.1,degC
Fish Tank 3,Fish Tanks,199,199,2025-07-28,afternoon,dissolved_oxygen,6.76,mg/L
Fish Tank 3,Fish Tanks,199,199,2025-07-28,afternoon,temperature,32.9,degC
Fish Tank 3,Fish Tanks,199,199,2025-07-28,morning,dissolved_oxygen,6.24,mg/L
Fish Tank 3,Fish Tanks,199,199,2025-07-28,morning,temperature,29.2,degC
Fish Tank 3,Fish Tanks,199,199,2025-07-29,afternoon,dissolved_oxygen,4.94,mg/L
Fish Tank 3,Fish Tanks,199,199,2025-07-29,afternoon,temperature,33.9,degC
Fish Tank 3,Fish Tanks,199,199,2025-07-29,morning,dissolved_oxygen,5.57,mg/L
Fish Tank 3,Fish Tanks,199,199,2025-07-29,morning,temperature,29.8,degC
Fish Tank 3,Fish Tanks,199,199,2025-07-30,afternoon,dissolved_oxygen,5.99,mg/L
Fish Tank 3,Fish Tanks,199,199,2025-07-30,afternoon,temperature,30.8,degC
Fish Tank 3,Fish Tanks,200,200,2025-07-01,afternoon,dissolved_oxygen,6.28,mg/L
Fish Tank 3,Fish Tanks,200,200,2025-07-01,afternoon,temperature,32.8,degC
Fish Tank 3,Fish Tanks,200,200,2025-07-01,morning,dissolved_oxygen,6.74,mg/L
Fish Tank 3,Fish Tanks,200,200,2025-07-01,morning,temperature,29.1,degC
Fish Tank 3,Fish Tanks,200,200,2025-07-02,afternoon,dissolved_oxygen,5.28,mg/L
Fish Tank 3,Fish Tanks,200,200,2025-07-02,afternoon,temperature,30.8,degC
Fish Tank 3,Fish Tanks,200,200,2025-07-02,morning,dissolved_oxygen,6.39,mg/L
Fish Tank 3,Fish Tanks,200,200,2025-07-02,morning,temperature,29.3,degC
Fish Tank 3,Fish Tanks,200,200,2025-07-03,morning,dissolved_oxygen,6.21,mg/L
Fish Tank 3,Fish Tanks,200,200,2025-07-03,morning,temperature,27.9,degC
Fish Tank 3,Fish Tanks,200,200,2025-07-04,afternoon,dissolved_oxygen,6.16,mg/L
Fish Tank 3,Fish Tanks,200,200,2025-07-04,afternoon,temperature,31.6,degC
Fish Tank 3,Fish Tanks,200,200,2025-07-04,morning,dissolved_oxygen,5.83,mg/L
Fish Tank 3,Fish Tanks,200,200,2025-07-04,morning,temperature,28.7,degC
Fish Tank 3,Fish Tanks,200,200,2025-07-08,afternoon,dissolved_oxygen,5.18,mg/L
Fish Tank 3,Fish Tanks,200,200,2025-07-08,afternoon,temperature,31.3,degC
Fish Tank 3,Fish Tanks,200,200,2025-07-10,afternoon,dissolved_oxygen,5.72,mg/L
Fish Tank 3,Fish Tanks,200,200,2025-07-10,afternoon,temperature,30.1,degC
Fish Tank 3,Fish Tanks,200,200,2025-07-10,morning,dissolved_oxygen,6.21,mg/L
Fish Tank 3,Fish Tanks,200,200,2025-07-10,morning,temperature,29.1,degC
Fish Tank 3,Fish Tanks,200,200,2025-07-11,afternoon,dissolved_oxygen,5.86,mg/L
Fish Tank 3,Fish Tanks,200,200,2025-07-11,afternoon,temperature,32.0,degC
Fish Tank 3,Fish Tanks,200,200,2025-07-11,morning,dissolved_oxygen,6.37,mg/L
Fish Tank 3,Fish Tanks,200,200,2025-07-11,morning,temperature,28.1,degC
Fish Tank 3,Fish Tanks,200,200,2025-07-15,afternoon,dissolved_oxygen,5.79,mg/L
Fish Tank 3,Fish Tanks,200,200,2025-07-15,afternoon,temperature,32.8,degC
Fish Tank 3,Fish Tanks,200,200,2025-07-15,morning,dissolved_oxygen,6.1,mg/L
Fish Tank 3,Fish Tanks,200,200,2025-07-15,morning,temperature,29.0,degC
Fish Tank 3,Fish Tanks,200,200,2025-07-16,afternoon,dissolved_oxygen,4.58,mg/L
Fish Tank 3,Fish Tanks,200,200,2025-07-16,afternoon,temperature,32.5,degC
Fish Tank 3,Fish Tanks,200,200,2025-07-17,afternoon,dissolved_oxygen,5.29,mg/L
Fish Tank 3,Fish Tanks,200,200,2025-07-17,afternoon,temperature,33.1,degC
Fish Tank 3,Fish Tanks,200,200,2025-07-17,morning,dissolved_oxygen,5.31,mg/L
Fish Tank 3,Fish Tanks,200,200,2025-07-17,morning,temperature,29.8,degC
Fish Tank 3,Fish Tanks,200,200,2025-07-18,afternoon,dissolved_oxygen,6.49,mg/L
Fish Tank 3,Fish Tanks,200,200,2025-07-18,afternoon,temperature,33.1,degC
Fish Tank 3,Fish Tanks,200,200,2025-07-18,morning,dissolved_oxygen,5.46,mg/L
Fish Tank 3,Fish Tanks,200,200,2025-07-18,morning,temperature,29.8,degC
Fish Tank 3,Fish Tanks,200,200,2025-07-21,afternoon,dissolved_oxygen,6.39,mg/L
Fish Tank 3,Fish Tanks,200,200,2025-07-21,afternoon,temperature,32.8,degC
Fish Tank 3,Fish Tanks,200,200,2025-07-21,morning,dissolved_oxygen,6.11,mg/L
Fish Tank 3,Fish Tanks,200,200,2025-07-21,morning,temperature,29.0,degC
Fish Tank 3,Fish Tanks,200,200,2025-07-22,afternoon,dissolved_oxygen,5.57,mg/L
Fish Tank 3,Fish Tanks,200,200,2025-07-22,afternoon,temperature,33.2,degC
Fish Tank 3,Fish Tanks,200,200,2025-07-23,afternoon,dissolved_oxygen,5.32,mg/L
Fish Tank 3,Fish Tanks,200,200,2025-07-23,afternoon,temperature,32.5,degC
Fish Tank 3,Fish Tanks,200,200,2025-07-23,morning,dissolved_oxygen,5.62,mg/L
Fish Tank 3,Fish Tanks,200,200,2025-07-23,morning,temperature,29.4,degC
Fish Tank 3,Fish Tanks,200,200,2025-07-24,afternoon,dissolved_oxygen,7.06,mg/L
Fish Tank 3,Fish Tanks,200,200,2025-07-24,afternoon,temperature,32.9,degC
Fish Tank 3,Fish Tanks,200,200,2025-07-24,morning,dissolved_oxygen,7.12,mg/L
Fish Tank 3,Fish Tanks,200,200,2025-07-24,morning,temperature,29.2,degC
Fish Tank 3,Fish Tanks,200,200,2025-07-25,afternoon,dissolved_oxygen,9.84,mg/L
Fish Tank 3,Fish Tanks,200,200,2025-07-25,afternoon,temperature,33.1,degC
Fish Tank 3,Fish Tanks,200,200,2025-07-28,morning,dissolved_oxygen,6.67,mg/L
Fish Tank 3,Fish Tanks,200,200,2025-07-28,morning,temperature,29.2,degC
Fish Tank 3,Fish Tanks,200,200,2025-07-29,afternoon,dissolved_oxygen,4.67,mg/L
Fish Tank 3,Fish Tanks,200,200,2025-07-29,afternoon,temperature,33.8,degC
Fish Tank 3,Fish Tanks,200,200,2025-07-29,morning,dissolved_oxygen,5.53,mg/L
Fish Tank 3,Fish Tanks,200,200,2025-07-29,morning,temperature,29.8,degC
Fish Tank 3,Fish Tanks,200,200,2025-07-30,afternoon,dissolved_oxygen,6.07,mg/L
Fish Tank 3,Fish Tanks,200,200,2025-07-30,afternoon,temperature,30.8,degC
Fish Tank 3,Fish Tanks,201,201,2025-07-01,afternoon,dissolved_oxygen,6.18,mg/L
Fish Tank 3,Fish Tanks,201,201,2025-07-01,afternoon,temperature,32.7,degC
Fish Tank 3,Fish Tanks,201,201,2025-07-01,morning,dissolved_oxygen,6.55,mg/L
Fish Tank 3,Fish Tanks,201,201,2025-07-01,morning,temperature,29.0,degC
Fish Tank 3,Fish Tanks,201,201,2025-07-02,afternoon,dissolved_oxygen,5.16,mg/L
Fish Tank 3,Fish Tanks,201,201,2025-07-02,afternoon,temperature,30.6,degC
Fish Tank 3,Fish Tanks,201,201,2025-07-02,morning,dissolved_oxygen,6.53,mg/L
Fish Tank 3,Fish Tanks,201,201,2025-07-02,morning,temperature,29.2,degC
Fish Tank 3,Fish Tanks,201,201,2025-07-03,morning,dissolved_oxygen,6.13,mg/L
Fish Tank 3,Fish Tanks,201,201,2025-07-03,morning,temperature,27.9,degC
Fish Tank 3,Fish Tanks,201,201,2025-07-04,afternoon,dissolved_oxygen,6.3,mg/L
Fish Tank 3,Fish Tanks,201,201,2025-07-04,afternoon,temperature,31.4,degC
Fish Tank 3,Fish Tanks,201,201,2025-07-04,morning,dissolved_oxygen,5.73,mg/L
Fish Tank 3,Fish Tanks,201,201,2025-07-04,morning,temperature,28.6,degC
Fish Tank 3,Fish Tanks,201,201,2025-07-08,afternoon,dissolved_oxygen,6.14,mg/L
Fish Tank 3,Fish Tanks,201,201,2025-07-08,afternoon,temperature,31.0,degC
Fish Tank 3,Fish Tanks,201,201,2025-07-10,afternoon,dissolved_oxygen,5.81,mg/L
Fish Tank 3,Fish Tanks,201,201,2025-07-10,afternoon,temperature,30.0,degC
Fish Tank 3,Fish Tanks,201,201,2025-07-10,morning,dissolved_oxygen,6.27,mg/L
Fish Tank 3,Fish Tanks,201,201,2025-07-10,morning,temperature,29.1,degC
Fish Tank 3,Fish Tanks,201,201,2025-07-11,afternoon,dissolved_oxygen,6.24,mg/L
Fish Tank 3,Fish Tanks,201,201,2025-07-11,afternoon,temperature,31.8,degC
Fish Tank 3,Fish Tanks,201,201,2025-07-11,morning,dissolved_oxygen,6.39,mg/L
Fish Tank 3,Fish Tanks,201,201,2025-07-11,morning,temperature,28.1,degC
Fish Tank 3,Fish Tanks,201,201,2025-07-15,afternoon,dissolved_oxygen,5.73,mg/L
Fish Tank 3,Fish Tanks,201,201,2025-07-15,afternoon,temperature,32.7,degC
Fish Tank 3,Fish Tanks,201,201,2025-07-15,morning,dissolved_oxygen,5.83,mg/L
Fish Tank 3,Fish Tanks,201,201,2025-07-15,morning,temperature,28.9,degC
Fish Tank 3,Fish Tanks,201,201,2025-07-16,afternoon,dissolved_oxygen,4.83,mg/L
Fish Tank 3,Fish Tanks,201,201,2025-07-16,afternoon,temperature,32.3,degC
Fish Tank 3,Fish Tanks,201,201,2025-07-17,afternoon,dissolved_oxygen,4.6,mg/L
Fish Tank 3,Fish Tanks,201,201,2025-07-17,afternoon,temperature,32.9,degC
Fish Tank 3,Fish Tanks,201,201,2025-07-17,morning,dissolved_oxygen,5.75,mg/L
Fish Tank 3,Fish Tanks,201,201,2025-07-17,morning,temperature,29.8,degC
Fish Tank 3,Fish Tanks,201,201,2025-07-18,afternoon,dissolved_oxygen,6.83,mg/L
Fish Tank 3,Fish Tanks,201,201,2025-07-18,afternoon,temperature,33.0,degC
Fish Tank 3,Fish Tanks,201,201,2025-07-18,morning,dissolved_oxygen,5.19,mg/L
Fish Tank 3,Fish Tanks,201,201,2025-07-18,morning,temperature,29.8,degC
Fish Tank 3,Fish Tanks,201,201,2025-07-21,afternoon,dissolved_oxygen,4.99,mg/L
Fish Tank 3,Fish Tanks,201,201,2025-07-21,afternoon,temperature,32.7,degC
Fish Tank 3,Fish Tanks,201,201,2025-07-21,morning,dissolved_oxygen,6.02,mg/L
Fish Tank 3,Fish Tanks,201,201,2025-07-21,morning,temperature,28.9,degC
Fish Tank 3,Fish Tanks,201,201,2025-07-22,afternoon,dissolved_oxygen,5.54,mg/L
Fish Tank 3,Fish Tanks,201,201,2025-07-22,afternoon,temperature,33.1,degC
Fish Tank 3,Fish Tanks,201,201,2025-07-23,afternoon,dissolved_oxygen,5.76,mg/L
Fish Tank 3,Fish Tanks,201,201,2025-07-23,afternoon,temperature,32.2,degC
Fish Tank 3,Fish Tanks,201,201,2025-07-23,morning,dissolved_oxygen,5.8,mg/L
Fish Tank 3,Fish Tanks,201,201,2025-07-23,morning,temperature,29.4,degC
Fish Tank 3,Fish Tanks,201,201,2025-07-24,afternoon,dissolved_oxygen,5.2,mg/L
Fish Tank 3,Fish Tanks,201,201,2025-07-24,afternoon,temperature,32.7,degC
Fish Tank 3,Fish Tanks,201,201,2025-07-24,morning,dissolved_oxygen,6.63,mg/L
Fish Tank 3,Fish Tanks,201,201,2025-07-24,morning,temperature,29.2,degC
Fish Tank 3,Fish Tanks,201,201,2025-07-25,afternoon,dissolved_oxygen,7.41,mg/L
Fish Tank 3,Fish Tanks,201,201,2025-07-25,afternoon,temperature,32.9,degC
Fish Tank 3,Fish Tanks,201,201,2025-07-28,afternoon,dissolved_oxygen,7.3,mg/L
Fish Tank 3,Fish Tanks,201,201,2025-07-28,afternoon,temperature,32.8,degC
Fish Tank 3,Fish Tanks,201,201,2025-07-28,morning,dissolved_oxygen,6.43,mg/L
Fish Tank 3,Fish Tanks,201,201,2025-07-28,morning,temperature,29.1,degC
Fish Tank 3,Fish Tanks,201,201,2025-07-29,afternoon,dissolved_oxygen,5.13,mg/L
Fish Tank 3,Fish Tanks,201,201,2025-07-29,afternoon,temperature,33.8,degC
Fish Tank 3,Fish Tanks,201,201,2025-07-29,morning,dissolved_oxygen,5.62,mg/L
Fish Tank 3,Fish Tanks,201,201,2025-07-29,morning,temperature,29.8,degC
Fish Tank 3,Fish Tanks,201,201,2025-07-30,afternoon,dissolved_oxygen,5.76,mg/L
Fish Tank 3,Fish Tanks,201,201,2025-07-30,afternoon,temperature,30.9,degC
Fish Tank 3,Fish Tanks,202,202,2025-07-01,afternoon,dissolved_oxygen,6.02,mg/L
Fish Tank 3,Fish Tanks,202,202,2025-07-01,afternoon,temperature,32.9,degC
Fish Tank 3,Fish Tanks,202,202,2025-07-01,morning,dissolved_oxygen,6.44,mg/L
Fish Tank 3,Fish Tanks,202,202,2025-07-01,morning,temperature,29.2,degC
Fish Tank 3,Fish Tanks,202,202,2025-07-02,afternoon,dissolved_oxygen,4.78,mg/L
Fish Tank 3,Fish Tanks,202,202,2025-07-02,afternoon,temperature,30.8,degC
Fish Tank 3,Fish Tanks,202,202,2025-07-02,morning,dissolved_oxygen,6.57,mg/L
Fish Tank 3,Fish Tanks,202,202,2025-07-02,morning,temperature,29.2,degC
Fish Tank 3,Fish Tanks,202,202,2025-07-03,morning,dissolved_oxygen,5.61,mg/L
Fish Tank 3,Fish Tanks,202,202,2025-07-03,morning,temperature,27.9,degC
Fish Tank 3,Fish Tanks,202,202,2025-07-04,afternoon,dissolved_oxygen,5.64,mg/L
Fish Tank 3,Fish Tanks,202,202,2025-07-04,afternoon,temperature,31.7,degC
Fish Tank 3,Fish Tanks,202,202,2025-07-04,morning,dissolved_oxygen,5.17,mg/L
Fish Tank 3,Fish Tanks,202,202,2025-07-04,morning,temperature,28.6,degC
Fish Tank 3,Fish Tanks,202,202,2025-07-08,afternoon,dissolved_oxygen,6.03,mg/L
Fish Tank 3,Fish Tanks,202,202,2025-07-08,afternoon,temperature,31.4,degC
Fish Tank 3,Fish Tanks,202,202,2025-07-10,afternoon,dissolved_oxygen,5.66,mg/L
Fish Tank 3,Fish Tanks,202,202,2025-07-10,afternoon,temperature,30.0,degC
Fish Tank 3,Fish Tanks,202,202,2025-07-10,morning,dissolved_oxygen,5.92,mg/L
Fish Tank 3,Fish Tanks,202,202,2025-07-10,morning,temperature,29.1,degC
Fish Tank 3,Fish Tanks,202,202,2025-07-11,afternoon,dissolved_oxygen,6.18,mg/L
Fish Tank 3,Fish Tanks,202,202,2025-07-11,afternoon,temperature,31.9,degC
Fish Tank 3,Fish Tanks,202,202,2025-07-11,morning,dissolved_oxygen,6.3,mg/L
Fish Tank 3,Fish Tanks,202,202,2025-07-11,morning,temperature,28.1,degC
Fish Tank 3,Fish Tanks,202,202,2025-07-15,afternoon,dissolved_oxygen,5.36,mg/L
Fish Tank 3,Fish Tanks,202,202,2025-07-15,afternoon,temperature,32.9,degC
Fish Tank 3,Fish Tanks,202,202,2025-07-15,morning,dissolved_oxygen,5.57,mg/L
Fish Tank 3,Fish Tanks,202,202,2025-07-15,morning,temperature,29.0,degC
Fish Tank 3,Fish Tanks,202,202,2025-07-16,afternoon,dissolved_oxygen,4.68,mg/L
Fish Tank 3,Fish Tanks,202,202,2025-07-16,afternoon,temperature,32.5,degC
Fish Tank 3,Fish Tanks,202,202,2025-07-17,afternoon,dissolved_oxygen,5.35,mg/L
Fish Tank 3,Fish Tanks,202,202,2025-07-17,afternoon,temperature,33.2,degC
Fish Tank 3,Fish Tanks,202,202,2025-07-17,morning,dissolved_oxygen,5.3,mg/L
Fish Tank 3,Fish Tanks,202,202,2025-07-17,morning,temperature,29.8,degC
Fish Tank 3,Fish Tanks,202,202,2025-07-18,afternoon,dissolved_oxygen,6.79,mg/L
Fish Tank 3,Fish Tanks,202,202,2025-07-18,afternoon,temperature,33.1,degC
Fish Tank 3,Fish Tanks,202,202,2025-07-18,morning,dissolved_oxygen,4.95,mg/L
Fish Tank 3,Fish Tanks,202,202,2025-07-18,morning,temperature,29.8,degC
Fish Tank 3,Fish Tanks,202,202,2025-07-21,afternoon,dissolved_oxygen,5.1,mg/L
Fish Tank 3,Fish Tanks,202,202,2025-07-21,afternoon,temperature,32.9,degC
Fish Tank 3,Fish Tanks,202,202,2025-07-21,morning,dissolved_oxygen,5.97,mg/L
Fish Tank 3,Fish Tanks,202,202,2025-07-21,morning,temperature,28.9,degC
Fish Tank 3,Fish Tanks,202,202,2025-07-22,afternoon,dissolved_oxygen,5.32,mg/L
Fish Tank 3,Fish Tanks,202,202,2025-07-22,afternoon,temperature,33.2,degC
Fish Tank 3,Fish Tanks,202,202,2025-07-23,afternoon,dissolved_oxygen,7.37,mg/L
Fish Tank 3,Fish Tanks,202,202,2025-07-23,afternoon,temperature,33.0,degC
Fish Tank 3,Fish Tanks,202,202,2025-07-23,morning,dissolved_oxygen,5.69,mg/L
Fish Tank 3,Fish Tanks,202,202,2025-07-23,morning,temperature,29.5,degC
Fish Tank 3,Fish Tanks,202,202,2025-07-24,afternoon,dissolved_oxygen,5.37,mg/L
Fish Tank 3,Fish Tanks,202,202,2025-07-24,afternoon,temperature,33.0,degC
Fish Tank 3,Fish Tanks,202,202,2025-07-24,morning,dissolved_oxygen,6.56,mg/L
Fish Tank 3,Fish Tanks,202,202,2025-07-24,morning,temperature,29.3,degC
Fish Tank 3,Fish Tanks,202,202,2025-07-25,afternoon,dissolved_oxygen,8.66,mg/L
Fish Tank 3,Fish Tanks,202,202,2025-07-25,afternoon,temperature,33.1,degC
Fish Tank 3,Fish Tanks,202,202,2025-07-28,afternoon,dissolved_oxygen,7.67,mg/L
Fish Tank 3,Fish Tanks,202,202,2025-07-28,afternoon,temperature,32.9,degC
Fish Tank 3,Fish Tanks,202,202,2025-07-28,morning,dissolved_oxygen,6.57,mg/L
Fish Tank 3,Fish Tanks,202,202,2025-07-28,morning,temperature,29.2,degC
Fish Tank 3,Fish Tanks,202,202,2025-07-29,afternoon,dissolved_oxygen,4.51,mg/L
Fish Tank 3,Fish Tanks,202,202,2025-07-29,afternoon,temperature,33.9,degC
Fish Tank 3,Fish Tanks,202,202,2025-07-29,morning,dissolved_oxygen,5.64,mg/L
Fish Tank 3,Fish Tanks,202,202,2025-07-29,morning,temperature,29.9,degC
Fish Tank 3,Fish Tanks,202,202,2025-07-30,afternoon,dissolved_oxygen,5.62,mg/L
Fish Tank 3,Fish Tanks,202,202,2025-07-30,afternoon,temperature,31.0,degC
Fish Tank 3,Fish Tanks,203,203,2025-07-01,afternoon,dissolved_oxygen,6.13,mg/L
Fish Tank 3,Fish Tanks,203,203,2025-07-01,afternoon,temperature,32.9,degC
Fish Tank 3,Fish Tanks,203,203,2025-07-01,morning,dissolved_oxygen,6.47,mg/L
Fish Tank 3,Fish Tanks,203,203,2025-07-01,morning,temperature,29.1,degC
Fish Tank 3,Fish Tanks,203,203,2025-07-02,afternoon,dissolved_oxygen,5.11,mg/L
Fish Tank 3,Fish Tanks,203,203,2025-07-02,afternoon,temperature,30.8,degC
Fish Tank 3,Fish Tanks,203,203,2025-07-02,morning,dissolved_oxygen,6.48,mg/L
Fish Tank 3,Fish Tanks,203,203,2025-07-02,morning,temperature,29.1,degC
Fish Tank 3,Fish Tanks,203,203,2025-07-03,morning,dissolved_oxygen,5.91,mg/L
Fish Tank 3,Fish Tanks,203,203,2025-07-03,morning,temperature,27.9,degC
Fish Tank 3,Fish Tanks,203,203,2025-07-04,afternoon,dissolved_oxygen,6.12,mg/L
Fish Tank 3,Fish Tanks,203,203,2025-07-04,afternoon,temperature,31.6,degC
Fish Tank 3,Fish Tanks,203,203,2025-07-04,morning,dissolved_oxygen,5.19,mg/L
Fish Tank 3,Fish Tanks,203,203,2025-07-04,morning,temperature,28.6,degC
Fish Tank 3,Fish Tanks,203,203,2025-07-08,afternoon,dissolved_oxygen,6.29,mg/L
Fish Tank 3,Fish Tanks,203,203,2025-07-08,afternoon,temperature,31.5,degC
Fish Tank 3,Fish Tanks,203,203,2025-07-10,afternoon,dissolved_oxygen,5.92,mg/L
Fish Tank 3,Fish Tanks,203,203,2025-07-10,afternoon,temperature,30.0,degC
Fish Tank 3,Fish Tanks,203,203,2025-07-10,morning,dissolved_oxygen,6.32,mg/L
Fish Tank 3,Fish Tanks,203,203,2025-07-10,morning,temperature,29.1,degC
Fish Tank 3,Fish Tanks,203,203,2025-07-11,afternoon,dissolved_oxygen,6.23,mg/L
Fish Tank 3,Fish Tanks,203,203,2025-07-11,afternoon,temperature,32.0,degC
Fish Tank 3,Fish Tanks,203,203,2025-07-11,morning,dissolved_oxygen,6.53,mg/L
Fish Tank 3,Fish Tanks,203,203,2025-07-11,morning,temperature,28.1,degC
Fish Tank 3,Fish Tanks,203,203,2025-07-15,afternoon,dissolved_oxygen,5.5,mg/L
Fish Tank 3,Fish Tanks,203,203,2025-07-15,afternoon,temperature,32.8,degC
Fish Tank 3,Fish Tanks,203,203,2025-07-15,morning,dissolved_oxygen,5.8,mg/L
Fish Tank 3,Fish Tanks,203,203,2025-07-15,morning,temperature,29.0,degC
Fish Tank 3,Fish Tanks,203,203,2025-07-16,afternoon,dissolved_oxygen,4.59,mg/L
Fish Tank 3,Fish Tanks,203,203,2025-07-16,afternoon,temperature,32.5,degC
Fish Tank 3,Fish Tanks,203,203,2025-07-17,afternoon,dissolved_oxygen,4.91,mg/L
Fish Tank 3,Fish Tanks,203,203,2025-07-17,afternoon,temperature,33.1,degC
Fish Tank 3,Fish Tanks,203,203,2025-07-17,morning,dissolved_oxygen,5.4,mg/L
Fish Tank 3,Fish Tanks,203,203,2025-07-17,morning,temperature,29.8,degC
Fish Tank 3,Fish Tanks,203,203,2025-07-18,afternoon,dissolved_oxygen,5.61,mg/L
Fish Tank 3,Fish Tanks,203,203,2025-07-18,afternoon,temperature,33.2,degC
Fish Tank 3,Fish Tanks,203,203,2025-07-18,morning,dissolved_oxygen,4.8,mg/L
Fish Tank 3,Fish Tanks,203,203,2025-07-18,morning,temperature,29.8,degC
Fish Tank 3,Fish Tanks,203,203,2025-07-21,afternoon,dissolved_oxygen,6.58,mg/L
Fish Tank 3,Fish Tanks,203,203,2025-07-21,afternoon,temperature,32.9,degC
Fish Tank 3,Fish Tanks,203,203,2025-07-21,morning,dissolved_oxygen,6.27,mg/L
Fish Tank 3,Fish Tanks,203,203,2025-07-21,morning,temperature,29.0,degC
Fish Tank 3,Fish Tanks,203,203,2025-07-22,afternoon,dissolved_oxygen,5.07,mg/L
Fish Tank 3,Fish Tanks,203,203,2025-07-22,afternoon,temperature,33.3,degC
Fish Tank 3,Fish Tanks,203,203,2025-07-23,afternoon,dissolved_oxygen,6.07,mg/L
Fish Tank 3,Fish Tanks,203,203,2025-07-23,afternoon,temperature,33.4,degC
Fish Tank 3,Fish Tanks,203,203,2025-07-23,morning,dissolved_oxygen,6.07,mg/L
Fish Tank 3,Fish Tanks,203,203,2025-07-23,morning,temperature,29.4,degC
Fish Tank 3,Fish Tanks,203,203,2025-07-24,afternoon,dissolved_oxygen,6.55,mg/L
Fish Tank 3,Fish Tanks,203,203,2025-07-24,afternoon,temperature,33.0,degC
Fish Tank 3,Fish Tanks,203,203,2025-07-24,morning,dissolved_oxygen,6.54,mg/L
Fish Tank 3,Fish Tanks,203,203,2025-07-24,morning,temperature,29.2,degC
Fish Tank 3,Fish Tanks,203,203,2025-07-25,afternoon,dissolved_oxygen,9.46,mg/L
Fish Tank 3,Fish Tanks,203,203,2025-07-25,afternoon,temperature,33.1,degC
Fish Tank 3,Fish Tanks,203,203,2025-07-28,afternoon,dissolved_oxygen,7.07,mg/L
Fish Tank 3,Fish Tanks,203,203,2025-07-28,afternoon,temperature,33.0,degC
Fish Tank 3,Fish Tanks,203,203,2025-07-28,morning,dissolved_oxygen,6.23,mg/L
Fish Tank 3,Fish Tanks,203,203,2025-07-28,morning,temperature,29.1,degC
Fish Tank 3,Fish Tanks,203,203,2025-07-29,afternoon,dissolved_oxygen,4.52,mg/L
Fish Tank 3,Fish Tanks,203,203,2025-07-29,afternoon,temperature,34.0,degC
Fish Tank 3,Fish Tanks,203,203,2025-07-29,morning,dissolved_oxygen,5.51,mg/L
Fish Tank 3,Fish Tanks,203,203,2025-07-29,morning,temperature,29.8,degC
Fish Tank 3,Fish Tanks,203,203,2025-07-30,afternoon,dissolved_oxygen,6.16,mg/L
Fish Tank 3,Fish Tanks,203,203,2025-07-30,afternoon,temperature,30.6,degC
Fish Tank 3,Fish Tanks,205,205,2025-07-01,afternoon,dissolved_oxygen,6.24,mg/L
Fish Tank 3,Fish Tanks,205,205,2025-07-01,afternoon,temperature,32.8,degC
Fish Tank 3,Fish Tanks,205,205,2025-07-01,morning,ammonia,2.0,mg/L
Fish Tank 3,Fish Tanks,205,205,2025-07-01,morning,dissolved_oxygen,6.53,mg/L
Fish Tank 3,Fish Tanks,205,205,2025-07-01,morning,nitrate,1.8,mg/L
Fish Tank 3,Fish Tanks,205,205,2025-07-01,morning,nitrite,0.082,mg/L
Fish Tank 3,Fish Tanks,205,205,2025-07-01,morning,ph,6.63,pH
Fish Tank 3,Fish Tanks,205,205,2025-07-01,morning,temperature,29.1,degC
Fish Tank 3,Fish Tanks,205,205,2025-07-02,afternoon,dissolved_oxygen,5.12,mg/L
Fish Tank 3,Fish Tanks,205,205,2025-07-02,afternoon,temperature,30.7,degC
Fish Tank 3,Fish Tanks,205,205,2025-07-02,morning,dissolved_oxygen,6.44,mg/L
Fish Tank 3,Fish Tanks,205,205,2025-07-02,morning,temperature,29.2,degC
Fish Tank 3,Fish Tanks,205,205,2025-07-03,morning,dissolved_oxygen,5.93,mg/L
Fish Tank 3,Fish Tanks,205,205,2025-07-03,morning,temperature,27.8,degC
Fish Tank 3,Fish Tanks,205,205,2025-07-04,afternoon,dissolved_oxygen,6.14,mg/L
Fish Tank 3,Fish Tanks,205,205,2025-07-04,afternoon,temperature,31.5,degC
Fish Tank 3,Fish Tanks,205,205,2025-07-04,morning,ammonia,1.6,mg/L
Fish Tank 3,Fish Tanks,205,205,2025-07-04,morning,dissolved_oxygen,5.7,mg/L
Fish Tank 3,Fish Tanks,205,205,2025-07-04,morning,nitrate,1.3,mg/L
Fish Tank 3,Fish Tanks,205,205,2025-07-04,morning,nitrite,0.035,mg/L
Fish Tank 3,Fish Tanks,205,205,2025-07-04,morning,ph,6.9,pH
Fish Tank 3,Fish Tanks,205,205,2025-07-04,morning,temperature,28.6,degC
Fish Tank 3,Fish Tanks,205,205,2025-07-08,afternoon,dissolved_oxygen,6.2,mg/L
Fish Tank 3,Fish Tanks,205,205,2025-07-08,afternoon,temperature,31.4,degC
Fish Tank 3,Fish Tanks,205,205,2025-07-10,afternoon,dissolved_oxygen,5.37,mg/L
Fish Tank 3,Fish Tanks,205,205,2025-07-10,afternoon,temperature,29.9,degC
Fish Tank 3,Fish Tanks,205,205,2025-07-10,morning,dissolved_oxygen,6.16,mg/L
Fish Tank 3,Fish Tanks,205,205,2025-07-10,morning,temperature,29.0,degC
Fish Tank 3,Fish Tanks,205,205,2025-07-11,afternoon,dissolved_oxygen,5.52,mg/L
Fish Tank 3,Fish Tanks,205,205,2025-07-11,afternoon,temperature,31.8,degC
Fish Tank 3,Fish Tanks,205,205,2025-07-11,morning,dissolved_oxygen,5.85,mg/L
Fish Tank 3,Fish Tanks,205,205,2025-07-11,morning,temperature,28.1,degC
Fish Tank 3,Fish Tanks,205,205,2025-07-15,afternoon,dissolved_oxygen,5.6,mg/L
Fish Tank 3,Fish Tanks,205,205,2025-07-15,afternoon,temperature,32.7,degC
Fish Tank 3,Fish Tanks,205,205,2025-07-16,afternoon,dissolved_oxygen,4.61,mg/L
Fish Tank 3,Fish Tanks,205,205,2025-07-16,afternoon,temperature,32.4,degC
Fish Tank 3,Fish Tanks,205,205,2025-07-17,afternoon,dissolved_oxygen,5.1,mg/L
Fish Tank 3,Fish Tanks,205,205,2025-07-17,afternoon,temperature,33.0,degC
Fish Tank 3,Fish Tanks,205,205,2025-07-17,morning,dissolved_oxygen,5.25,mg/L
Fish Tank 3,Fish Tanks,205,205,2025-07-17,morning,temperature,29.8,degC
Fish Tank 3,Fish Tanks,205,205,2025-07-18,afternoon,dissolved_oxygen,6.31,mg/L
Fish Tank 3,Fish Tanks,205,205,2025-07-18,afternoon,temperature,33.0,degC
Fish Tank 3,Fish Tanks,205,205,2025-07-18,morning,dissolved_oxygen,5.23,mg/L
Fish Tank 3,Fish Tanks,205,205,2025-07-18,morning,temperature,29.8,degC
Fish Tank 3,Fish Tanks,205,205,2025-07-21,afternoon,dissolved_oxygen,6.34,mg/L
Fish Tank 3,Fish Tanks,205,205,2025-07-21,afternoon,temperature,32.7,degC
Fish Tank 3,Fish Tanks,205,205,2025-07-21,morning,dissolved_oxygen,6.05,mg/L
Fish Tank 3,Fish Tanks,205,205,2025-07-21,morning,temperature,28.9,degC
Fish Tank 3,Fish Tanks,205,205,2025-07-22,afternoon,dissolved_oxygen,5.45,mg/L
Fish Tank 3,Fish Tanks,205,205,2025-07-22,afternoon,temperature,33.1,degC
Fish Tank 3,Fish Tanks,205,205,2025-07-23,afternoon,dissolved_oxygen,6.78,mg/L
Fish Tank 3,Fish Tanks,205,205,2025-07-23,afternoon,temperature,32.0,degC
Fish Tank 3,Fish Tanks,205,205,2025-07-23,morning,dissolved_oxygen,6.0,mg/L
Fish Tank 3,Fish Tanks,205,205,2025-07-23,morning,temperature,29.4,degC
Fish Tank 3,Fish Tanks,205,205,2025-07-24,afternoon,dissolved_oxygen,6.2,mg/L
Fish Tank 3,Fish Tanks,205,205,2025-07-24,afternoon,temperature,32.8,degC
Fish Tank 3,Fish Tanks,205,205,2025-07-24,morning,dissolved_oxygen,6.77,mg/L
Fish Tank 3,Fish Tanks,205,205,2025-07-24,morning,temperature,29.2,degC
Fish Tank 3,Fish Tanks,205,205,2025-07-25,afternoon,dissolved_oxygen,9.57,mg/L
Fish Tank 3,Fish Tanks,205,205,2025-07-25,afternoon,temperature,32.9,degC
Fish Tank 3,Fish Tanks,205,205,2025-07-28,afternoon,dissolved_oxygen,6.14,mg/L
Fish Tank 3,Fish Tanks,205,205,2025-07-28,afternoon,temperature,32.9,degC
Fish Tank 3,Fish Tanks,205,205,2025-07-28,morning,dissolved_oxygen,6.1,mg/L
Fish Tank 3,Fish Tanks,205,205,2025-07-28,morning,temperature,29.2,degC
Fish Tank 3,Fish Tanks,205,205,2025-07-29,afternoon,dissolved_oxygen,4.9,mg/L
Fish Tank 3,Fish Tanks,205,205,2025-07-29,afternoon,temperature,33.8,degC
Fish Tank 3,Fish Tanks,205,205,2025-07-29,morning,dissolved_oxygen,5.37,mg/L
Fish Tank 3,Fish Tanks,205,205,2025-07-29,morning,temperature,29.7,degC
Fish Tank 3,Fish Tanks,205,205,2025-07-30,afternoon,dissolved_oxygen,6.09,mg/L
Fish Tank 3,Fish Tanks,205,205,2025-07-30,afternoon,temperature,30.6,degC
Fish Tank 3,Fish Tanks,206,206,2025-07-01,afternoon,dissolved_oxygen,6.26,mg/L
Fish Tank 3,Fish Tanks,206,206,2025-07-01,afternoon,temperature,32.8,degC
Fish Tank 3,Fish Tanks,206,206,2025-07-01,morning,dissolved_oxygen,6.72,mg/L
Fish Tank 3,Fish Tanks,206,206,2025-07-01,morning,temperature,29.0,degC
Fish Tank 3,Fish Tanks,206,206,2025-07-02,afternoon,dissolved_oxygen,5.3,mg/L
Fish Tank 3,Fish Tanks,206,206,2025-07-02,afternoon,temperature,30.7,degC
Fish Tank 3,Fish Tanks,206,206,2025-07-02,morning,dissolved_oxygen,6.52,mg/L
Fish Tank 3,Fish Tanks,206,206,2025-07-02,morning,temperature,29.3,degC
Fish Tank 3,Fish Tanks,206,206,2025-07-03,morning,dissolved_oxygen,6.15,mg/L
Fish Tank 3,Fish Tanks,206,206,2025-07-03,morning,temperature,27.8,degC
Fish Tank 3,Fish Tanks,206,206,2025-07-04,afternoon,dissolved_oxygen,6.46,mg/L
Fish Tank 3,Fish Tanks,206,206,2025-07-04,afternoon,temperature,31.4,degC
Fish Tank 3,Fish Tanks,206,206,2025-07-04,morning,dissolved_oxygen,6.05,mg/L
Fish Tank 3,Fish Tanks,206,206,2025-07-04,morning,temperature,28.6,degC
Fish Tank 3,Fish Tanks,206,206,2025-07-08,afternoon,dissolved_oxygen,6.3,mg/L
Fish Tank 3,Fish Tanks,206,206,2025-07-08,afternoon,temperature,31.5,degC
Fish Tank 3,Fish Tanks,206,206,2025-07-10,afternoon,dissolved_oxygen,6.07,mg/L
Fish Tank 3,Fish Tanks,206,206,2025-07-10,afternoon,temperature,29.8,degC
Fish Tank 3,Fish Tanks,206,206,2025-07-10,morning,dissolved_oxygen,6.13,mg/L
Fish Tank 3,Fish Tanks,206,206,2025-07-10,morning,temperature,29.0,degC
Fish Tank 3,Fish Tanks,206,206,2025-07-11,afternoon,dissolved_oxygen,6.11,mg/L
Fish Tank 3,Fish Tanks,206,206,2025-07-11,afternoon,temperature,31.7,degC
Fish Tank 3,Fish Tanks,206,206,2025-07-11,morning,dissolved_oxygen,6.34,mg/L
Fish Tank 3,Fish Tanks,206,206,2025-07-11,morning,temperature,28.0,degC
Fish Tank 3,Fish Tanks,206,206,2025-07-15,afternoon,dissolved_oxygen,5.59,mg/L
Fish Tank 3,Fish Tanks,206,206,2025-07-15,afternoon,temperature,32.6,degC
Fish Tank 3,Fish Tanks,206,206,2025-07-16,afternoon,dissolved_oxygen,4.66,mg/L
Fish Tank 3,Fish Tanks,206,206,2025-07-16,afternoon,temperature,32.2,degC
Fish Tank 3,Fish Tanks,206,206,2025-07-17,afternoon,dissolved_oxygen,5.08,mg/L
Fish Tank 3,Fish Tanks,206,206,2025-07-17,afternoon,temperature,32.8,degC
Fish Tank 3,Fish Tanks,206,206,2025-07-17,morning,dissolved_oxygen,5.73,mg/L
Fish Tank 3,Fish Tanks,206,206,2025-07-17,morning,temperature,29.7,degC
Fish Tank 3,Fish Tanks,206,206,2025-07-18,afternoon,dissolved_oxygen,6.23,mg/L
Fish Tank 3,Fish Tanks,206,206,2025-07-18,afternoon,temperature,32.9,degC
Fish Tank 3,Fish Tanks,206,206,2025-07-18,morning,dissolved_oxygen,5.12,mg/L
Fish Tank 3,Fish Tanks,206,206,2025-07-18,morning,temperature,29.7,degC
Fish Tank 3,Fish Tanks,206,206,2025-07-21,afternoon,dissolved_oxygen,6.64,mg/L
Fish Tank 3,Fish Tanks,206,206,2025-07-21,afternoon,temperature,32.5,degC
Fish Tank 3,Fish Tanks,206,206,2025-07-21,morning,dissolved_oxygen,6.4,mg/L
Fish Tank 3,Fish Tanks,206,206,2025-07-21,morning,temperature,29.0,degC
Fish Tank 3,Fish Tanks,206,206,2025-07-22,afternoon,dissolved_oxygen,5.48,mg/L
Fish Tank 3,Fish Tanks,206,206,2025-07-22,afternoon,temperature,33.0,degC
Fish Tank 3,Fish Tanks,206,206,2025-07-23,afternoon,dissolved_oxygen,6.56,mg/L
Fish Tank 3,Fish Tanks,206,206,2025-07-23,afternoon,temperature,32.0,degC
Fish Tank 3,Fish Tanks,206,206,2025-07-23,morning,dissolved_oxygen,5.93,mg/L
Fish Tank 3,Fish Tanks,206,206,2025-07-23,morning,temperature,29.4,degC
Fish Tank 3,Fish Tanks,206,206,2025-07-24,afternoon,dissolved_oxygen,6.26,mg/L
Fish Tank 3,Fish Tanks,206,206,2025-07-24,afternoon,temperature,32.6,degC
Fish Tank 3,Fish Tanks,206,206,2025-07-24,morning,dissolved_oxygen,7.05,mg/L
Fish Tank 3,Fish Tanks,206,206,2025-07-24,morning,temperature,29.1,degC
Fish Tank 3,Fish Tanks,206,206,2025-07-25,afternoon,dissolved_oxygen,9.45,mg/L
Fish Tank 3,Fish Tanks,206,206,2025-07-25,afternoon,temperature,32.8,degC
Fish Tank 3,Fish Tanks,206,206,2025-07-28,afternoon,dissolved_oxygen,5.91,mg/L
Fish Tank 3,Fish Tanks,206,206,2025-07-28,afternoon,temperature,32.7,degC
Fish Tank 3,Fish Tanks,206,206,2025-07-28,morning,dissolved_oxygen,6.0,mg/L
Fish Tank 3,Fish Tanks,206,206,2025-07-28,morning,temperature,29.1,degC
Fish Tank 3,Fish Tanks,206,206,2025-07-29,afternoon,dissolved_oxygen,5.03,mg/L
Fish Tank 3,Fish Tanks,206,206,2025-07-29,afternoon,temperature,33.8,degC
Fish Tank 3,Fish Tanks,206,206,2025-07-29,morning,dissolved_oxygen,5.33,mg/L
Fish Tank 3,Fish Tanks,206,206,2025-07-29,morning,temperature,29.7,degC
Fish Tank 3,Fish Tanks,206,206,2025-07-30,afternoon,dissolved_oxygen,5.23,mg/L
Fish Tank 3,Fish Tanks,206,206,2025-07-30,afternoon,temperature,30.7,degC
Fish Tank 3,Fish Tanks,207,207,2025-07-01,afternoon,dissolved_oxygen,5.95,mg/L
Fish Tank 3,Fish Tanks,207,207,2025-07-01,afternoon,temperature,32.7,degC
Fish Tank 3,Fish Tanks,207,207,2025-07-01,morning,dissolved_oxygen,6.57,mg/L
Fish Tank 3,Fish Tanks,207,207,2025-07-01,morning,temperature,28.9,degC
Fish Tank 3,Fish Tanks,207,207,2025-07-02,afternoon,dissolved_oxygen,5.17,mg/L
Fish Tank 3,Fish Tanks,207,207,2025-07-02,afternoon,temperature,30.7,degC
Fish Tank 3,Fish Tanks,207,207,2025-07-02,morning,dissolved_oxygen,6.47,mg/L
Fish Tank 3,Fish Tanks,207,207,2025-07-02,morning,temperature,29.1,degC
Fish Tank 3,Fish Tanks,207,207,2025-07-03,morning,dissolved_oxygen,5.93,mg/L
Fish Tank 3,Fish Tanks,207,207,2025-07-03,morning,temperature,27.8,degC
Fish Tank 3,Fish Tanks,207,207,2025-07-04,afternoon,dissolved_oxygen,5.07,mg/L
Fish Tank 3,Fish Tanks,207,207,2025-07-04,afternoon,temperature,31.2,degC
Fish Tank 3,Fish Tanks,207,207,2025-07-04,morning,dissolved_oxygen,5.91,mg/L
Fish Tank 3,Fish Tanks,207,207,2025-07-04,morning,temperature,28.6,degC
Fish Tank 3,Fish Tanks,207,207,2025-07-08,afternoon,dissolved_oxygen,6.23,mg/L
Fish Tank 3,Fish Tanks,207,207,2025-07-08,afternoon,temperature,31.3,degC
Fish Tank 3,Fish Tanks,207,207,2025-07-10,afternoon,dissolved_oxygen,5.91,mg/L
Fish Tank 3,Fish Tanks,207,207,2025-07-10,afternoon,temperature,29.7,degC
Fish Tank 3,Fish Tanks,207,207,2025-07-10,morning,dissolved_oxygen,6.4,mg/L
Fish Tank 3,Fish Tanks,207,207,2025-07-10,morning,temperature,28.9,degC
Fish Tank 3,Fish Tanks,207,207,2025-07-11,afternoon,dissolved_oxygen,5.76,mg/L
Fish Tank 3,Fish Tanks,207,207,2025-07-11,afternoon,temperature,31.4,degC
Fish Tank 3,Fish Tanks,207,207,2025-07-11,morning,dissolved_oxygen,6.6,mg/L
Fish Tank 3,Fish Tanks,207,207,2025-07-11,morning,temperature,27.9,degC
Fish Tank 3,Fish Tanks,207,207,2025-07-15,afternoon,dissolved_oxygen,5.46,mg/L
Fish Tank 3,Fish Tanks,207,207,2025-07-15,afternoon,temperature,32.5,degC
Fish Tank 3,Fish Tanks,207,207,2025-07-16,afternoon,dissolved_oxygen,4.52,mg/L
Fish Tank 3,Fish Tanks,207,207,2025-07-16,afternoon,temperature,31.9,degC
Fish Tank 3,Fish Tanks,207,207,2025-07-17,afternoon,dissolved_oxygen,5.09,mg/L
Fish Tank 3,Fish Tanks,207,207,2025-07-17,afternoon,temperature,32.4,degC
Fish Tank 3,Fish Tanks,207,207,2025-07-17,morning,dissolved_oxygen,5.64,mg/L
Fish Tank 3,Fish Tanks,207,207,2025-07-17,morning,temperature,29.6,degC
Fish Tank 3,Fish Tanks,207,207,2025-07-18,afternoon,dissolved_oxygen,5.59,mg/L
Fish Tank 3,Fish Tanks,207,207,2025-07-18,afternoon,temperature,32.7,degC
Fish Tank 3,Fish Tanks,207,207,2025-07-18,morning,dissolved_oxygen,5.49,mg/L
Fish Tank 3,Fish Tanks,207,207,2025-07-18,morning,temperature,29.6,degC
Fish Tank 3,Fish Tanks,207,207,2025-07-21,afternoon,dissolved_oxygen,5.9,mg/L
Fish Tank 3,Fish Tanks,207,207,2025-07-21,afternoon,temperature,32.4,degC
Fish Tank 3,Fish Tanks,207,207,2025-07-21,morning,dissolved_oxygen,6.34,mg/L
Fish Tank 3,Fish Tanks,207,207,2025-07-21,morning,temperature,29.0,degC
Fish Tank 3,Fish Tanks,207,207,2025-07-22,afternoon,dissolved_oxygen,5.01,mg/L
Fish Tank 3,Fish Tanks,207,207,2025-07-22,afternoon,temperature,32.9,degC
Fish Tank 3,Fish Tanks,207,207,2025-07-23,afternoon,dissolved_oxygen,6.48,mg/L
Fish Tank 3,Fish Tanks,207,207,2025-07-23,afternoon,temperature,32.0,degC
Fish Tank 3,Fish Tanks,207,207,2025-07-23,morning,dissolved_oxygen,5.96,mg/L
Fish Tank 3,Fish Tanks,207,207,2025-07-23,morning,temperature,29.3,degC
Fish Tank 3,Fish Tanks,207,207,2025-07-24,afternoon,dissolved_oxygen,5.27,mg/L
Fish Tank 3,Fish Tanks,207,207,2025-07-24,afternoon,temperature,32.4,degC
Fish Tank 3,Fish Tanks,207,207,2025-07-24,morning,dissolved_oxygen,6.55,mg/L
Fish Tank 3,Fish Tanks,207,207,2025-07-24,morning,temperature,29.1,degC
Fish Tank 3,Fish Tanks,207,207,2025-07-25,afternoon,dissolved_oxygen,7.98,mg/L
Fish Tank 3,Fish Tanks,207,207,2025-07-25,afternoon,temperature,32.5,degC
Fish Tank 3,Fish Tanks,207,207,2025-07-28,afternoon,dissolved_oxygen,5.07,mg/L
Fish Tank 3,Fish Tanks,207,207,2025-07-28,afternoon,temperature,32.4,degC
Fish Tank 3,Fish Tanks,207,207,2025-07-28,morning,ammonia,7.7,mg/L
Fish Tank 3,Fish Tanks,207,207,2025-07-28,morning,dissolved_oxygen,5.68,mg/L
Fish Tank 3,Fish Tanks,207,207,2025-07-28,morning,ph,7.18,pH
Fish Tank 3,Fish Tanks,207,207,2025-07-28,morning,temperature,29.1,degC
Fish Tank 3,Fish Tanks,207,207,2025-07-29,afternoon,dissolved_oxygen,4.83,mg/L
Fish Tank 3,Fish Tanks,207,207,2025-07-29,afternoon,temperature,33.6,degC
Fish Tank 3,Fish Tanks,207,207,2025-07-29,morning,dissolved_oxygen,5.52,mg/L
Fish Tank 3,Fish Tanks,207,207,2025-07-29,morning,temperature,29.6,degC
Fish Tank 3,Fish Tanks,207,207,2025-07-30,afternoon,dissolved_oxygen,5.25,mg/L
Fish Tank 3,Fish Tanks,207,207,2025-07-30,afternoon,temperature,30.8,degC
Fish Tank 3,Fish Tanks,208,208,2025-07-01,afternoon,dissolved_oxygen,5.9,mg/L
Fish Tank 3,Fish Tanks,208,208,2025-07-01,afternoon,temperature,32.7,degC
Fish Tank 3,Fish Tanks,208,208,2025-07-01,morning,dissolved_oxygen,6.78,mg/L
Fish Tank 3,Fish Tanks,208,208,2025-07-01,morning,temperature,28.8,degC
Fish Tank 3,Fish Tanks,208,208,2025-07-02,afternoon,dissolved_oxygen,5.03,mg/L
Fish Tank 3,Fish Tanks,208,208,2025-07-02,afternoon,temperature,30.8,degC
Fish Tank 3,Fish Tanks,208,208,2025-07-02,morning,dissolved_oxygen,6.22,mg/L
Fish Tank 3,Fish Tanks,208,208,2025-07-02,morning,temperature,29.2,degC
Fish Tank 3,Fish Tanks,208,208,2025-07-03,morning,dissolved_oxygen,5.93,mg/L
Fish Tank 3,Fish Tanks,208,208,2025-07-03,morning,temperature,27.8,degC
Fish Tank 3,Fish Tanks,208,208,2025-07-04,afternoon,dissolved_oxygen,5.74,mg/L
Fish Tank 3,Fish Tanks,208,208,2025-07-04,afternoon,temperature,31.1,degC
Fish Tank 3,Fish Tanks,208,208,2025-07-04,morning,dissolved_oxygen,5.94,mg/L
Fish Tank 3,Fish Tanks,208,208,2025-07-04,morning,temperature,28.8,degC
Fish Tank 3,Fish Tanks,208,208,2025-07-07,afternoon,dissolved_oxygen,6.07,mg/L
Fish Tank 3,Fish Tanks,208,208,2025-07-07,afternoon,temperature,32.4,degC
Fish Tank 3,Fish Tanks,208,208,2025-07-07,morning,ammonia,1.8,mg/L
Fish Tank 3,Fish Tanks,208,208,2025-07-07,morning,nitrate,0.1,mg/L
Fish Tank 3,Fish Tanks,208,208,2025-07-07,morning,nitrite,0.93,mg/L
Fish Tank 3,Fish Tanks,208,208,2025-07-07,morning,ph,7.05,pH
Fish Tank 3,Fish Tanks,208,208,2025-07-08,afternoon,dissolved_oxygen,5.48,mg/L
Fish Tank 3,Fish Tanks,208,208,2025-07-08,afternoon,temperature,31.5,degC
Fish Tank 3,Fish Tanks,208,208,2025-07-09,afternoon,dissolved_oxygen,5.25,mg/L
Fish Tank 3,Fish Tanks,208,208,2025-07-09,afternoon,temperature,31.0,degC
Fish Tank 3,Fish Tanks,208,208,2025-07-10,afternoon,dissolved_oxygen,6.21,mg/L
Fish Tank 3,Fish Tanks,208,208,2025-07-10,afternoon,temperature,29.8,degC
Fish Tank 3,Fish Tanks,208,208,2025-07-10,morning,dissolved_oxygen,5.86,mg/L
Fish Tank 3,Fish Tanks,208,208,2025-07-10,morning,temperature,29.0,degC
Fish Tank 3,Fish Tanks,208,208,2025-07-11,afternoon,dissolved_oxygen,5.59,mg/L
Fish Tank 3,Fish Tanks,208,208,2025-07-11,afternoon,temperature,31.3,degC
Fish Tank 3,Fish Tanks,208,208,2025-07-11,morning,ammonia,2.65,mg/L
Fish Tank 3,Fish Tanks,208,208,2025-07-11,morning,dissolved_oxygen,6.73,mg/L
Fish Tank 3,Fish Tanks,208,208,2025-07-11,morning,nitrate,1.1,mg/L
Fish Tank 3,Fish Tanks,208,208,2025-07-11,morning,nitrite,2.12,mg/L
Fish Tank 3,Fish Tanks,208,208,2025-07-11,morning,ph,6.88,pH
Fish Tank 3,Fish Tanks,208,208,2025-07-11,morning,temperature,28.0,degC
Fish Tank 3,Fish Tanks,208,208,2025-07-15,afternoon,dissolved_oxygen,4.87,mg/L
Fish Tank 3,Fish Tanks,208,208,2025-07-15,afternoon,temperature,32.5,degC
Fish Tank 3,Fish Tanks,208,208,2025-07-16,afternoon,dissolved_oxygen,4.92,mg/L
Fish Tank 3,Fish Tanks,208,208,2025-07-16,afternoon,temperature,31.7,degC
Fish Tank 3,Fish Tanks,208,208,2025-07-16,morning,dissolved_oxygen,5.54,mg/L
Fish Tank 3,Fish Tanks,208,208,2025-07-16,morning,temperature,28.8,degC
Fish Tank 3,Fish Tanks,208,208,2025-07-17,afternoon,dissolved_oxygen,4.25,mg/L
Fish Tank 3,Fish Tanks,208,208,2025-07-17,afternoon,temperature,32.2,degC
Fish Tank 3,Fish Tanks,208,208,2025-07-17,morning,dissolved_oxygen,5.59,mg/L
Fish Tank 3,Fish Tanks,208,208,2025-07-17,morning,temperature,29.7,degC
Fish Tank 3,Fish Tanks,208,208,2025-07-18,afternoon,dissolved_oxygen,4.78,mg/L
Fish Tank 3,Fish Tanks,208,208,2025-07-18,afternoon,temperature,32.3,degC
Fish Tank 3,Fish Tanks,208,208,2025-07-18,morning,dissolved_oxygen,5.18,mg/L
Fish Tank 3,Fish Tanks,208,208,2025-07-18,morning,temperature,29.5,degC
Fish Tank 3,Fish Tanks,208,208,2025-07-21,afternoon,dissolved_oxygen,5.82,mg/L
Fish Tank 3,Fish Tanks,208,208,2025-07-21,afternoon,temperature,32.2,degC
Fish Tank 3,Fish Tanks,208,208,2025-07-21,morning,dissolved_oxygen,6.35,mg/L
Fish Tank 3,Fish Tanks,208,208,2025-07-21,morning,temperature,29.0,degC
Fish Tank 3,Fish Tanks,208,208,2025-07-22,afternoon,dissolved_oxygen,5.31,mg/L
Fish Tank 3,Fish Tanks,208,208,2025-07-22,afternoon,temperature,32.9,degC
Fish Tank 3,Fish Tanks,208,208,2025-07-23,afternoon,dissolved_oxygen,5.68,mg/L
Fish Tank 3,Fish Tanks,208,208,2025-07-23,afternoon,temperature,31.6,degC
Fish Tank 3,Fish Tanks,208,208,2025-07-23,morning,dissolved_oxygen,5.77,mg/L
Fish Tank 3,Fish Tanks,208,208,2025-07-23,morning,temperature,29.3,degC
Fish Tank 3,Fish Tanks,208,208,2025-07-24,afternoon,dissolved_oxygen,5.6,mg/L
Fish Tank 3,Fish Tanks,208,208,2025-07-24,afternoon,temperature,32.1,degC
Fish Tank 3,Fish Tanks,208,208,2025-07-24,morning,dissolved_oxygen,6.71,mg/L
Fish Tank 3,Fish Tanks,208,208,2025-07-24,morning,temperature,29.0,degC
Fish Tank 3,Fish Tanks,208,208,2025-07-25,afternoon,dissolved_oxygen,7.82,mg/L
Fish Tank 3,Fish Tanks,208,208,2025-07-25,afternoon,temperature,32.3,degC
Fish Tank 3,Fish Tanks,208,208,2025-07-28,afternoon,dissolved_oxygen,4.29,mg/L
Fish Tank 3,Fish Tanks,208,208,2025-07-28,afternoon,temperature,32.4,degC
Fish Tank 3,Fish Tanks,208,208,2025-07-28,morning,dissolved_oxygen,5.75,mg/L
Fish Tank 3,Fish Tanks,208,208,2025-07-28,morning,temperature,29.2,degC
Fish Tank 3,Fish Tanks,208,208,2025-07-29,afternoon,dissolved_oxygen,4.5,mg/L
Fish Tank 3,Fish Tanks,208,208,2025-07-29,afternoon,temperature,33.4,degC
Fish Tank 3,Fish Tanks,208,208,2025-07-29,morning,dissolved_oxygen,5.17,mg/L
Fish Tank 3,Fish Tanks,208,208,2025-07-29,morning,temperature,29.6,degC
Fish Tank 3,Fish Tanks,208,208,2025-07-30,afternoon,dissolved_oxygen,5.07,mg/L
Fish Tank 3,Fish Tanks,208,208,2025-07-30,afternoon,temperature,31.0,degC
Fish Tank 3,Fish Tanks,209,209,2025-07-01,afternoon,dissolved_oxygen,6.11,mg/L
Fish Tank 3,Fish Tanks,209,209,2025-07-01,afternoon,temperature,32.7,degC
Fish Tank 3,Fish Tanks,209,209,2025-07-01,morning,dissolved_oxygen,6.78,mg/L
Fish Tank 3,Fish Tanks,209,209,2025-07-01,morning,temperature,28.9,degC
Fish Tank 3,Fish Tanks,209,209,2025-07-02,afternoon,dissolved_oxygen,5.08,mg/L
Fish Tank 3,Fish Tanks,209,209,2025-07-02,afternoon,temperature,30.8,degC
Fish Tank 3,Fish Tanks,209,209,2025-07-02,morning,dissolved_oxygen,6.36,mg/L
Fish Tank 3,Fish Tanks,209,209,2025-07-02,morning,temperature,29.2,degC
Fish Tank 3,Fish Tanks,209,209,2025-07-03,morning,dissolved_oxygen,6.17,mg/L
Fish Tank 3,Fish Tanks,209,209,2025-07-03,morning,temperature,27.8,degC
Fish Tank 3,Fish Tanks,209,209,2025-07-04,afternoon,dissolved_oxygen,6.28,mg/L
Fish Tank 3,Fish Tanks,209,209,2025-07-04,afternoon,temperature,31.4,degC
Fish Tank 3,Fish Tanks,209,209,2025-07-04,morning,dissolved_oxygen,5.78,mg/L
Fish Tank 3,Fish Tanks,209,209,2025-07-04,morning,temperature,28.8,degC
Fish Tank 3,Fish Tanks,209,209,2025-07-07,afternoon,dissolved_oxygen,5.45,mg/L
Fish Tank 3,Fish Tanks,209,209,2025-07-07,afternoon,temperature,32.7,degC
Fish Tank 3,Fish Tanks,209,209,2025-07-08,afternoon,dissolved_oxygen,5.65,mg/L
Fish Tank 3,Fish Tanks,209,209,2025-07-08,afternoon,temperature,31.5,degC
Fish Tank 3,Fish Tanks,209,209,2025-07-09,afternoon,dissolved_oxygen,5.38,mg/L
Fish Tank 3,Fish Tanks,209,209,2025-07-09,afternoon,temperature,31.0,degC
Fish Tank 3,Fish Tanks,209,209,2025-07-10,afternoon,dissolved_oxygen,6.06,mg/L
Fish Tank 3,Fish Tanks,209,209,2025-07-10,afternoon,temperature,29.7,degC
Fish Tank 3,Fish Tanks,209,209,2025-07-10,morning,dissolved_oxygen,6.25,mg/L
Fish Tank 3,Fish Tanks,209,209,2025-07-10,morning,temperature,28.9,degC
Fish Tank 3,Fish Tanks,209,209,2025-07-11,afternoon,dissolved_oxygen,5.68,mg/L
Fish Tank 3,Fish Tanks,209,209,2025-07-11,afternoon,temperature,31.5,degC
Fish Tank 3,Fish Tanks,209,209,2025-07-11,morning,dissolved_oxygen,6.66,mg/L
Fish Tank 3,Fish Tanks,209,209,2025-07-11,morning,temperature,27.9,degC
Fish Tank 3,Fish Tanks,209,209,2025-07-15,afternoon,dissolved_oxygen,5.6,mg/L
Fish Tank 3,Fish Tanks,209,209,2025-07-15,afternoon,temperature,32.6,degC
Fish Tank 3,Fish Tanks,209,209,2025-07-16,afternoon,dissolved_oxygen,4.57,mg/L
Fish Tank 3,Fish Tanks,209,209,2025-07-16,afternoon,temperature,31.8,degC
Fish Tank 3,Fish Tanks,209,209,2025-07-16,morning,dissolved_oxygen,5.61,mg/L
Fish Tank 3,Fish Tanks,209,209,2025-07-16,morning,temperature,28.9,degC
Fish Tank 3,Fish Tanks,209,209,2025-07-17,afternoon,dissolved_oxygen,4.91,mg/L
Fish Tank 3,Fish Tanks,209,209,2025-07-17,afternoon,temperature,32.3,degC
Fish Tank 3,Fish Tanks,209,209,2025-07-17,morning,dissolved_oxygen,5.44,mg/L
Fish Tank 3,Fish Tanks,209,209,2025-07-17,morning,temperature,29.8,degC
Fish Tank 3,Fish Tanks,209,209,2025-07-18,afternoon,dissolved_oxygen,5.21,mg/L
Fish Tank 3,Fish Tanks,209,209,2025-07-18,afternoon,temperature,32.5,degC
Fish Tank 3,Fish Tanks,209,209,2025-07-18,morning,dissolved_oxygen,5.67,mg/L
Fish Tank 3,Fish Tanks,209,209,2025-07-18,morning,temperature,29.5,degC
Fish Tank 3,Fish Tanks,209,209,2025-07-21,afternoon,dissolved_oxygen,5.4,mg/L
Fish Tank 3,Fish Tanks,209,209,2025-07-21,afternoon,temperature,32.2,degC
Fish Tank 3,Fish Tanks,209,209,2025-07-21,morning,dissolved_oxygen,6.43,mg/L
Fish Tank 3,Fish Tanks,209,209,2025-07-21,morning,temperature,29.0,degC
Fish Tank 3,Fish Tanks,209,209,2025-07-22,afternoon,dissolved_oxygen,5.27,mg/L
Fish Tank 3,Fish Tanks,209,209,2025-07-22,afternoon,temperature,32.9,degC
Fish Tank 3,Fish Tanks,209,209,2025-07-23,morning,dissolved_oxygen,5.87,mg/L
Fish Tank 3,Fish Tanks,209,209,2025-07-23,morning,temperature,29.3,degC
Hatchery,Hatchery,1,1,2025-07-10,morning,ammonia,1.13,mg/L
Hatchery,Hatchery,1,1,2025-07-10,morning,dissolved_oxygen,6.36,mg/L
Hatchery,Hatchery,1,1,2025-07-10,morning,nitrate,1.1,mg/L
Hatchery,Hatchery,1,1,2025-07-10,morning,nitrite,0.005,mg/L
Hatchery,Hatchery,1,1,2025-07-10,morning,ph,7.5,pH
Hatchery,Hatchery,1,1,2025-07-10,morning,temperature,28.0,degC
Hatchery,Hatchery,1,1,2025-07-11,morning,ammonia,1.67,mg/L
Hatchery,Hatchery,1,1,2025-07-11,morning,dissolved_oxygen,6.96,mg/L
Hatchery,Hatchery,1,1,2025-07-11,morning,nitrate,0.0,mg/L
Hatchery,Hatchery,1,1,2025-07-11,morning,nitrite,0.006,mg/L
Hatchery,Hatchery,1,1,2025-07-11,morning,ph,6.9,pH
Hatchery,Hatchery,1,1,2025-07-11,morning,temperature,27.5,degC
Hatchery,Hatchery,1,1,2025-07-12,morning,dissolved_oxygen,5.62,mg/L
Hatchery,Hatchery,1,1,2025-07-12,morning,temperature,28.0,degC
Hatchery,Hatchery,1,1,2025-07-13,morning,ammonia,5.1,mg/L
Hatchery,Hatchery,1,1,2025-07-13,morning,dissolved_oxygen,6.13,mg/L
Hatchery,Hatchery,1,1,2025-07-13,morning,nitrate,2.0,mg/L
Hatchery,Hatchery,1,1,2025-07-13,morning,nitrite,0.012,mg/L
Hatchery,Hatchery,1,1,2025-07-13,morning,ph,6.99,pH
Hatchery,Hatchery,1,1,2025-07-13,morning,temperature,27.4,degC
Hatchery,Hatchery,1,1,2025-07-14,morning,ammonia,5.9,mg/L
Hatchery,Hatchery,1,1,2025-07-14,morning,dissolved_oxygen,5.44,mg/L
Hatchery,Hatchery,1,1,2025-07-14,morning,nitrate,1.5,mg/L
Hatchery,Hatchery,1,1,2025-07-14,morning,nitrite,0.032,mg/L
Hatchery,Hatchery,1,1,2025-07-14,morning,ph,8.94,pH
Hatchery,Hatchery,1,1,2025-07-14,morning,temperature,27.4,degC
Hatchery,Hatchery,1,1,2025-07-15,morning,ammonia,0.87,mg/L
Hatchery,Hatchery,1,1,2025-07-15,morning,dissolved_oxygen,5.95,mg/L
Hatchery,Hatchery,1,1,2025-07-15,morning,nitrate,2.6,mg/L
Hatchery,Hatchery,1,1,2025-07-15,morning,nitrite,0.053,mg/L
Hatchery,Hatchery,1,1,2025-07-15,morning,ph,6.96,pH
Hatchery,Hatchery,1,1,2025-07-15,morning,temperature,28.0,degC
Hatchery,Hatchery,1,1,2025-07-16,morning,ammonia,1.08,mg/L
Hatchery,Hatchery,1,1,2025-07-16,morning,dissolved_oxygen,5.68,mg/L
Hatchery,Hatchery,1,1,2025-07-16,morning,nitrate,0.9,mg/L
Hatchery,Hatchery,1,1,2025-07-16,morning,nitrite,0.133,mg/L
Hatchery,Hatchery,1,1,2025-07-16,morning,ph,7.49,pH
Hatchery,Hatchery,1,1,2025-07-16,morning,temperature,27.7,degC
Hatchery,Hatchery,1,1,2025-07-17,morning,ammonia,0.96,mg/L
Hatchery,Hatchery,1,1,2025-07-17,morning,dissolved_oxygen,6.3,mg/L
Hatchery,Hatchery,1,1,2025-07-17,morning,nitrate,0.9,mg/L
Hatchery,Hatchery,1,1,2025-07-17,morning,nitrite,0.031,mg/L
Hatchery,Hatchery,1,1,2025-07-17,morning,ph,7.27,pH
Hatchery,Hatchery,1,1,2025-07-17,morning,temperature,29.1,degC
Hatchery,Hatchery,1,1,2025-07-18,morning,ammonia,2.07,mg/L
Hatchery,Hatchery,1,1,2025-07-18,morning,dissolved_oxygen,6.32,mg/L
Hatchery,Hatchery,1,1,2025-07-18,morning,nitrate,1.1,mg/L
Hatchery,Hatchery,1,1,2025-07-18,morning,nitrite,0.127,mg/L
Hatchery,Hatchery,1,1,2025-07-18,morning,ph,7.0,pH
Hatchery,Hatchery,1,1,2025-07-18,morning,temperature,28.6,degC
Hatchery,Hatchery,1,1,2025-07-20,morning,ammonia,2.8,mg/L
Hatchery,Hatchery,1,1,2025-07-20,morning,ph,6.75,pH
Hatchery,Hatchery,1,1,2025-07-21,morning,ammonia,2.2,mg/L
Hatchery,Hatchery,1,1,2025-07-21,morning,dissolved_oxygen,6.64,mg/L
Hatchery,Hatchery,1,1,2025-07-21,morning,nitrate,7.4,mg/L
Hatchery,Hatchery,1,1,2025-07-21,morning,nitrite,2.55,mg/L
Hatchery,Hatchery,1,1,2025-07-21,morning,ph,7.46,pH
Hatchery,Hatchery,1,1,2025-07-21,morning,temperature,28.0,degC
Hatchery,Hatchery,1,1,2025-07-22,morning,dissolved_oxygen,5.23,mg/L
Hatchery,Hatchery,1,1,2025-07-22,morning,temperature,28.1,degC
Hatchery,Hatchery,1,1,2025-07-23,morning,ammonia,2.6,mg/L
Hatchery,Hatchery,1,1,2025-07-23,morning,dissolved_oxygen,5.27,mg/L
Hatchery,Hatchery,1,1,2025-07-23,morning,ph,6.97,pH
Hatchery,Hatchery,1,1,2025-07-23,morning,temperature,28.2,degC
Hatchery,Hatchery,1,1,2025-07-24,morning,dissolved_oxygen,8.38,mg/L
Hatchery,Hatchery,1,1,2025-07-24,morning,temperature,28.9,degC
Hatchery,Hatchery,1,1,2025-07-28,morning,dissolved_oxygen,5.29,mg/L
Hatchery,Hatchery,1,1,2025-07-28,morning,temperature,28.3,degC
Hatchery,Hatchery,1,1,2025-07-29,morning,dissolved_oxygen,4.95,mg/L
Hatchery,Hatchery,1,1,2025-07-29,morning,temperature,31.4,degC
Hatchery,Hatchery,2,2,2025-07-10,afternoon,dissolved_oxygen,6.54,mg/L
Hatchery,Hatchery,2,2,2025-07-10,afternoon,temperature,28.2,degC
Hatchery,Hatchery,2,2,2025-07-10,morning,ammonia,0.87,mg/L
Hatchery,Hatchery,2,2,2025-07-10,morning,dissolved_oxygen,6.7,mg/L
Hatchery,Hatchery,2,2,2025-07-10,morning,nitrate,1.2,mg/L
Hatchery,Hatchery,2,2,2025-07-10,morning,nitrite,0.004,mg/L
Hatchery,Hatchery,2,2,2025-07-10,morning,ph,7.32,pH
Hatchery,Hatchery,2,2,2025-07-10,morning,temperature,28.0,degC
Hatchery,Hatchery,2,2,2025-07-11,afternoon,dissolved_oxygen,5.36,mg/L
Hatchery,Hatchery,2,2,2025-07-11,afternoon,temperature,28.4,degC
Hatchery,Hatchery,2,2,2025-07-11,morning,ammonia,2.35,mg/L
Hatchery,Hatchery,2,2,2025-07-11,morning,dissolved_oxygen,6.69,mg/L
Hatchery,Hatchery,2,2,2025-07-11,morning,nitrate,1.1,mg/L
Hatchery,Hatchery,2,2,2025-07-11,morning,nitrite,0.016,mg/L
Hatchery,Hatchery,2,2,2025-07-11,morning,ph,6.95,pH
Hatchery,Hatchery,2,2,2025-07-11,morning,temperature,27.4,degC
Hatchery,Hatchery,2,2,2025-07-12,afternoon,dissolved_oxygen,5.85,mg/L
Hatchery,Hatchery,2,2,2025-07-12,afternoon,temperature,28.7,degC
Hatchery,Hatchery,2,2,2025-07-12,morning,dissolved_oxygen,6.05,mg/L
Hatchery,Hatchery,2,2,2025-07-12,morning,temperature,27.9,degC
Hatchery,Hatchery,2,2,2025-07-13,afternoon,dissolved_oxygen,5.79,mg/L
Hatchery,Hatchery,2,2,2025-07-13,afternoon,temperature,28.1,degC
Hatchery,Hatchery,2,2,2025-07-13,morning,ammonia,2.7,mg/L
Hatchery,Hatchery,2,2,2025-07-13,morning,dissolved_oxygen,6.1,mg/L
Hatchery,Hatchery,2,2,2025-07-13,morning,nitrate,1.1,mg/L
Hatchery,Hatchery,2,2,2025-07-13,morning,nitrite,0.012,mg/L
Hatchery,Hatchery,2,2,2025-07-13,morning,ph,6.8,pH
Hatchery,Hatchery,2,2,2025-07-13,morning,temperature,27.4,degC
Hatchery,Hatchery,2,2,2025-07-14,afternoon,dissolved_oxygen,5.87,mg/L
Hatchery,Hatchery,2,2,2025-07-14,afternoon,temperature,28.6,degC
Hatchery,Hatchery,2,2,2025-07-14,morning,ammonia,5.9,mg/L
Hatchery,Hatchery,2,2,2025-07-14,morning,dissolved_oxygen,5.98,mg/L
Hatchery,Hatchery,2,2,2025-07-14,morning,nitrate,0.9,mg/L
Hatchery,Hatchery,2,2,2025-07-14,morning,nitrite,0.006,mg/L
Hatchery,Hatchery,2,2,2025-07-14,morning,ph,8.44,pH
Hatchery,Hatchery,2,2,2025-07-14,morning,temperature,27.4,degC
Hatchery,Hatchery,2,2,2025-07-15,afternoon,dissolved_oxygen,5.81,mg/L
Hatchery,Hatchery,2,2,2025-07-15,afternoon,temperature,28.7,degC
Hatchery,Hatchery,2,2,2025-07-15,morning,ammonia,0.73,mg/L
Hatchery,Hatchery,2,2,2025-07-15,morning,dissolved_oxygen,6.7,mg/L
Hatchery,Hatchery,2,2,2025-07-15,morning,nitrate,2.4,mg/L
Hatchery,Hatchery,2,2,2025-07-15,morning,nitrite,0.023,mg/L
Hatchery,Hatchery,2,2,2025-07-15,morning,ph,6.95,pH
Hatchery,Hatchery,2,2,2025-07-15,morning,temperature,27.7,degC
Hatchery,Hatchery,2,2,2025-07-16,afternoon,dissolved_oxygen,5.62,mg/L
Hatchery,Hatchery,2,2,2025-07-16,afternoon,temperature,30.9,degC
Hatchery,Hatchery,2,2,2025-07-16,morning,ammonia,1.2,mg/L
Hatchery,Hatchery,2,2,2025-07-16,morning,dissolved_oxygen,6.0,mg/L
Hatchery,Hatchery,2,2,2025-07-16,morning,nitrate,0.5,mg/L
Hatchery,Hatchery,2,2,2025-07-16,morning,nitrite,0.092,mg/L
Hatchery,Hatchery,2,2,2025-07-16,morning,ph,7.52,pH
Hatchery,Hatchery,2,2,2025-07-16,morning,temperature,27.7,degC
Hatchery,Hatchery,2,2,2025-07-17,afternoon,dissolved_oxygen,5.52,mg/L
Hatchery,Hatchery,2,2,2025-07-17,afternoon,temperature,29.6,degC
Hatchery,Hatchery,2,2,2025-07-17,morning,ammonia,0.98,mg/L
Hatchery,Hatchery,2,2,2025-07-17,morning,dissolved_oxygen,5.77,mg/L
Hatchery,Hatchery,2,2,2025-07-17,morning,nitrate,0.8,mg/L
Hatchery,Hatchery,2,2,2025-07-17,morning,nitrite,0.02,mg/L
Hatchery,Hatchery,2,2,2025-07-17,morning,ph,7.23,pH
Hatchery,Hatchery,2,2,2025-07-17,morning,temperature,29.1,degC
Hatchery,Hatchery,2,2,2025-07-18,afternoon,dissolved_oxygen,6.03,mg/L
Hatchery,Hatchery,2,2,2025-07-18,afternoon,temperature,29.6,degC
Hatchery,Hatchery,2,2,2025-07-18,morning,ammonia,2.16,mg/L
Hatchery,Hatchery,2,2,2025-07-18,morning,dissolved_oxygen,5.94,mg/L
Hatchery,Hatchery,2,2,2025-07-18,morning,nitrate,1.1,mg/L
Hatchery,Hatchery,2,2,2025-07-18,morning,nitrite,0.08,mg/L
Hatchery,Hatchery,2,2,2025-07-18,morning,ph,7.3,pH
Hatchery,Hatchery,2,2,2025-07-18,morning,temperature,28.3,degC
Hatchery,Hatchery,2,2,2025-07-20,morning,ammonia,2.2,mg/L
Hatchery,Hatchery,2,2,2025-07-20,morning,ph,6.85,pH
Hatchery,Hatchery,2,2,2025-07-21,afternoon,dissolved_oxygen,5.09,mg/L
Hatchery,Hatchery,2,2,2025-07-21,afternoon,temperature,29.0,degC
Hatchery,Hatchery,2,2,2025-07-21,morning,ammonia,2.8,mg/L
Hatchery,Hatchery,2,2,2025-07-21,morning,dissolved_oxygen,6.24,mg/L
Hatchery,Hatchery,2,2,2025-07-21,morning,nitrate,5.2,mg/L
Hatchery,Hatchery,2,2,2025-07-21,morning,nitrite,2.22,mg/L
Hatchery,Hatchery,2,2,2025-07-21,morning,ph,7.5,pH
Hatchery,Hatchery,2,2,2025-07-21,morning,temperature,27.9,degC
Hatchery,Hatchery,2,2,2025-07-22,afternoon,ammonia,5.5,mg/L
Hatchery,Hatchery,2,2,2025-07-22,afternoon,dissolved_oxygen,4.67,mg/L
Hatchery,Hatchery,2,2,2025-07-22,afternoon,ph,7.61,pH
Hatchery,Hatchery,2,2,2025-07-22,afternoon,temperature,29.1,degC
Hatchery,Hatchery,2,2,2025-07-22,morning,dissolved_oxygen,5.55,mg/L
Hatchery,Hatchery,2,2,2025-07-22,morning,temperature,28.0,degC
Hatchery,Hatchery,2,2,2025-07-23,afternoon,dissolved_oxygen,6.71,mg/L
Hatchery,Hatchery,2,2,2025-07-23,afternoon,temperature,31.1,degC
Hatchery,Hatchery,2,2,2025-07-23,morning,ammonia,4.6,mg/L
Hatchery,Hatchery,2,2,2025-07-23,morning,dissolved_oxygen,5.45,mg/L
Hatchery,Hatchery,2,2,2025-07-23,morning,ph,7.01,pH
Hatchery,Hatchery,2,2,2025-07-23,morning,temperature,28.1,degC
Hatchery,Hatchery,2,2,2025-07-24,afternoon,dissolved_oxygen,6.29,mg/L
Hatchery,Hatchery,2,2,2025-07-24,afternoon,temperature,29.5,degC
Hatchery,Hatchery,2,2,2025-07-24,morning,dissolved_oxygen,7.92,mg/L
Hatchery,Hatchery,2,2,2025-07-24,morning,temperature,28.8,degC
Hatchery,Hatchery,2,2,2025-07-25,afternoon,dissolved_oxygen,5.83,mg/L
Hatchery,Hatchery,2,2,2025-07-25,afternoon,temperature,29.5,degC
Hatchery,Hatchery,2,2,2025-07-28,afternoon,dissolved_oxygen,4.86,mg/L
Hatchery,Hatchery,2,2,2025-07-28,afternoon,temperature,29.2,degC
Hatchery,Hatchery,2,2,2025-07-28,morning,dissolved_oxygen,5.1,mg/L
Hatchery,Hatchery,2,2,2025-07-28,morning,temperature,28.2,degC
Hatchery,Hatchery,2,2,2025-07-29,afternoon,dissolved_oxygen,5.32,mg/L
Hatchery,Hatchery,2,2,2025-07-29,afternoon,temperature,31.6,degC
Hatchery,Hatchery,2,2,2025-07-29,morning,dissolved_oxygen,5.54,mg/L
Hatchery,Hatchery,2,2,2025-07-29,morning,temperature,31.4,degC
Hatchery,Hatchery,2,2,2025-07-30,afternoon,dissolved_oxygen,6.19,mg/L
Hatchery,Hatchery,2,2,2025-07-30,afternoon,temperature,29.7,degC
Hatchery,Hatchery,3,3,2025-07-10,afternoon,dissolved_oxygen,6.25,mg/L
Hatchery,Hatchery,3,3,2025-07-10,afternoon,temperature,28.1,degC
Hatchery,Hatchery,3,3,2025-07-10,morning,ammonia,0.92,mg/L
Hatchery,Hatchery,3,3,2025-07-10,morning,dissolved_oxygen,6.7,mg/L
Hatchery,Hatchery,3,3,2025-07-10,morning,nitrate,1.0,mg/L
Hatchery,Hatchery,3,3,2025-07-10,morning,nitrite,0.005,mg/L
Hatchery,Hatchery,3,3,2025-07-10,morning,ph,7.16,pH
Hatchery,Hatchery,3,3,2025-07-10,morning,temperature,27.9,degC
Hatchery,Hatchery,3,3,2025-07-11,afternoon,dissolved_oxygen,5.84,mg/L
Hatchery,Hatchery,3,3,2025-07-11,afternoon,temperature,28.4,degC
Hatchery,Hatchery,3,3,2025-07-11,morning,ammonia,3.15,mg/L
Hatchery,Hatchery,3,3,2025-07-11,morning,dissolved_oxygen,6.61,mg/L
Hatchery,Hatchery,3,3,2025-07-11,morning,nitrate,1.3,mg/L
Hatchery,Hatchery,3,3,2025-07-11,morning,nitrite,0.006,mg/L
Hatchery,Hatchery,3,3,2025-07-11,morning,ph,6.92,pH
Hatchery,Hatchery,3,3,2025-07-11,morning,temperature,27.3,degC
Hatchery,Hatchery,3,3,2025-07-12,afternoon,dissolved_oxygen,5.71,mg/L
Hatchery,Hatchery,3,3,2025-07-12,afternoon,temperature,28.7,degC
Hatchery,Hatchery,3,3,2025-07-12,morning,dissolved_oxygen,5.61,mg/L
Hatchery,Hatchery,3,3,2025-07-12,morning,temperature,27.8,degC
Hatchery,Hatchery,3,3,2025-07-13,afternoon,dissolved_oxygen,5.37,mg/L
Hatchery,Hatchery,3,3,2025-07-13,afternoon,temperature,28.0,degC
Hatchery,Hatchery,3,3,2025-07-13,morning,ammonia,7.1,mg/L
Hatchery,Hatchery,3,3,2025-07-13,morning,dissolved_oxygen,5.58,mg/L
Hatchery,Hatchery,3,3,2025-07-13,morning,nitrate,1.4,mg/L
Hatchery,Hatchery,3,3,2025-07-13,morning,nitrite,0.02,mg/L
Hatchery,Hatchery,3,3,2025-07-13,morning,ph,7.0,pH
Hatchery,Hatchery,3,3,2025-07-13,morning,temperature,27.3,degC
Hatchery,Hatchery,3,3,2025-07-14,afternoon,dissolved_oxygen,4.8,mg/L
Hatchery,Hatchery,3,3,2025-07-14,afternoon,temperature,28.6,degC
Hatchery,Hatchery,3,3,2025-07-14,morning,ammonia,7.3,mg/L
Hatchery,Hatchery,3,3,2025-07-14,morning,dissolved_oxygen,5.08,mg/L
Hatchery,Hatchery,3,3,2025-07-14,morning,nitrate,1.1,mg/L
Hatchery,Hatchery,3,3,2025-07-14,morning,nitrite,0.013,mg/L
Hatchery,Hatchery,3,3,2025-07-14,morning,ph,8.25,pH
Hatchery,Hatchery,3,3,2025-07-14,morning,temperature,27.3,degC
Hatchery,Hatchery,3,3,2025-07-15,afternoon,dissolved_oxygen,5.25,mg/L
Hatchery,Hatchery,3,3,2025-07-15,afternoon,temperature,28.8,degC
Hatchery,Hatchery,3,3,2025-07-15,morning,ammonia,0.86,mg/L
Hatchery,Hatchery,3,3,2025-07-15,morning,dissolved_oxygen,6.14,mg/L
Hatchery,Hatchery,3,3,2025-07-15,morning,nitrate,1.5,mg/L
Hatchery,Hatchery,3,3,2025-07-15,morning,nitrite,0.041,mg/L
Hatchery,Hatchery,3,3,2025-07-15,morning,ph,6.94,pH
Hatchery,Hatchery,3,3,2025-07-15,morning,temperature,27.5,degC
Hatchery,Hatchery,3,3,2025-07-16,afternoon,dissolved_oxygen,5.54,mg/L
Hatchery,Hatchery,3,3,2025-07-16,afternoon,temperature,30.9,degC
Hatchery,Hatchery,3,3,2025-07-16,morning,ammonia,1.54,mg/L
Hatchery,Hatchery,3,3,2025-07-16,morning,dissolved_oxygen,6.35,mg/L
Hatchery,Hatchery,3,3,2025-07-16,morning,nitrate,0.2,mg/L
Hatchery,Hatchery,3,3,2025-07-16,morning,nitrite,0.103,mg/L
Hatchery,Hatchery,3,3,2025-07-16,morning,ph,7.35,pH
Hatchery,Hatchery,3,3,2025-07-16,morning,temperature,27.5,degC
Hatchery,Hatchery,3,3,2025-07-17,afternoon,dissolved_oxygen,5.26,mg/L
Hatchery,Hatchery,3,3,2025-07-17,afternoon,temperature,29.7,degC
Hatchery,Hatchery,3,3,2025-07-17,morning,ammonia,1.09,mg/L
Hatchery,Hatchery,3,3,2025-07-17,morning,dissolved_oxygen,5.65,mg/L
Hatchery,Hatchery,3,3,2025-07-17,morning,nitrate,0.8,mg/L
Hatchery,Hatchery,3,3,2025-07-17,morning,nitrite,0.02,mg/L
Hatchery,Hatchery,3,3,2025-07-17,morning,ph,7.11,pH
Hatchery,Hatchery,3,3,2025-07-17,morning,temperature,29.1,degC
Hatchery,Hatchery,3,3,2025-07-18,afternoon,dissolved_oxygen,5.87,mg/L
Hatchery,Hatchery,3,3,2025-07-18,afternoon,temperature,29.6,degC
Hatchery,Hatchery,3,3,2025-07-18,morning,ammonia,2.22,mg/L
Hatchery,Hatchery,3,3,2025-07-18,morning,dissolved_oxygen,5.71,mg/L
Hatchery,Hatchery,3,3,2025-07-18,morning,nitrate,0.9,mg/L
Hatchery,Hatchery,3,3,2025-07-18,morning,nitrite,0.094,mg/L
Hatchery,Hatchery,3,3,2025-07-18,morning,ph,7.82,pH
Hatchery,Hatchery,3,3,2025-07-18,morning,temperature,28.6,degC
Hatchery,Hatchery,3,3,2025-07-20,morning,ammonia,2.1,mg/L
Hatchery,Hatchery,3,3,2025-07-20,morning,ph,6.97,pH
Hatchery,Hatchery,3,3,2025-07-21,afternoon,dissolved_oxygen,5.03,mg/L
Hatchery,Hatchery,3,3,2025-07-21,afternoon,temperature,29.0,degC
Hatchery,Hatchery,3,3,2025-07-21,morning,ammonia,3.3,mg/L
Hatchery,Hatchery,3,3,2025-07-21,morning,dissolved_oxygen,6.57,mg/L
Hatchery,Hatchery,3,3,2025-07-21,morning,nitrate,6.0,mg/L
Hatchery,Hatchery,3,3,2025-07-21,morning,nitrite,1.87,mg/L
Hatchery,Hatchery,3,3,2025-07-21,morning,ph,7.84,pH
Hatchery,Hatchery,3,3,2025-07-21,morning,temperature,27.9,degC
Hatchery,Hatchery,3,3,2025-07-22,afternoon,ammonia,4.9,mg/L
Hatchery,Hatchery,3,3,2025-07-22,afternoon,dissolved_oxygen,4.04,mg/L
Hatchery,Hatchery,3,3,2025-07-22,afternoon,ph,7.2,pH
Hatchery,Hatchery,3,3,2025-07-22,afternoon,temperature,29.1,degC
Hatchery,Hatchery,3,3,2025-07-22,morning,dissolved_oxygen,5.48,mg/L
Hatchery,Hatchery,3,3,2025-07-22,morning,temperature,27.7,degC
Hatchery,Hatchery,3,3,2025-07-23,afternoon,dissolved_oxygen,6.76,mg/L
Hatchery,Hatchery,3,3,2025-07-23,afternoon,temperature,31.3,degC
Hatchery,Hatchery,3,3,2025-07-23,morning,ammonia,5.0,mg/L
Hatchery,Hatchery,3,3,2025-07-23,morning,dissolved_oxygen,5.19,mg/L
Hatchery,Hatchery,3,3,2025-07-23,morning,ph,6.93,pH
Hatchery,Hatchery,3,3,2025-07-23,morning,temperature,28.1,degC
Hatchery,Hatchery,3,3,2025-07-24,afternoon,dissolved_oxygen,5.44,mg/L
Hatchery,Hatchery,3,3,2025-07-24,afternoon,temperature,29.6,degC
Hatchery,Hatchery,3,3,2025-07-24,morning,dissolved_oxygen,7.66,mg/L
Hatchery,Hatchery,3,3,2025-07-24,morning,temperature,28.9,degC
Hatchery,Hatchery,3,3,2025-07-25,afternoon,dissolved_oxygen,5.02,mg/L
Hatchery,Hatchery,3,3,2025-07-25,afternoon,temperature,29.3,degC
Hatchery,Hatchery,3,3,2025-07-28,afternoon,dissolved_oxygen,3.75,mg/L
Hatchery,Hatchery,3,3,2025-07-28,afternoon,temperature,29.2,degC
Hatchery,Hatchery,3,3,2025-07-28,morning,dissolved_oxygen,4.22,mg/L
Hatchery,Hatchery,3,3,2025-07-28,morning,temperature,28.1,degC
Hatchery,Hatchery,3,3,2025-07-29,afternoon,dissolved_oxygen,4.98,mg/L
Hatchery,Hatchery,3,3,2025-07-29,afternoon,temperature,31.6,degC
Hatchery,Hatchery,3,3,2025-07-29,morning,dissolved_oxygen,5.64,mg/L
Hatchery,Hatchery,3,3,2025-07-29,morning,temperature,31.6,degC
Hatchery,Hatchery,3,3,2025-07-30,afternoon,dissolved_oxygen,6.36,mg/L
Hatchery,Hatchery,3,3,2025-07-30,afternoon,temperature,29.8,degC
Hatchery,Hatchery,4,4,2025-07-10,afternoon,dissolved_oxygen,6.96,mg/L
Hatchery,Hatchery,4,4,2025-07-10,afternoon,temperature,28.1,degC
Hatchery,Hatchery,4,4,2025-07-10,morning,ammonia,0.89,mg/L
Hatchery,Hatchery,4,4,2025-07-10,morning,dissolved_oxygen,6.8,mg/L
Hatchery,Hatchery,4,4,2025-07-10,morning,nitrate,0.9,mg/L
Hatchery,Hatchery,4,4,2025-07-10,morning,nitrite,0.01,mg/L
Hatchery,Hatchery,4,4,2025-07-10,morning,ph,7.12,pH
Hatchery,Hatchery,4,4,2025-07-10,morning,temperature,27.9,degC
Hatchery,Hatchery,4,4,2025-07-11,afternoon,dissolved_oxygen,6.49,mg/L
Hatchery,Hatchery,4,4,2025-07-11,afternoon,temperature,28.3,degC
Hatchery,Hatchery,4,4,2025-07-11,morning,ammonia,3.0,mg/L
Hatchery,Hatchery,4,4,2025-07-11,morning,dissolved_oxygen,7.22,mg/L
Hatchery,Hatchery,4,4,2025-07-11,morning,nitrate,8.0,mg/L
Hatchery,Hatchery,4,4,2025-07-11,morning,nitrite,0.05,mg/L
Hatchery,Hatchery,4,4,2025-07-11,morning,ph,7.0,pH
Hatchery,Hatchery,4,4,2025-07-11,morning,temperature,27.2,degC
Hatchery,Hatchery,4,4,2025-07-12,afternoon,dissolved_oxygen,5.53,mg/L
Hatchery,Hatchery,4,4,2025-07-12,afternoon,temperature,28.6,degC
Hatchery,Hatchery,4,4,2025-07-12,morning,dissolved_oxygen,5.81,mg/L
Hatchery,Hatchery,4,4,2025-07-12,morning,temperature,27.7,degC
Hatchery,Hatchery,4,4,2025-07-13,afternoon,dissolved_oxygen,5.86,mg/L
Hatchery,Hatchery,4,4,2025-07-13,afternoon,temperature,27.9,degC
Hatchery,Hatchery,4,4,2025-07-13,morning,ammonia,5.2,mg/L
Hatchery,Hatchery,4,4,2025-07-13,morning,dissolved_oxygen,5.78,mg/L
Hatchery,Hatchery,4,4,2025-07-13,morning,nitrate,0.9,mg/L
Hatchery,Hatchery,4,4,2025-07-13,morning,nitrite,0.012,mg/L
Hatchery,Hatchery,4,4,2025-07-13,morning,ph,7.01,pH
Hatchery,Hatchery,4,4,2025-07-13,morning,temperature,27.2,degC
Hatchery,Hatchery,4,4,2025-07-14,afternoon,dissolved_oxygen,5.63,mg/L
Hatchery,Hatchery,4,4,2025-07-14,afternoon,temperature,28.5,degC
Hatchery,Hatchery,4,4,2025-07-14,morning,ammonia,2.07,mg/L
Hatchery,Hatchery,4,4,2025-07-14,morning,dissolved_oxygen,5.72,mg/L
Hatchery,Hatchery,4,4,2025-07-14,morning,nitrate,1.5,mg/L
Hatchery,Hatchery,4,4,2025-07-14,morning,nitrite,0.022,mg/L
Hatchery,Hatchery,4,4,2025-07-14,morning,ph,8.05,pH
Hatchery,Hatchery,4,4,2025-07-14,morning,temperature,27.2,degC
Hatchery,Hatchery,4,4,2025-07-15,afternoon,dissolved_oxygen,5.98,mg/L
Hatchery,Hatchery,4,4,2025-07-15,afternoon,temperature,28.6,degC
Hatchery,Hatchery,4,4,2025-07-15,morning,ammonia,0.73,mg/L
Hatchery,Hatchery,4,4,2025-07-15,morning,dissolved_oxygen,6.32,mg/L
Hatchery,Hatchery,4,4,2025-07-15,morning,nitrate,0.2,mg/L
Hatchery,Hatchery,4,4,2025-07-15,morning,nitrite,0.032,mg/L
Hatchery,Hatchery,4,4,2025-07-15,morning,ph,6.97,pH
Hatchery,Hatchery,4,4,2025-07-15,morning,temperature,27.8,degC
Hatchery,Hatchery,4,4,2025-07-16,afternoon,dissolved_oxygen,5.71,mg/L
Hatchery,Hatchery,4,4,2025-07-16,afternoon,temperature,31.0,degC
Hatchery,Hatchery,4,4,2025-07-16,morning,ammonia,1.11,mg/L
Hatchery,Hatchery,4,4,2025-07-16,morning,dissolved_oxygen,6.42,mg/L
Hatchery,Hatchery,4,4,2025-07-16,morning,nitrate,0.0,mg/L
Hatchery,Hatchery,4,4,2025-07-16,morning,nitrite,0.081,mg/L
Hatchery,Hatchery,4,4,2025-07-16,morning,ph,7.26,pH
Hatchery,Hatchery,4,4,2025-07-16,morning,temperature,27.5,degC
Hatchery,Hatchery,4,4,2025-07-17,afternoon,dissolved_oxygen,5.67,mg/L
Hatchery,Hatchery,4,4,2025-07-17,afternoon,temperature,29.6,degC
Hatchery,Hatchery,4,4,2025-07-17,morning,ammonia,1.1,mg/L
Hatchery,Hatchery,4,4,2025-07-17,morning,dissolved_oxygen,5.99,mg/L
Hatchery,Hatchery,4,4,2025-07-17,morning,nitrate,0.5,mg/L
Hatchery,Hatchery,4,4,2025-07-17,morning,nitrite,0.029,mg/L
Hatchery,Hatchery,4,4,2025-07-17,morning,ph,7.17,pH
Hatchery,Hatchery,4,4,2025-07-17,morning,temperature,29.1,degC
Hatchery,Hatchery,4,4,2025-07-18,afternoon,dissolved_oxygen,6.12,mg/L
Hatchery,Hatchery,4,4,2025-07-18,afternoon,temperature,29.5,degC
Hatchery,Hatchery,4,4,2025-07-18,morning,ammonia,2.23,mg/L
Hatchery,Hatchery,4,4,2025-07-18,morning,dissolved_oxygen,6.39,mg/L
Hatchery,Hatchery,4,4,2025-07-18,morning,nitrate,0.9,mg/L
Hatchery,Hatchery,4,4,2025-07-18,morning,nitrite,0.086,mg/L
Hatchery,Hatchery,4,4,2025-07-18,morning,ph,7.58,pH
Hatchery,Hatchery,4,4,2025-07-18,morning,temperature,28.6,degC
Hatchery,Hatchery,4,4,2025-07-20,morning,ammonia,2.5,mg/L
Hatchery,Hatchery,4,4,2025-07-20,morning,ph,7.0,pH
Hatchery,Hatchery,4,4,2025-07-21,afternoon,dissolved_oxygen,5.67,mg/L
Hatchery,Hatchery,4,4,2025-07-21,afternoon,temperature,29.0,degC
Hatchery,Hatchery,4,4,2025-07-21,morning,ammonia,4.1,mg/L
Hatchery,Hatchery,4,4,2025-07-21,morning,dissolved_oxygen,6.9,mg/L
Hatchery,Hatchery,4,4,2025-07-21,morning,nitrate,4.4,mg/L
Hatchery,Hatchery,4,4,2025-07-21,morning,nitrite,1.7,mg/L
Hatchery,Hatchery,4,4,2025-07-21,morning,ph,7.56,pH
Hatchery,Hatchery,4,4,2025-07-21,morning,temperature,27.9,degC
Hatchery,Hatchery,4,4,2025-07-22,afternoon,ammonia,5.4,mg/L
Hatchery,Hatchery,4,4,2025-07-22,afternoon,dissolved_oxygen,5.01,mg/L
Hatchery,Hatchery,4,4,2025-07-22,afternoon,ph,7.31,pH
Hatchery,Hatchery,4,4,2025-07-22,afternoon,temperature,29.0,degC
Hatchery,Hatchery,4,4,2025-07-22,morning,dissolved_oxygen,5.57,mg/L
Hatchery,Hatchery,4,4,2025-07-22,morning,temperature,27.9,degC
Hatchery,Hatchery,4,4,2025-07-23,afternoon,dissolved_oxygen,6.94,mg/L
Hatchery,Hatchery,4,4,2025-07-23,afternoon,temperature,31.2,degC
Hatchery,Hatchery,4,4,2025-07-23,morning,ammonia,6.3,mg/L
Hatchery,Hatchery,4,4,2025-07-23,morning,dissolved_oxygen,5.52,mg/L
Hatchery,Hatchery,4,4,2025-07-23,morning,ph,7.14,pH
Hatchery,Hatchery,4,4,2025-07-23,morning,temperature,28.1,degC
Hatchery,Hatchery,4,4,2025-07-24,afternoon,dissolved_oxygen,6.22,mg/L
Hatchery,Hatchery,4,4,2025-07-24,afternoon,temperature,29.6,degC
Hatchery,Hatchery,4,4,2025-07-24,morning,dissolved_oxygen,8.27,mg/L
Hatchery,Hatchery,4,4,2025-07-24,morning,temperature,28.9,degC
Hatchery,Hatchery,4,4,2025-07-25,afternoon,dissolved_oxygen,5.85,mg/L
Hatchery,Hatchery,4,4,2025-07-25,afternoon,temperature,29.4,degC
Hatchery,Hatchery,4,4,2025-07-28,afternoon,dissolved_oxygen,4.28,mg/L
Hatchery,Hatchery,4,4,2025-07-28,afternoon,temperature,29.1,degC
Hatchery,Hatchery,4,4,2025-07-28,morning,dissolved_oxygen,4.71,mg/L
Hatchery,Hatchery,4,4,2025-07-28,morning,temperature,28.0,degC
Hatchery,Hatchery,4,4,2025-07-29,afternoon,dissolved_oxygen,5.54,mg/L
Hatchery,Hatchery,4,4,2025-07-29,afternoon,temperature,31.6,degC
Hatchery,Hatchery,4,4,2025-07-29,morning,dissolved_oxygen,5.95,mg/L
Hatchery,Hatchery,4,4,2025-07-29,morning,temperature,31.5,degC
Hatchery,Hatchery,4,4,2025-07-30,afternoon,dissolved_oxygen,6.22,mg/L
Hatchery,Hatchery,4,4,2025-07-30,afternoon,temperature,29.7,degC
Hatchery,Hatchery,5,5,2025-07-10,afternoon,dissolved_oxygen,6.1,mg/L
Hatchery,Hatchery,5,5,2025-07-10,afternoon,temperature,28.2,degC
Hatchery,Hatchery,5,5,2025-07-10,morning,ammonia,0.63,mg/L
Hatchery,Hatchery,5,5,2025-07-10,morning,dissolved_oxygen,6.9,mg/L
Hatchery,Hatchery,5,5,2025-07-10,morning,nitrate,1.0,mg/L
Hatchery,Hatchery,5,5,2025-07-10,morning,nitrite,0.004,mg/L
Hatchery,Hatchery,5,5,2025-07-10,morning,ph,7.03,pH
Hatchery,Hatchery,5,5,2025-07-10,morning,temperature,28.0,degC
Hatchery,Hatchery,5,5,2025-07-11,afternoon,dissolved_oxygen,5.9,mg/L
Hatchery,Hatchery,5,5,2025-07-11,afternoon,temperature,28.4,degC
Hatchery,Hatchery,5,5,2025-07-11,morning,ammonia,1.23,mg/L
Hatchery,Hatchery,5,5,2025-07-11,morning,dissolved_oxygen,6.79,mg/L
Hatchery,Hatchery,5,5,2025-07-11,morning,nitrate,0.7,mg/L
Hatchery,Hatchery,5,5,2025-07-11,morning,nitrite,0.005,mg/L
Hatchery,Hatchery,5,5,2025-07-11,morning,ph,6.97,pH
Hatchery,Hatchery,5,5,2025-07-11,morning,temperature,27.4,degC
Hatchery,Hatchery,5,5,2025-07-12,afternoon,dissolved_oxygen,5.21,mg/L
Hatchery,Hatchery,5,5,2025-07-12,afternoon,temperature,28.6,degC
Hatchery,Hatchery,5,5,2025-07-12,morning,dissolved_oxygen,5.86,mg/L
Hatchery,Hatchery,5,5,2025-07-12,morning,temperature,27.8,degC
Hatchery,Hatchery,5,5,2025-07-13,afternoon,dissolved_oxygen,5.37,mg/L
Hatchery,Hatchery,5,5,2025-07-13,afternoon,temperature,28.0,degC
Hatchery,Hatchery,5,5,2025-07-13,morning,ammonia,2.8,mg/L
Hatchery,Hatchery,5,5,2025-07-13,morning,dissolved_oxygen,5.91,mg/L
Hatchery,Hatchery,5,5,2025-07-13,morning,nitrate,0.8,mg/L
Hatchery,Hatchery,5,5,2025-07-13,morning,nitrite,0.01,mg/L
Hatchery,Hatchery,5,5,2025-07-13,morning,ph,7.05,pH
Hatchery,Hatchery,5,5,2025-07-13,morning,temperature,27.3,degC
Hatchery,Hatchery,5,5,2025-07-14,afternoon,dissolved_oxygen,4.94,mg/L
Hatchery,Hatchery,5,5,2025-07-14,afternoon,temperature,28.5,degC
Hatchery,Hatchery,5,5,2025-07-14,morning,ammonia,6.3,mg/L
Hatchery,Hatchery,5,5,2025-07-14,morning,dissolved_oxygen,6.07,mg/L
Hatchery,Hatchery,5,5,2025-07-14,morning,nitrate,1.2,mg/L
Hatchery,Hatchery,5,5,2025-07-14,morning,nitrite,0.016,mg/L
Hatchery,Hatchery,5,5,2025-07-14,morning,ph,7.94,pH
Hatchery,Hatchery,5,5,2025-07-14,morning,temperature,27.3,degC
Hatchery,Hatchery,5,5,2025-07-15,afternoon,dissolved_oxygen,5.46,mg/L
Hatchery,Hatchery,5,5,2025-07-15,afternoon,temperature,28.7,degC
Hatchery,Hatchery,5,5,2025-07-15,morning,ammonia,0.47,mg/L
Hatchery,Hatchery,5,5,2025-07-15,morning,dissolved_oxygen,6.56,mg/L
Hatchery,Hatchery,5,5,2025-07-15,morning,nitrate,1.3,mg/L
Hatchery,Hatchery,5,5,2025-07-15,morning,nitrite,0.018,mg/L
Hatchery,Hatchery,5,5,2025-07-15,morning,ph,7.14,pH
Hatchery,Hatchery,5,5,2025-07-15,morning,temperature,27.5,degC
Hatchery,Hatchery,5,5,2025-07-16,afternoon,dissolved_oxygen,4.67,mg/L
Hatchery,Hatchery,5,5,2025-07-16,afternoon,temperature,30.9,degC
Hatchery,Hatchery,5,5,2025-07-16,morning,ammonia,0.79,mg/L
Hatchery,Hatchery,5,5,2025-07-16,morning,dissolved_oxygen,5.85,mg/L
Hatchery,Hatchery,5,5,2025-07-16,morning,nitrate,0.7,mg/L
Hatchery,Hatchery,5,5,2025-07-16,morning,nitrite,0.018,mg/L
Hatchery,Hatchery,5,5,2025-07-16,morning,ph,7.36,pH
Hatchery,Hatchery,5,5,2025-07-16,morning,temperature,27.7,degC
Hatchery,Hatchery,5,5,2025-07-17,afternoon,dissolved_oxygen,4.94,mg/L
Hatchery,Hatchery,5,5,2025-07-17,afternoon,temperature,29.7,degC
Hatchery,Hatchery,5,5,2025-07-17,morning,ammonia,0.74,mg/L
Hatchery,Hatchery,5,5,2025-07-17,morning,dissolved_oxygen,5.65,mg/L
Hatchery,Hatchery,5,5,2025-07-17,morning,nitrate,0.7,mg/L
Hatchery,Hatchery,5,5,2025-07-17,morning,nitrite,0.019,mg/L
Hatchery,Hatchery,5,5,2025-07-17,morning,ph,7.13,pH
Hatchery,Hatchery,5,5,2025-07-17,morning,temperature,29.1,degC
Hatchery,Hatchery,5,5,2025-07-18,afternoon,dissolved_oxygen,5.35,mg/L
Hatchery,Hatchery,5,5,2025-07-18,afternoon,temperature,29.6,degC
Hatchery,Hatchery,5,5,2025-07-18,morning,ammonia,1.99,mg/L
Hatchery,Hatchery,5,5,2025-07-18,morning,dissolved_oxygen,5.3,mg/L
Hatchery,Hatchery,5,5,2025-07-18,morning,nitrate,0.8,mg/L
Hatchery,Hatchery,5,5,2025-07-18,morning,nitrite,0.017,mg/L
Hatchery,Hatchery,5,5,2025-07-18,morning,ph,7.38,pH
Hatchery,Hatchery,5,5,2025-07-18,morning,temperature,28.7,degC
Hatchery,Hatchery,5,5,2025-07-20,morning,ammonia,2.7,mg/L
Hatchery,Hatchery,5,5,2025-07-20,morning,ph,7.01,pH
Hatchery,Hatchery,5,5,2025-07-21,afternoon,dissolved_oxygen,4.9,mg/L
Hatchery,Hatchery,5,5,2025-07-21,afternoon,temperature,29.0,degC
Hatchery,Hatchery,5,5,2025-07-21,morning,ammonia,4.8,mg/L
Hatchery,Hatchery,5,5,2025-07-21,morning,dissolved_oxygen,6.64,mg/L
Hatchery,Hatchery,5,5,2025-07-21,morning,nitrate,0.9,mg/L
Hatchery,Hatchery,5,5,2025-07-21,morning,nitrite,0.127,mg/L
Hatchery,Hatchery,5,5,2025-07-21,morning,ph,7.82,pH
Hatchery,Hatchery,5,5,2025-07-21,morning,temperature,28.0,degC
Hatchery,Hatchery,5,5,2025-07-22,afternoon,ammonia,7.3,mg/L
Hatchery,Hatchery,5,5,2025-07-22,afternoon,dissolved_oxygen,4.92,mg/L
Hatchery,Hatchery,5,5,2025-07-22,afternoon,ph,7.43,pH
Hatchery,Hatchery,5,5,2025-07-22,afternoon,temperature,29.0,degC
Hatchery,Hatchery,5,5,2025-07-22,morning,dissolved_oxygen,5.73,mg/L
Hatchery,Hatchery,5,5,2025-07-22,morning,temperature,27.9,degC
Hatchery,Hatchery,5,5,2025-07-23,afternoon,dissolved_oxygen,6.46,mg/L
Hatchery,Hatchery,5,5,2025-07-23,afternoon,temperature,31.2,degC
Hatchery,Hatchery,5,5,2025-07-23,morning,ammonia,6.4,mg/L
Hatchery,Hatchery,5,5,2025-07-23,morning,dissolved_oxygen,5.25,mg/L
Hatchery,Hatchery,5,5,2025-07-23,morning,ph,7.11,pH
Hatchery,Hatchery,5,5,2025-07-23,morning,temperature,28.0,degC
Hatchery,Hatchery,5,5,2025-07-24,afternoon,dissolved_oxygen,8.16,mg/L
Hatchery,Hatchery,5,5,2025-07-24,afternoon,temperature,29.5,degC
Hatchery,Hatchery,5,5,2025-07-24,morning,dissolved_oxygen,9.11,mg/L
Hatchery,Hatchery,5,5,2025-07-24,morning,temperature,28.9,degC
Hatchery,Hatchery,5,5,2025-07-25,afternoon,dissolved_oxygen,6.55,mg/L
Hatchery,Hatchery,5,5,2025-07-25,afternoon,temperature,29.3,degC
Hatchery,Hatchery,5,5,2025-07-28,afternoon,dissolved_oxygen,5.36,mg/L
Hatchery,Hatchery,5,5,2025-07-28,afternoon,temperature,29.1,degC
Hatchery,Hatchery,5,5,2025-07-28,morning,dissolved_oxygen,5.35,mg/L
Hatchery,Hatchery,5,5,2025-07-28,morning,temperature,27.9,degC
Hatchery,Hatchery,5,5,2025-07-29,afternoon,dissolved_oxygen,5.28,mg/L
Hatchery,Hatchery,5,5,2025-07-29,afternoon,temperature,31.7,degC
Hatchery,Hatchery,5,5,2025-07-29,morning,dissolved_oxygen,5.61,mg/L
Hatchery,Hatchery,5,5,2025-07-29,morning,temperature,31.6,degC
Hatchery,Hatchery,5,5,2025-07-30,afternoon,dissolved_oxygen,6.33,mg/L
Hatchery,Hatchery,5,5,2025-07-30,afternoon,temperature,29.8,degC
Hatchery,Hatchery,6,6,2025-07-10,afternoon,dissolved_oxygen,6.42,mg/L
Hatchery,Hatchery,6,6,2025-07-10,afternoon,temperature,28.1,degC
Hatchery,Hatchery,6,6,2025-07-10,morning,ammonia,1.37,mg/L
Hatchery,Hatchery,6,6,2025-07-10,morning,dissolved_oxygen,6.77,mg/L
Hatchery,Hatchery,6,6,2025-07-10,morning,nitrate,1.1,mg/L
Hatchery,Hatchery,6,6,2025-07-10,morning,nitrite,0.008,mg/L
Hatchery,Hatchery,6,6,2025-07-10,morning,ph,6.9,pH
Hatchery,Hatchery,6,6,2025-07-10,morning,temperature,28.1,degC
Hatchery,Hatchery,6,6,2025-07-11,afternoon,dissolved_oxygen,6.27,mg/L
Hatchery,Hatchery,6,6,2025-07-11,afternoon,temperature,28.3,degC
Hatchery,Hatchery,6,6,2025-07-11,morning,ammonia,1.86,mg/L
Hatchery,Hatchery,6,6,2025-07-11,morning,dissolved_oxygen,6.86,mg/L
Hatchery,Hatchery,6,6,2025-07-11,morning,nitrate,1.1,mg/L
Hatchery,Hatchery,6,6,2025-07-11,morning,nitrite,0.007,mg/L
Hatchery,Hatchery,6,6,2025-07-11,morning,ph,6.86,pH
Hatchery,Hatchery,6,6,2025-07-11,morning,temperature,27.4,degC
Hatchery,Hatchery,6,6,2025-07-12,afternoon,dissolved_oxygen,5.08,mg/L
Hatchery,Hatchery,6,6,2025-07-12,afternoon,temperature,28.6,degC
Hatchery,Hatchery,6,6,2025-07-12,morning,dissolved_oxygen,5.92,mg/L
Hatchery,Hatchery,6,6,2025-07-12,morning,temperature,27.8,degC
Hatchery,Hatchery,6,6,2025-07-13,afternoon,dissolved_oxygen,5.79,mg/L
Hatchery,Hatchery,6,6,2025-07-13,afternoon,temperature,27.9,degC
Hatchery,Hatchery,6,6,2025-07-13,morning,ammonia,3.8,mg/L
Hatchery,Hatchery,6,6,2025-07-13,morning,dissolved_oxygen,5.81,mg/L
Hatchery,Hatchery,6,6,2025-07-13,morning,nitrate,0.1,mg/L
Hatchery,Hatchery,6,6,2025-07-13,morning,nitrite,0.025,mg/L
Hatchery,Hatchery,6,6,2025-07-13,morning,ph,6.09,pH
Hatchery,Hatchery,6,6,2025-07-13,morning,temperature,27.3,degC
Hatchery,Hatchery,6,6,2025-07-14,afternoon,dissolved_oxygen,5.5,mg/L
Hatchery,Hatchery,6,6,2025-07-14,afternoon,temperature,28.4,degC
Hatchery,Hatchery,6,6,2025-07-14,morning,ammonia,9.4,mg/L
Hatchery,Hatchery,6,6,2025-07-14,morning,dissolved_oxygen,5.69,mg/L
Hatchery,Hatchery,6,6,2025-07-14,morning,nitrate,1.3,mg/L
Hatchery,Hatchery,6,6,2025-07-14,morning,nitrite,0.015,mg/L
Hatchery,Hatchery,6,6,2025-07-14,morning,ph,7.8,pH
Hatchery,Hatchery,6,6,2025-07-14,morning,temperature,27.2,degC
Hatchery,Hatchery,6,6,2025-07-15,afternoon,dissolved_oxygen,5.46,mg/L
Hatchery,Hatchery,6,6,2025-07-15,afternoon,temperature,28.6,degC
Hatchery,Hatchery,6,6,2025-07-15,morning,ammonia,0.7,mg/L
Hatchery,Hatchery,6,6,2025-07-15,morning,dissolved_oxygen,6.1,mg/L
Hatchery,Hatchery,6,6,2025-07-15,morning,nitrate,1.4,mg/L
Hatchery,Hatchery,6,6,2025-07-15,morning,nitrite,0.028,mg/L
Hatchery,Hatchery,6,6,2025-07-15,morning,ph,7.05,pH
Hatchery,Hatchery,6,6,2025-07-15,morning,temperature,27.8,degC
Hatchery,Hatchery,6,6,2025-07-16,afternoon,dissolved_oxygen,5.85,mg/L
Hatchery,Hatchery,6,6,2025-07-16,afternoon,temperature,30.8,degC
Hatchery,Hatchery,6,6,2025-07-16,morning,ammonia,0.61,mg/L
Hatchery,Hatchery,6,6,2025-07-16,morning,dissolved_oxygen,5.07,mg/L
Hatchery,Hatchery,6,6,2025-07-16,morning,nitrate,0.7,mg/L
Hatchery,Hatchery,6,6,2025-07-16,morning,nitrite,0.015,mg/L
Hatchery,Hatchery,6,6,2025-07-16,morning,ph,7.44,pH
Hatchery,Hatchery,6,6,2025-07-16,morning,temperature,27.6,degC
Hatchery,Hatchery,6,6,2025-07-17,afternoon,dissolved_oxygen,5.51,mg/L
Hatchery,Hatchery,6,6,2025-07-17,afternoon,temperature,29.6,degC
Hatchery,Hatchery,6,6,2025-07-17,morning,ammonia,0.74,mg/L
Hatchery,Hatchery,6,6,2025-07-17,morning,dissolved_oxygen,6.01,mg/L
Hatchery,Hatchery,6,6,2025-07-17,morning,nitrate,0.5,mg/L
Hatchery,Hatchery,6,6,2025-07-17,morning,nitrite,0.016,mg/L
Hatchery,Hatchery,6,6,2025-07-17,morning,ph,7.04,pH
Hatchery,Hatchery,6,6,2025-07-17,morning,temperature,29.0,degC
Hatchery,Hatchery,6,6,2025-07-18,afternoon,dissolved_oxygen,6.35,mg/L
Hatchery,Hatchery,6,6,2025-07-18,afternoon,temperature,29.5,degC
Hatchery,Hatchery,6,6,2025-07-18,morning,ammonia,1.54,mg/L
Hatchery,Hatchery,6,6,2025-07-18,morning,dissolved_oxygen,6.3,mg/L
Hatchery,Hatchery,6,6,2025-07-18,morning,nitrate,0.3,mg/L
Hatchery,Hatchery,6,6,2025-07-18,morning,nitrite,0.007,mg/L
Hatchery,Hatchery,6,6,2025-07-18,morning,ph,7.17,pH
Hatchery,Hatchery,6,6,2025-07-18,morning,temperature,28.6,degC
Hatchery,Hatchery,6,6,2025-07-20,morning,ammonia,1.6,mg/L
Hatchery,Hatchery,6,6,2025-07-20,morning,ph,7.04,pH
Hatchery,Hatchery,6,6,2025-07-21,afternoon,dissolved_oxygen,5.74,mg/L
Hatchery,Hatchery,6,6,2025-07-21,afternoon,temperature,28.9,degC
Hatchery,Hatchery,6,6,2025-07-21,morning,ammonia,3.1,mg/L
Hatchery,Hatchery,6,6,2025-07-21,morning,dissolved_oxygen,7.0,mg/L
Hatchery,Hatchery,6,6,2025-07-21,morning,nitrate,0.4,mg/L
Hatchery,Hatchery,6,6,2025-07-21,morning,nitrite,0.018,mg/L
Hatchery,Hatchery,6,6,2025-07-21,morning,ph,7.72,pH
Hatchery,Hatchery,6,6,2025-07-21,morning,temperature,27.9,degC
Hatchery,Hatchery,6,6,2025-07-22,afternoon,ammonia,4.9,mg/L
Hatchery,Hatchery,6,6,2025-07-22,afternoon,dissolved_oxygen,5.29,mg/L
Hatchery,Hatchery,6,6,2025-07-22,afternoon,ph,7.25,pH
Hatchery,Hatchery,6,6,2025-07-22,afternoon,temperature,28.9,degC
Hatchery,Hatchery,6,6,2025-07-22,morning,dissolved_oxygen,5.74,mg/L
Hatchery,Hatchery,6,6,2025-07-22,morning,temperature,27.8,degC
Hatchery,Hatchery,6,6,2025-07-23,afternoon,dissolved_oxygen,7.09,mg/L
Hatchery,Hatchery,6,6,2025-07-23,afternoon,temperature,31.2,degC
Hatchery,Hatchery,6,6,2025-07-23,morning,ammonia,5.3,mg/L
Hatchery,Hatchery,6,6,2025-07-23,morning,dissolved_oxygen,6.65,mg/L
Hatchery,Hatchery,6,6,2025-07-23,morning,ph,7.14,pH
Hatchery,Hatchery,6,6,2025-07-23,morning,temperature,27.9,degC
Hatchery,Hatchery,6,6,2025-07-24,afternoon,dissolved_oxygen,8.76,mg/L
Hatchery,Hatchery,6,6,2025-07-24,afternoon,temperature,29.5,degC
Hatchery,Hatchery,6,6,2025-07-24,morning,dissolved_oxygen,9.61,mg/L
Hatchery,Hatchery,6,6,2025-07-24,morning,temperature,28.9,degC
Hatchery,Hatchery,6,6,2025-07-25,afternoon,dissolved_oxygen,7.26,mg/L
Hatchery,Hatchery,6,6,2025-07-25,afternoon,temperature,29.2,degC
Hatchery,Hatchery,6,6,2025-07-28,afternoon,dissolved_oxygen,5.69,mg/L
Hatchery,Hatchery,6,6,2025-07-28,afternoon,temperature,29.0,degC
Hatchery,Hatchery,6,6,2025-07-28,morning,dissolved_oxygen,6.09,mg/L
Hatchery,Hatchery,6,6,2025-07-28,morning,temperature,27.9,degC
Hatchery,Hatchery,6,6,2025-07-29,afternoon,dissolved_oxygen,5.35,mg/L
Hatchery,Hatchery,6,6,2025-07-29,afternoon,temperature,31.7,degC
Hatchery,Hatchery,6,6,2025-07-29,morning,dissolved_oxygen,5.51,mg/L
Hatchery,Hatchery,6,6,2025-07-29,morning,temperature,31.7,degC
Hatchery,Hatchery,6,6,2025-07-30,afternoon,dissolved_oxygen,6.03,mg/L
Hatchery,Hatchery,6,6,2025-07-30,afternoon,temperature,29.8,degC
Hatchery,Hatchery,7,7,2025-07-10,afternoon,dissolved_oxygen,5.96,mg/L
Hatchery,Hatchery,7,7,2025-07-10,afternoon,temperature,28.1,degC
Hatchery,Hatchery,7,7,2025-07-10,morning,ammonia,0.8,mg/L
Hatchery,Hatchery,7,7,2025-07-10,morning,dissolved_oxygen,6.67,mg/L
Hatchery,Hatchery,7,7,2025-07-10,morning,nitrate,1.1,mg/L
Hatchery,Hatchery,7,7,2025-07-10,morning,nitrite,0.004,mg/L
Hatchery,Hatchery,7,7,2025-07-10,morning,ph,6.87,pH
Hatchery,Hatchery,7,7,2025-07-10,morning,temperature,28.0,degC
Hatchery,Hatchery,7,7,2025-07-11,afternoon,dissolved_oxygen,5.62,mg/L
Hatchery,Hatchery,7,7,2025-07-11,afternoon,temperature,28.3,degC
Hatchery,Hatchery,7,7,2025-07-11,morning,ammonia,1.55,mg/L
Hatchery,Hatchery,7,7,2025-07-11,morning,dissolved_oxygen,6.44,mg/L
Hatchery,Hatchery,7,7,2025-07-11,morning,nitrate,1.4,mg/L
Hatchery,Hatchery,7,7,2025-07-11,morning,nitrite,0.005,mg/L
Hatchery,Hatchery,7,7,2025-07-11,morning,ph,6.92,pH
Hatchery,Hatchery,7,7,2025-07-11,morning,temperature,27.3,degC
Hatchery,Hatchery,7,7,2025-07-12,afternoon,dissolved_oxygen,4.81,mg/L
Hatchery,Hatchery,7,7,2025-07-12,afternoon,temperature,28.6,degC
Hatchery,Hatchery,7,7,2025-07-12,morning,dissolved_oxygen,5.23,mg/L
Hatchery,Hatchery,7,7,2025-07-12,morning,temperature,27.8,degC
Hatchery,Hatchery,7,7,2025-07-13,afternoon,dissolved_oxygen,5.01,mg/L
Hatchery,Hatchery,7,7,2025-07-13,afternoon,temperature,27.8,degC
Hatchery,Hatchery,7,7,2025-07-13,morning,ammonia,4.6,mg/L
Hatchery,Hatchery,7,7,2025-07-13,morning,dissolved_oxygen,5.63,mg/L
Hatchery,Hatchery,7,7,2025-07-13,morning,nitrate,0.4,mg/L
Hatchery,Hatchery,7,7,2025-07-13,morning,nitrite,0.034,mg/L
Hatchery,Hatchery,7,7,2025-07-13,morning,ph,7.19,pH
Hatchery,Hatchery,7,7,2025-07-13,morning,temperature,27.3,degC
Hatchery,Hatchery,7,7,2025-07-14,afternoon,dissolved_oxygen,4.73,mg/L
Hatchery,Hatchery,7,7,2025-07-14,afternoon,temperature,28.4,degC
Hatchery,Hatchery,7,7,2025-07-14,morning,ammonia,8.6,mg/L
Hatchery,Hatchery,7,7,2025-07-14,morning,dissolved_oxygen,5.39,mg/L
Hatchery,Hatchery,7,7,2025-07-14,morning,nitrate,1.2,mg/L
Hatchery,Hatchery,7,7,2025-07-14,morning,nitrite,0.015,mg/L
Hatchery,Hatchery,7,7,2025-07-14,morning,ph,7.75,pH
Hatchery,Hatchery,7,7,2025-07-14,morning,temperature,27.2,degC
Hatchery,Hatchery,7,7,2025-07-15,afternoon,dissolved_oxygen,5.18,mg/L
Hatchery,Hatchery,7,7,2025-07-15,afternoon,temperature,28.6,degC
Hatchery,Hatchery,7,7,2025-07-15,morning,ammonia,0.6,mg/L
Hatchery,Hatchery,7,7,2025-07-15,morning,dissolved_oxygen,6.07,mg/L
Hatchery,Hatchery,7,7,2025-07-15,morning,nitrate,1.1,mg/L
Hatchery,Hatchery,7,7,2025-07-15,morning,nitrite,0.022,mg/L
Hatchery,Hatchery,7,7,2025-07-15,morning,ph,7.02,pH
Hatchery,Hatchery,7,7,2025-07-15,morning,temperature,27.6,degC
Hatchery,Hatchery,7,7,2025-07-16,afternoon,dissolved_oxygen,5.57,mg/L
Hatchery,Hatchery,7,7,2025-07-16,afternoon,temperature,31.0,degC
Hatchery,Hatchery,7,7,2025-07-16,morning,ammonia,1.12,mg/L
Hatchery,Hatchery,7,7,2025-07-16,morning,dissolved_oxygen,5.95,mg/L
Hatchery,Hatchery,7,7,2025-07-16,morning,nitrate,0.1,mg/L
Hatchery,Hatchery,7,7,2025-07-16,morning,nitrite,0.024,mg/L
Hatchery,Hatchery,7,7,2025-07-16,morning,ph,7.27,pH
Hatchery,Hatchery,7,7,2025-07-16,morning,temperature,27.5,degC
Hatchery,Hatchery,7,7,2025-07-17,afternoon,dissolved_oxygen,5.04,mg/L
Hatchery,Hatchery,7,7,2025-07-17,afternoon,temperature,29.7,degC
Hatchery,Hatchery,7,7,2025-07-17,morning,ammonia,0.7,mg/L
Hatchery,Hatchery,7,7,2025-07-17,morning,dissolved_oxygen,5.72,mg/L
Hatchery,Hatchery,7,7,2025-07-17,morning,nitrate,0.8,mg/L
Hatchery,Hatchery,7,7,2025-07-17,morning,nitrite,0.008,mg/L
Hatchery,Hatchery,7,7,2025-07-17,morning,ph,6.98,pH
Hatchery,Hatchery,7,7,2025-07-17,morning,temperature,29.2,degC
Hatchery,Hatchery,7,7,2025-07-18,afternoon,dissolved_oxygen,5.49,mg/L
Hatchery,Hatchery,7,7,2025-07-18,afternoon,temperature,29.6,degC
Hatchery,Hatchery,7,7,2025-07-18,morning,ammonia,1.58,mg/L
Hatchery,Hatchery,7,7,2025-07-18,morning,dissolved_oxygen,5.96,mg/L
Hatchery,Hatchery,7,7,2025-07-18,morning,nitrate,1.0,mg/L
Hatchery,Hatchery,7,7,2025-07-18,morning,nitrite,0.014,mg/L
Hatchery,Hatchery,7,7,2025-07-18,morning,ph,7.1,pH
Hatchery,Hatchery,7,7,2025-07-18,morning,temperature,28.8,degC
Hatchery,Hatchery,7,7,2025-07-20,morning,ammonia,1.7,mg/L
Hatchery,Hatchery,7,7,2025-07-20,morning,ph,6.98,pH
Hatchery,Hatchery,7,7,2025-07-21,afternoon,dissolved_oxygen,4.31,mg/L
Hatchery,Hatchery,7,7,2025-07-21,afternoon,temperature,29.0,degC
Hatchery,Hatchery,7,7,2025-07-21,morning,ammonia,2.7,mg/L
Hatchery,Hatchery,7,7,2025-07-21,morning,dissolved_oxygen,6.55,mg/L
Hatchery,Hatchery,7,7,2025-07-21,morning,nitrate,1.5,mg/L
Hatchery,Hatchery,7,7,2025-07-21,morning,nitrite,0.209,mg/L
Hatchery,Hatchery,7,7,2025-07-21,morning,ph,7.62,pH
Hatchery,Hatchery,7,7,2025-07-21,morning,temperature,28.1,degC
Hatchery,Hatchery,7,7,2025-07-22,afternoon,ammonia,4.4,mg/L
Hatchery,Hatchery,7,7,2025-07-22,afternoon,dissolved_oxygen,4.74,mg/L
Hatchery,Hatchery,7,7,2025-07-22,afternoon,ph,7.3,pH
Hatchery,Hatchery,7,7,2025-07-22,afternoon,temperature,29.0,degC
Hatchery,Hatchery,7,7,2025-07-22,morning,dissolved_oxygen,5.63,mg/L
Hatchery,Hatchery,7,7,2025-07-22,morning,temperature,27.7,degC
Hatchery,Hatchery,7,7,2025-07-23,afternoon,dissolved_oxygen,6.57,mg/L
Hatchery,Hatchery,7,7,2025-07-23,afternoon,temperature,30.6,degC
Hatchery,Hatchery,7,7,2025-07-23,morning,ammonia,4.6,mg/L
Hatchery,Hatchery,7,7,2025-07-23,morning,dissolved_oxygen,6.28,mg/L
Hatchery,Hatchery,7,7,2025-07-23,morning,ph,7.21,pH
Hatchery,Hatchery,7,7,2025-07-23,morning,temperature,27.9,degC
Hatchery,Hatchery,7,7,2025-07-24,afternoon,dissolved_oxygen,7.4,mg/L
Hatchery,Hatchery,7,7,2025-07-24,afternoon,temperature,29.5,degC
Hatchery,Hatchery,7,7,2025-07-24,morning,dissolved_oxygen,8.79,mg/L
Hatchery,Hatchery,7,7,2025-07-24,morning,temperature,28.9,degC
Hatchery,Hatchery,7,7,2025-07-25,afternoon,dissolved_oxygen,6.23,mg/L
Hatchery,Hatchery,7,7,2025-07-25,afternoon,temperature,29.2,degC
Hatchery,Hatchery,7,7,2025-07-28,afternoon,dissolved_oxygen,4.47,mg/L
Hatchery,Hatchery,7,7,2025-07-28,afternoon,temperature,29.1,degC
Hatchery,Hatchery,7,7,2025-07-28,morning,dissolved_oxygen,5.08,mg/L
Hatchery,Hatchery,7,7,2025-07-28,morning,temperature,28.0,degC
Hatchery,Hatchery,7,7,2025-07-29,afternoon,dissolved_oxygen,4.86,mg/L
Hatchery,Hatchery,7,7,2025-07-29,afternoon,temperature,31.7,degC
Hatchery,Hatchery,7,7,2025-07-29,morning,dissolved_oxygen,5.36,mg/L
Hatchery,Hatchery,7,7,2025-07-29,morning,temperature,31.6,degC
Hatchery,Hatchery,7,7,2025-07-30,afternoon,dissolved_oxygen,5.36,mg/L
Hatchery,Hatchery,7,7,2025-07-30,afternoon,temperature,29.7,degC
Hatchery,Hatchery,8,8,2025-07-10,afternoon,dissolved_oxygen,5.88,mg/L
Hatchery,Hatchery,8,8,2025-07-10,afternoon,temperature,28.0,degC
Hatchery,Hatchery,8,8,2025-07-10,morning,ammonia,1.97,mg/L
Hatchery,Hatchery,8,8,2025-07-10,morning,dissolved_oxygen,6.49,mg/L
Hatchery,Hatchery,8,8,2025-07-10,morning,nitrate,1.1,mg/L
Hatchery,Hatchery,8,8,2025-07-10,morning,nitrite,0.018,mg/L
Hatchery,Hatchery,8,8,2025-07-10,morning,ph,6.82,pH
Hatchery,Hatchery,8,8,2025-07-10,morning,temperature,27.9,degC
Hatchery,Hatchery,8,8,2025-07-11,afternoon,dissolved_oxygen,5.62,mg/L
Hatchery,Hatchery,8,8,2025-07-11,afternoon,temperature,28.2,degC
Hatchery,Hatchery,8,8,2025-07-11,morning,ammonia,2.98,mg/L
Hatchery,Hatchery,8,8,2025-07-11,morning,dissolved_oxygen,6.55,mg/L
Hatchery,Hatchery,8,8,2025-07-11,morning,nitrate,1.3,mg/L
Hatchery,Hatchery,8,8,2025-07-11,morning,nitrite,0.018,mg/L
Hatchery,Hatchery,8,8,2025-07-11,morning,ph,6.88,pH
Hatchery,Hatchery,8,8,2025-07-11,morning,temperature,27.2,degC
Hatchery,Hatchery,8,8,2025-07-12,afternoon,dissolved_oxygen,5.21,mg/L
Hatchery,Hatchery,8,8,2025-07-12,afternoon,temperature,28.4,degC
Hatchery,Hatchery,8,8,2025-07-12,morning,dissolved_oxygen,5.1,mg/L
Hatchery,Hatchery,8,8,2025-07-12,morning,temperature,27.7,degC
Hatchery,Hatchery,8,8,2025-07-13,afternoon,dissolved_oxygen,5.06,mg/L
Hatchery,Hatchery,8,8,2025-07-13,afternoon,temperature,27.7,degC
Hatchery,Hatchery,8,8,2025-07-13,morning,ammonia,7.1,mg/L
Hatchery,Hatchery,8,8,2025-07-13,morning,dissolved_oxygen,5.95,mg/L
Hatchery,Hatchery,8,8,2025-07-13,morning,nitrate,1.0,mg/L
Hatchery,Hatchery,8,8,2025-07-13,morning,nitrite,0.027,mg/L
Hatchery,Hatchery,8,8,2025-07-13,morning,ph,7.12,pH
Hatchery,Hatchery,8,8,2025-07-13,morning,temperature,27.2,degC
Hatchery,Hatchery,8,8,2025-07-14,afternoon,dissolved_oxygen,5.04,mg/L
Hatchery,Hatchery,8,8,2025-07-14,afternoon,temperature,28.2,degC
Hatchery,Hatchery,8,8,2025-07-14,morning,ammonia,5.0,mg/L
Hatchery,Hatchery,8,8,2025-07-14,morning,dissolved_oxygen,5.75,mg/L
Hatchery,Hatchery,8,8,2025-07-14,morning,nitrate,1.2,mg/L
Hatchery,Hatchery,8,8,2025-07-14,morning,nitrite,0.026,mg/L
Hatchery,Hatchery,8,8,2025-07-14,morning,ph,7.73,pH
Hatchery,Hatchery,8,8,2025-07-14,morning,temperature,27.1,degC
Hatchery,Hatchery,8,8,2025-07-15,afternoon,dissolved_oxygen,5.23,mg/L
Hatchery,Hatchery,8,8,2025-07-15,afternoon,temperature,28.4,degC
Hatchery,Hatchery,8,8,2025-07-15,morning,ammonia,1.02,mg/L
Hatchery,Hatchery,8,8,2025-07-15,morning,dissolved_oxygen,5.83,mg/L
Hatchery,Hatchery,8,8,2025-07-15,morning,nitrate,1.8,mg/L
Hatchery,Hatchery,8,8,2025-07-15,morning,nitrite,0.022,mg/L
Hatchery,Hatchery,8,8,2025-07-15,morning,ph,7.05,pH
Hatchery,Hatchery,8,8,2025-07-15,morning,temperature,27.4,degC
Hatchery,Hatchery,8,8,2025-07-16,afternoon,dissolved_oxygen,5.83,mg/L
Hatchery,Hatchery,8,8,2025-07-16,afternoon,temperature,29.9,degC
Hatchery,Hatchery,8,8,2025-07-16,morning,ammonia,1.29,mg/L
Hatchery,Hatchery,8,8,2025-07-16,morning,dissolved_oxygen,7.0,mg/L
Hatchery,Hatchery,8,8,2025-07-16,morning,nitrate,0.6,mg/L
Hatchery,Hatchery,8,8,2025-07-16,morning,nitrite,0.018,mg/L
Hatchery,Hatchery,8,8,2025-07-16,morning,ph,7.4,pH
Hatchery,Hatchery,8,8,2025-07-16,morning,temperature,27.3,degC
Hatchery,Hatchery,8,8,2025-07-17,afternoon,dissolved_oxygen,5.45,mg/L
Hatchery,Hatchery,8,8,2025-07-17,afternoon,temperature,29.2,degC
Hatchery,Hatchery,8,8,2025-07-17,morning,ammonia,0.74,mg/L
Hatchery,Hatchery,8,8,2025-07-17,morning,dissolved_oxygen,5.88,mg/L
Hatchery,Hatchery,8,8,2025-07-17,morning,nitrate,1.1,mg/L
Hatchery,Hatchery,8,8,2025-07-17,morning,nitrite,0.017,mg/L
Hatchery,Hatchery,8,8,2025-07-17,morning,ph,7.03,pH
Hatchery,Hatchery,8,8,2025-07-17,morning,temperature,28.7,degC
Hatchery,Hatchery,8,8,2025-07-18,afternoon,dissolved_oxygen,5.64,mg/L
Hatchery,Hatchery,8,8,2025-07-18,afternoon,temperature,29.3,degC
Hatchery,Hatchery,8,8,2025-07-18,morning,ammonia,1.63,mg/L
Hatchery,Hatchery,8,8,2025-07-18,morning,dissolved_oxygen,5.35,mg/L
Hatchery,Hatchery,8,8,2025-07-18,morning,nitrate,1.1,mg/L
Hatchery,Hatchery,8,8,2025-07-18,morning,nitrite,0.004,mg/L
Hatchery,Hatchery,8,8,2025-07-18,morning,ph,7.07,pH
Hatchery,Hatchery,8,8,2025-07-18,morning,temperature,28.5,degC
Hatchery,Hatchery,8,8,2025-07-20,morning,ammonia,1.8,mg/L
Hatchery,Hatchery,8,8,2025-07-20,morning,ph,6.93,pH
Hatchery,Hatchery,8,8,2025-07-21,afternoon,dissolved_oxygen,5.14,mg/L
Hatchery,Hatchery,8,8,2025-07-21,afternoon,temperature,28.8,degC
Hatchery,Hatchery,8,8,2025-07-21,morning,ammonia,3.8,mg/L
Hatchery,Hatchery,8,8,2025-07-21,morning,dissolved_oxygen,6.76,mg/L
Hatchery,Hatchery,8,8,2025-07-21,morning,nitrate,1.5,mg/L
Hatchery,Hatchery,8,8,2025-07-21,morning,nitrite,0.011,mg/L
Hatchery,Hatchery,8,8,2025-07-21,morning,ph,7.52,pH
Hatchery,Hatchery,8,8,2025-07-21,morning,temperature,27.9,degC
Hatchery,Hatchery,8,8,2025-07-22,afternoon,ammonia,7.0,mg/L
Hatchery,Hatchery,8,8,2025-07-22,afternoon,dissolved_oxygen,5.0,mg/L
Hatchery,Hatchery,8,8,2025-07-22,afternoon,ph,7.16,pH
Hatchery,Hatchery,8,8,2025-07-22,afternoon,temperature,28.8,degC
Hatchery,Hatchery,8,8,2025-07-22,morning,dissolved_oxygen,5.67,mg/L
Hatchery,Hatchery,8,8,2025-07-22,morning,temperature,27.7,degC
Hatchery,Hatchery,8,8,2025-07-23,afternoon,dissolved_oxygen,6.87,mg/L
Hatchery,Hatchery,8,8,2025-07-23,afternoon,temperature,31.0,degC
Hatchery,Hatchery,8,8,2025-07-23,morning,ammonia,5.2,mg/L
Hatchery,Hatchery,8,8,2025-07-23,morning,dissolved_oxygen,7.0,mg/L
Hatchery,Hatchery,8,8,2025-07-23,morning,ph,7.23,pH
Hatchery,Hatchery,8,8,2025-07-23,morning,temperature,27.9,degC
Hatchery,Hatchery,8,8,2025-07-24,afternoon,dissolved_oxygen,8.12,mg/L
Hatchery,Hatchery,8,8,2025-07-24,afternoon,temperature,29.3,degC
Hatchery,Hatchery,8,8,2025-07-24,morning,dissolved_oxygen,8.6,mg/L
Hatchery,Hatchery,8,8,2025-07-24,morning,temperature,28.7,degC
Hatchery,Hatchery,8,8,2025-07-25,afternoon,dissolved_oxygen,6.84,mg/L
Hatchery,Hatchery,8,8,2025-07-25,afternoon,temperature,29.0,degC
Hatchery,Hatchery,8,8,2025-07-28,afternoon,dissolved_oxygen,5.22,mg/L
Hatchery,Hatchery,8,8,2025-07-28,afternoon,temperature,28.9,degC
Hatchery,Hatchery,8,8,2025-07-28,morning,dissolved_oxygen,5.2,mg/L
Hatchery,Hatchery,8,8,2025-07-28,morning,temperature,27.8,degC
Hatchery,Hatchery,8,8,2025-07-29,afternoon,dissolved_oxygen,5.43,mg/L
Hatchery,Hatchery,8,8,2025-07-29,afternoon,temperature,31.5,degC
Hatchery,Hatchery,8,8,2025-07-29,morning,dissolved_oxygen,5.72,mg/L
Hatchery,Hatchery,8,8,2025-07-29,morning,temperature,31.5,degC
Hatchery,Hatchery,8,8,2025-07-30,afternoon,dissolved_oxygen,5.14,mg/L
Hatchery,Hatchery,8,8,2025-07-30,afternoon,temperature,29.4,degC
Hatchery,Hatchery,9,9,2025-07-10,afternoon,dissolved_oxygen,6.2,mg/L
Hatchery,Hatchery,9,9,2025-07-10,afternoon,temperature,27.9,degC
Hatchery,Hatchery,9,9,2025-07-10,morning,ammonia,1.67,mg/L
Hatchery,Hatchery,9,9,2025-07-10,morning,dissolved_oxygen,6.71,mg/L
Hatchery,Hatchery,9,9,2025-07-10,morning,nitrate,0.9,mg/L
Hatchery,Hatchery,9,9,2025-07-10,morning,nitrite,0.004,mg/L
Hatchery,Hatchery,9,9,2025-07-10,morning,ph,6.83,pH
Hatchery,Hatchery,9,9,2025-07-10,morning,temperature,27.8,degC
Hatchery,Hatchery,9,9,2025-07-11,afternoon,dissolved_oxygen,5.86,mg/L
Hatchery,Hatchery,9,9,2025-07-11,afternoon,temperature,28.2,degC
Hatchery,Hatchery,9,9,2025-07-11,morning,ammonia,2.56,mg/L
Hatchery,Hatchery,9,9,2025-07-11,morning,dissolved_oxygen,6.71,mg/L
Hatchery,Hatchery,9,9,2025-07-11,morning,nitrate,1.1,mg/L
Hatchery,Hatchery,9,9,2025-07-11,morning,nitrite,0.02,mg/L
Hatchery,Hatchery,9,9,2025-07-11,morning,ph,6.86,pH
Hatchery,Hatchery,9,9,2025-07-11,morning,temperature,27.2,degC
Hatchery,Hatchery,9,9,2025-07-12,afternoon,dissolved_oxygen,5.44,mg/L
Hatchery,Hatchery,9,9,2025-07-12,afternoon,temperature,28.4,degC
Hatchery,Hatchery,9,9,2025-07-12,morning,dissolved_oxygen,5.63,mg/L
Hatchery,Hatchery,9,9,2025-07-12,morning,temperature,27.7,degC
Hatchery,Hatchery,9,9,2025-07-13,afternoon,dissolved_oxygen,5.53,mg/L
Hatchery,Hatchery,9,9,2025-07-13,afternoon,temperature,27.7,degC
Hatchery,Hatchery,9,9,2025-07-13,morning,ammonia,6.4,mg/L
Hatchery,Hatchery,9,9,2025-07-13,morning,dissolved_oxygen,5.87,mg/L
Hatchery,Hatchery,9,9,2025-07-13,morning,nitrate,0.2,mg/L
Hatchery,Hatchery,9,9,2025-07-13,morning,nitrite,0.013,mg/L
Hatchery,Hatchery,9,9,2025-07-13,morning,ph,6.13,pH
Hatchery,Hatchery,9,9,2025-07-13,morning,temperature,27.1,degC
Hatchery,Hatchery,9,9,2025-07-14,afternoon,dissolved_oxygen,5.19,mg/L
Hatchery,Hatchery,9,9,2025-07-14,afternoon,temperature,28.2,degC
Hatchery,Hatchery,9,9,2025-07-14,morning,ammonia,4.2,mg/L
Hatchery,Hatchery,9,9,2025-07-14,morning,dissolved_oxygen,5.65,mg/L
Hatchery,Hatchery,9,9,2025-07-14,morning,nitrate,1.4,mg/L
Hatchery,Hatchery,9,9,2025-07-14,morning,nitrite,0.023,mg/L
Hatchery,Hatchery,9,9,2025-07-14,morning,ph,7.73,pH
Hatchery,Hatchery,9,9,2025-07-14,morning,temperature,27.1,degC
Hatchery,Hatchery,9,9,2025-07-15,afternoon,dissolved_oxygen,5.51,mg/L
Hatchery,Hatchery,9,9,2025-07-15,afternoon,temperature,28.4,degC
Hatchery,Hatchery,9,9,2025-07-15,morning,ammonia,0.76,mg/L
Hatchery,Hatchery,9,9,2025-07-15,morning,dissolved_oxygen,6.25,mg/L
Hatchery,Hatchery,9,9,2025-07-15,morning,nitrate,1.4,mg/L
Hatchery,Hatchery,9,9,2025-07-15,morning,nitrite,0.017,mg/L
Hatchery,Hatchery,9,9,2025-07-15,morning,ph,7.01,pH
Hatchery,Hatchery,9,9,2025-07-15,morning,temperature,27.6,degC
Hatchery,Hatchery,9,9,2025-07-16,afternoon,dissolved_oxygen,5.75,mg/L
Hatchery,Hatchery,9,9,2025-07-16,afternoon,temperature,30.7,degC
Hatchery,Hatchery,9,9,2025-07-16,morning,ammonia,1.11,mg/L
Hatchery,Hatchery,9,9,2025-07-16,morning,dissolved_oxygen,5.53,mg/L
Hatchery,Hatchery,9,9,2025-07-16,morning,nitrate,0.6,mg/L
Hatchery,Hatchery,9,9,2025-07-16,morning,nitrite,0.014,mg/L
Hatchery,Hatchery,9,9,2025-07-16,morning,ph,7.42,pH
Hatchery,Hatchery,9,9,2025-07-16,morning,temperature,27.4,degC
Hatchery,Hatchery,9,9,2025-07-17,afternoon,dissolved_oxygen,5.45,mg/L
Hatchery,Hatchery,9,9,2025-07-17,afternoon,temperature,29.5,degC
Hatchery,Hatchery,9,9,2025-07-17,morning,ammonia,0.7,mg/L
Hatchery,Hatchery,9,9,2025-07-17,morning,dissolved_oxygen,5.69,mg/L
Hatchery,Hatchery,9,9,2025-07-17,morning,nitrate,0.9,mg/L
Hatchery,Hatchery,9,9,2025-07-17,morning,nitrite,0.007,mg/L
Hatchery,Hatchery,9,9,2025-07-17,morning,ph,7.02,pH
Hatchery,Hatchery,9,9,2025-07-17,morning,temperature,29.1,degC
Hatchery,Hatchery,9,9,2025-07-18,afternoon,dissolved_oxygen,5.53,mg/L
Hatchery,Hatchery,9,9,2025-07-18,afternoon,temperature,29.3,degC
Hatchery,Hatchery,9,9,2025-07-18,morning,ammonia,1.63,mg/L
Hatchery,Hatchery,9,9,2025-07-18,morning,dissolved_oxygen,5.75,mg/L
Hatchery,Hatchery,9,9,2025-07-18,morning,nitrate,0.9,mg/L
Hatchery,Hatchery,9,9,2025-07-18,morning,nitrite,0.015,mg/L
Hatchery,Hatchery,9,9,2025-07-18,morning,ph,7.1,pH
Hatchery,Hatchery,9,9,2025-07-18,morning,temperature,28.6,degC
Hatchery,Hatchery,9,9,2025-07-20,morning,ammonia,1.5,mg/L
Hatchery,Hatchery,9,9,2025-07-20,morning,ph,6.99,pH
Hatchery,Hatchery,9,9,2025-07-21,afternoon,dissolved_oxygen,5.23,mg/L
Hatchery,Hatchery,9,9,2025-07-21,afternoon,temperature,28.8,degC
Hatchery,Hatchery,9,9,2025-07-21,morning,ammonia,3.4,mg/L
Hatchery,Hatchery,9,9,2025-07-21,morning,dissolved_oxygen,6.56,mg/L
Hatchery,Hatchery,9,9,2025-07-21,morning,nitrate,0.9,mg/L
Hatchery,Hatchery,9,9,2025-07-21,morning,nitrite,0.025,mg/L
Hatchery,Hatchery,9,9,2025-07-21,morning,ph,7.49,pH
Hatchery,Hatchery,9,9,2025-07-21,morning,temperature,27.8,degC
Hatchery,Hatchery,9,9,2025-07-22,afternoon,ammonia,5.6,mg/L
Hatchery,Hatchery,9,9,2025-07-22,afternoon,dissolved_oxygen,4.81,mg/L
Hatchery,Hatchery,9,9,2025-07-22,afternoon,ph,7.43,pH
Hatchery,Hatchery,9,9,2025-07-22,afternoon,temperature,28.8,degC
Hatchery,Hatchery,9,9,2025-07-22,morning,dissolved_oxygen,5.21,mg/L
Hatchery,Hatchery,9,9,2025-07-22,morning,temperature,27.8,degC
Hatchery,Hatchery,9,9,2025-07-23,afternoon,dissolved_oxygen,6.88,mg/L
Hatchery,Hatchery,9,9,2025-07-23,afternoon,temperature,30.3,degC
Hatchery,Hatchery,9,9,2025-07-23,morning,ammonia,6.4,mg/L
Hatchery,Hatchery,9,9,2025-07-23,morning,dissolved_oxygen,6.43,mg/L
Hatchery,Hatchery,9,9,2025-07-23,morning,ph,7.2,pH
Hatchery,Hatchery,9,9,2025-07-23,morning,temperature,27.8,degC
Hatchery,Hatchery,9,9,2025-07-24,afternoon,dissolved_oxygen,8.29,mg/L
Hatchery,Hatchery,9,9,2025-07-24,afternoon,temperature,29.3,degC
Hatchery,Hatchery,9,9,2025-07-24,morning,dissolved_oxygen,9.07,mg/L
Hatchery,Hatchery,9,9,2025-07-24,morning,temperature,28.7,degC
Hatchery,Hatchery,9,9,2025-07-25,afternoon,dissolved_oxygen,6.81,mg/L
Hatchery,Hatchery,9,9,2025-07-25,afternoon,temperature,29.0,degC
Hatchery,Hatchery,9,9,2025-07-28,afternoon,dissolved_oxygen,5.05,mg/L
Hatchery,Hatchery,9,9,2025-07-28,afternoon,temperature,28.9,degC
Hatchery,Hatchery,9,9,2025-07-28,morning,dissolved_oxygen,5.34,mg/L
Hatchery,Hatchery,9,9,2025-07-28,morning,temperature,27.8,degC
Hatchery,Hatchery,9,9,2025-07-29,afternoon,dissolved_oxygen,5.17,mg/L
Hatchery,Hatchery,9,9,2025-07-29,afternoon,temperature,31.6,degC
Hatchery,Hatchery,9,9,2025-07-29,morning,dissolved_oxygen,5.88,mg/L
Hatchery,Hatchery,9,9,2025-07-29,morning,temperature,31.8,degC
Hatchery,Hatchery,9,9,2025-07-30,afternoon,dissolved_oxygen,5.36,mg/L
Hatchery,Hatchery,9,9,2025-07-30,afternoon,temperature,29.4,degC
Hatchery,Hatchery,10,10,2025-07-10,afternoon,dissolved_oxygen,6.35,mg/L
Hatchery,Hatchery,10,10,2025-07-10,afternoon,temperature,27.9,degC
Hatchery,Hatchery,10,10,2025-07-10,morning,ammonia,0.58,mg/L
Hatchery,Hatchery,10,10,2025-07-10,morning,dissolved_oxygen,6.66,mg/L
Hatchery,Hatchery,10,10,2025-07-10,morning,nitrate,1.2,mg/L
Hatchery,Hatchery,10,10,2025-07-10,morning,nitrite,0.006,mg/L
Hatchery,Hatchery,10,10,2025-07-10,morning,ph,6.83,pH
Hatchery,Hatchery,10,10,2025-07-10,morning,temperature,27.8,degC
Hatchery,Hatchery,10,10,2025-07-11,afternoon,dissolved_oxygen,5.59,mg/L
Hatchery,Hatchery,10,10,2025-07-11,afternoon,temperature,28.2,degC
Hatchery,Hatchery,10,10,2025-07-11,morning,ammonia,1.17,mg/L
Hatchery,Hatchery,10,10,2025-07-11,morning,dissolved_oxygen,6.39,mg/L
Hatchery,Hatchery,10,10,2025-07-11,morning,nitrate,1.0,mg/L
Hatchery,Hatchery,10,10,2025-07-11,morning,nitrite,0.014,mg/L
Hatchery,Hatchery,10,10,2025-07-11,morning,ph,6.9,pH
Hatchery,Hatchery,10,10,2025-07-11,morning,temperature,27.4,degC
Hatchery,Hatchery,10,10,2025-07-12,afternoon,dissolved_oxygen,5.58,mg/L
Hatchery,Hatchery,10,10,2025-07-12,afternoon,temperature,28.4,degC
Hatchery,Hatchery,10,10,2025-07-12,morning,dissolved_oxygen,5.95,mg/L
Hatchery,Hatchery,10,10,2025-07-12,morning,temperature,27.8,degC
Hatchery,Hatchery,10,10,2025-07-13,afternoon,dissolved_oxygen,5.21,mg/L
Hatchery,Hatchery,10,10,2025-07-13,afternoon,temperature,27.7,degC
Hatchery,Hatchery,10,10,2025-07-13,morning,ammonia,1.8,mg/L
Hatchery,Hatchery,10,10,2025-07-13,morning,dissolved_oxygen,5.72,mg/L
Hatchery,Hatchery,10,10,2025-07-13,morning,nitrate,1.3,mg/L
Hatchery,Hatchery,10,10,2025-07-13,morning,nitrite,0.015,mg/L
Hatchery,Hatchery,10,10,2025-07-13,morning,ph,7.13,pH
Hatchery,Hatchery,10,10,2025-07-13,morning,temperature,27.3,degC
Hatchery,Hatchery,10,10,2025-07-14,afternoon,dissolved_oxygen,5.12,mg/L
Hatchery,Hatchery,10,10,2025-07-14,afternoon,temperature,28.3,degC
Hatchery,Hatchery,10,10,2025-07-14,morning,ammonia,5.0,mg/L
Hatchery,Hatchery,10,10,2025-07-14,morning,dissolved_oxygen,5.61,mg/L
Hatchery,Hatchery,10,10,2025-07-14,morning,nitrate,0.8,mg/L
Hatchery,Hatchery,10,10,2025-07-14,morning,nitrite,0.023,mg/L
Hatchery,Hatchery,10,10,2025-07-14,morning,ph,7.66,pH
Hatchery,Hatchery,10,10,2025-07-14,morning,temperature,27.3,degC
Hatchery,Hatchery,10,10,2025-07-15,afternoon,dissolved_oxygen,5.17,mg/L
Hatchery,Hatchery,10,10,2025-07-15,afternoon,temperature,28.4,degC
Hatchery,Hatchery,10,10,2025-07-15,morning,ammonia,0.53,mg/L
Hatchery,Hatchery,10,10,2025-07-15,morning,dissolved_oxygen,5.7,mg/L
Hatchery,Hatchery,10,10,2025-07-15,morning,nitrate,1.2,mg/L
Hatchery,Hatchery,10,10,2025-07-15,morning,nitrite,0.028,mg/L
Hatchery,Hatchery,10,10,2025-07-15,morning,ph,6.94,pH
Hatchery,Hatchery,10,10,2025-07-15,morning,temperature,27.5,degC
Hatchery,Hatchery,10,10,2025-07-16,afternoon,dissolved_oxygen,5.51,mg/L
Hatchery,Hatchery,10,10,2025-07-16,afternoon,temperature,30.7,degC
Hatchery,Hatchery,10,10,2025-07-16,morning,ammonia,0.92,mg/L
Hatchery,Hatchery,10,10,2025-07-16,morning,dissolved_oxygen,6.67,mg/L
Hatchery,Hatchery,10,10,2025-07-16,morning,nitrate,4.1,mg/L
Hatchery,Hatchery,10,10,2025-07-16,morning,nitrite,0.055,mg/L
Hatchery,Hatchery,10,10,2025-07-16,morning,ph,7.29,pH
Hatchery,Hatchery,10,10,2025-07-16,morning,temperature,27.2,degC
Hatchery,Hatchery,10,10,2025-07-17,afternoon,dissolved_oxygen,5.31,mg/L
Hatchery,Hatchery,10,10,2025-07-17,afternoon,temperature,29.5,degC
Hatchery,Hatchery,10,10,2025-07-17,morning,ammonia,0.76,mg/L
Hatchery,Hatchery,10,10,2025-07-17,morning,dissolved_oxygen,5.75,mg/L
Hatchery,Hatchery,10,10,2025-07-17,morning,nitrate,0.7,mg/L
Hatchery,Hatchery,10,10,2025-07-17,morning,nitrite,0.011,mg/L
Hatchery,Hatchery,10,10,2025-07-17,morning,ph,7.02,pH
Hatchery,Hatchery,10,10,2025-07-17,morning,temperature,29.1,degC
Hatchery,Hatchery,10,10,2025-07-18,afternoon,dissolved_oxygen,5.32,mg/L
Hatchery,Hatchery,10,10,2025-07-18,afternoon,temperature,29.3,degC
Hatchery,Hatchery,10,10,2025-07-18,morning,ammonia,1.7,mg/L
Hatchery,Hatchery,10,10,2025-07-18,morning,dissolved_oxygen,6.04,mg/L
Hatchery,Hatchery,10,10,2025-07-18,morning,nitrate,0.8,mg/L
Hatchery,Hatchery,10,10,2025-07-18,morning,nitrite,0.029,mg/L
Hatchery,Hatchery,10,10,2025-07-18,morning,ph,7.01,pH
Hatchery,Hatchery,10,10,2025-07-18,morning,temperature,28.6,degC
Hatchery,Hatchery,10,10,2025-07-20,morning,ammonia,2.1,mg/L
Hatchery,Hatchery,10,10,2025-07-20,morning,ph,7.05,pH
Hatchery,Hatchery,10,10,2025-07-21,afternoon,dissolved_oxygen,4.92,mg/L
Hatchery,Hatchery,10,10,2025-07-21,afternoon,temperature,28.7,degC
Hatchery,Hatchery,10,10,2025-07-21,morning,ammonia,2.0,mg/L
Hatchery,Hatchery,10,10,2025-07-21,morning,dissolved_oxygen,6.62,mg/L
Hatchery,Hatchery,10,10,2025-07-21,morning,nitrate,2.3,mg/L
Hatchery,Hatchery,10,10,2025-07-21,morning,nitrite,0.51,mg/L
Hatchery,Hatchery,10,10,2025-07-21,morning,ph,7.56,pH
Hatchery,Hatchery,10,10,2025-07-21,morning,temperature,27.9,degC
Hatchery,Hatchery,10,10,2025-07-22,afternoon,ammonia,4.5,mg/L
Hatchery,Hatchery,10,10,2025-07-22,afternoon,dissolved_oxygen,5.02,mg/L
Hatchery,Hatchery,10,10,2025-07-22,afternoon,ph,7.04,pH
Hatchery,Hatchery,10,10,2025-07-22,afternoon,temperature,28.6,degC
Hatchery,Hatchery,10,10,2025-07-22,morning,dissolved_oxygen,5.55,mg/L
Hatchery,Hatchery,10,10,2025-07-22,morning,temperature,27.8,degC
Hatchery,Hatchery,10,10,2025-07-23,afternoon,dissolved_oxygen,5.22,mg/L
Hatchery,Hatchery,10,10,2025-07-23,afternoon,temperature,30.1,degC
Hatchery,Hatchery,10,10,2025-07-23,morning,ammonia,2.7,mg/L
Hatchery,Hatchery,10,10,2025-07-23,morning,dissolved_oxygen,6.93,mg/L
Hatchery,Hatchery,10,10,2025-07-23,morning,ph,7.14,pH
Hatchery,Hatchery,10,10,2025-07-23,morning,temperature,27.7,degC
Hatchery,Hatchery,10,10,2025-07-24,afternoon,dissolved_oxygen,8.33,mg/L
Hatchery,Hatchery,10,10,2025-07-24,afternoon,temperature,29.2,degC
Hatchery,Hatchery,10,10,2025-07-24,morning,dissolved_oxygen,9.05,mg/L
Hatchery,Hatchery,10,10,2025-07-24,morning,temperature,28.7,degC
Hatchery,Hatchery,10,10,2025-07-25,afternoon,dissolved_oxygen,6.74,mg/L
Hatchery,Hatchery,10,10,2025-07-25,afternoon,temperature,29.0,degC
Hatchery,Hatchery,10,10,2025-07-28,afternoon,dissolved_oxygen,5.21,mg/L
Hatchery,Hatchery,10,10,2025-07-28,afternoon,temperature,28.8,degC
Hatchery,Hatchery,10,10,2025-07-28,morning,dissolved_oxygen,5.32,mg/L
Hatchery,Hatchery,10,10,2025-07-28,morning,temperature,27.8,degC
Hatchery,Hatchery,10,10,2025-07-29,afternoon,dissolved_oxygen,4.91,mg/L
Hatchery,Hatchery,10,10,2025-07-29,afternoon,temperature,31.4,degC
Hatchery,Hatchery,10,10,2025-07-29,morning,dissolved_oxygen,5.5,mg/L
Hatchery,Hatchery,10,10,2025-07-29,morning,temperature,31.5,degC
Hatchery,Hatchery,10,10,2025-07-30,afternoon,dissolved_oxygen,6.16,mg/L
Hatchery,Hatchery,11,11,2025-07-10,afternoon,dissolved_oxygen,6.06,mg/L
Hatchery,Hatchery,11,11,2025-07-10,afternoon,temperature,27.9,degC
Hatchery,Hatchery,11,11,2025-07-10,morning,ammonia,0.58,mg/L
Hatchery,Hatchery,11,11,2025-07-10,morning,dissolved_oxygen,6.7,mg/L
Hatchery,Hatchery,11,11,2025-07-10,morning,nitrate,0.7,mg/L
Hatchery,Hatchery,11,11,2025-07-10,morning,nitrite,0.012,mg/L
Hatchery,Hatchery,11,11,2025-07-10,morning,ph,6.73,pH
Hatchery,Hatchery,11,11,2025-07-10,morning,temperature,27.8,degC
Hatchery,Hatchery,11,11,2025-07-11,afternoon,dissolved_oxygen,5.8,mg/L
Hatchery,Hatchery,11,11,2025-07-11,afternoon,temperature,28.1,degC
Hatchery,Hatchery,11,11,2025-07-11,morning,ammonia,1.15,mg/L
Hatchery,Hatchery,11,11,2025-07-11,morning,dissolved_oxygen,6.45,mg/L
Hatchery,Hatchery,11,11,2025-07-11,morning,nitrate,1.0,mg/L
Hatchery,Hatchery,11,11,2025-07-11,morning,nitrite,0.009,mg/L
Hatchery,Hatchery,11,11,2025-07-11,morning,ph,6.85,pH
Hatchery,Hatchery,11,11,2025-07-11,morning,temperature,27.3,degC
Hatchery,Hatchery,11,11,2025-07-12,afternoon,dissolved_oxygen,5.03,mg/L
Hatchery,Hatchery,11,11,2025-07-12,afternoon,temperature,28.3,degC
Hatchery,Hatchery,11,11,2025-07-12,morning,dissolved_oxygen,5.48,mg/L
Hatchery,Hatchery,11,11,2025-07-12,morning,temperature,27.8,degC
Hatchery,Hatchery,11,11,2025-07-13,afternoon,dissolved_oxygen,4.76,mg/L
Hatchery,Hatchery,11,11,2025-07-13,afternoon,temperature,27.7,degC
Hatchery,Hatchery,11,11,2025-07-13,morning,ammonia,3.6,mg/L
Hatchery,Hatchery,11,11,2025-07-13,morning,dissolved_oxygen,5.61,mg/L
Hatchery,Hatchery,11,11,2025-07-13,morning,nitrate,0.3,mg/L
Hatchery,Hatchery,11,11,2025-07-13,morning,nitrite,0.01,mg/L
Hatchery,Hatchery,11,11,2025-07-13,morning,ph,7.12,pH
Hatchery,Hatchery,11,11,2025-07-13,morning,temperature,27.3,degC
Hatchery,Hatchery,11,11,2025-07-14,afternoon,dissolved_oxygen,4.89,mg/L
Hatchery,Hatchery,11,11,2025-07-14,afternoon,temperature,28.1,degC
Hatchery,Hatchery,11,11,2025-07-14,morning,ammonia,4.3,mg/L
Hatchery,Hatchery,11,11,2025-07-14,morning,dissolved_oxygen,5.34,mg/L
Hatchery,Hatchery,11,11,2025-07-14,morning,nitrate,1.2,mg/L
Hatchery,Hatchery,11,11,2025-07-14,morning,nitrite,0.014,mg/L
Hatchery,Hatchery,11,11,2025-07-14,morning,ph,7.6,pH
Hatchery,Hatchery,11,11,2025-07-14,morning,temperature,27.1,degC
Hatchery,Hatchery,11,11,2025-07-15,afternoon,dissolved_oxygen,4.81,mg/L
Hatchery,Hatchery,11,11,2025-07-15,afternoon,temperature,28.3,degC
Hatchery,Hatchery,11,11,2025-07-15,morning,ammonia,0.69,mg/L
Hatchery,Hatchery,11,11,2025-07-15,morning,dissolved_oxygen,6.06,mg/L
Hatchery,Hatchery,11,11,2025-07-15,morning,nitrate,1.1,mg/L
Hatchery,Hatchery,11,11,2025-07-15,morning,nitrite,0.024,mg/L
Hatchery,Hatchery,11,11,2025-07-15,morning,ph,6.88,pH
Hatchery,Hatchery,11,11,2025-07-15,morning,temperature,27.8,degC
Hatchery,Hatchery,11,11,2025-07-16,afternoon,dissolved_oxygen,5.82,mg/L
Hatchery,Hatchery,11,11,2025-07-16,afternoon,temperature,30.5,degC
Hatchery,Hatchery,11,11,2025-07-16,morning,ammonia,0.98,mg/L
Hatchery,Hatchery,11,11,2025-07-16,morning,dissolved_oxygen,6.31,mg/L
Hatchery,Hatchery,11,11,2025-07-16,morning,nitrate,0.6,mg/L
Hatchery,Hatchery,11,11,2025-07-16,morning,nitrite,0.041,mg/L
Hatchery,Hatchery,11,11,2025-07-16,morning,ph,7.26,pH
Hatchery,Hatchery,11,11,2025-07-16,morning,temperature,27.4,degC
Hatchery,Hatchery,11,11,2025-07-17,afternoon,dissolved_oxygen,5.16,mg/L
Hatchery,Hatchery,11,11,2025-07-17,afternoon,temperature,29.4,degC
Hatchery,Hatchery,11,11,2025-07-17,morning,ammonia,0.64,mg/L
Hatchery,Hatchery,11,11,2025-07-17,morning,dissolved_oxygen,5.83,mg/L
Hatchery,Hatchery,11,11,2025-07-17,morning,nitrate,0.6,mg/L
Hatchery,Hatchery,11,11,2025-07-17,morning,nitrite,0.014,mg/L
Hatchery,Hatchery,11,11,2025-07-17,morning,ph,7.02,pH
Hatchery,Hatchery,11,11,2025-07-17,morning,temperature,29.0,degC
Hatchery,Hatchery,11,11,2025-07-18,afternoon,dissolved_oxygen,5.1,mg/L
Hatchery,Hatchery,11,11,2025-07-18,afternoon,temperature,29.2,degC
Hatchery,Hatchery,11,11,2025-07-18,morning,ammonia,1.88,mg/L
Hatchery,Hatchery,11,11,2025-07-18,morning,dissolved_oxygen,5.86,mg/L
Hatchery,Hatchery,11,11,2025-07-18,morning,nitrate,1.2,mg/L
Hatchery,Hatchery,11,11,2025-07-18,morning,nitrite,0.023,mg/L
Hatchery,Hatchery,11,11,2025-07-18,morning,ph,6.97,pH
Hatchery,Hatchery,11,11,2025-07-18,morning,temperature,28.5,degC
Hatchery,Hatchery,11,11,2025-07-20,morning,ammonia,1.5,mg/L
Hatchery,Hatchery,11,11,2025-07-20,morning,ph,7.0,pH
Hatchery,Hatchery,11,11,2025-07-21,afternoon,dissolved_oxygen,5.14,mg/L
Hatchery,Hatchery,11,11,2025-07-21,afternoon,temperature,28.7,degC
Hatchery,Hatchery,11,11,2025-07-21,morning,ammonia,3.8,mg/L
Hatchery,Hatchery,11,11,2025-07-21,morning,dissolved_oxygen,6.61,mg/L
Hatchery,Hatchery,11,11,2025-07-21,morning,nitrate,1.1,mg/L
Hatchery,Hatchery,11,11,2025-07-21,morning,nitrite,0.301,mg/L
Hatchery,Hatchery,11,11,2025-07-21,morning,ph,7.36,pH
Hatchery,Hatchery,11,11,2025-07-21,morning,temperature,27.8,degC
Hatchery,Hatchery,11,11,2025-07-22,afternoon,ammonia,6.9,mg/L
Hatchery,Hatchery,11,11,2025-07-22,afternoon,dissolved_oxygen,4.87,mg/L
Hatchery,Hatchery,11,11,2025-07-22,afternoon,ph,6.99,pH
Hatchery,Hatchery,11,11,2025-07-22,afternoon,temperature,28.6,degC
Hatchery,Hatchery,11,11,2025-07-22,morning,dissolved_oxygen,5.45,mg/L
Hatchery,Hatchery,11,11,2025-07-22,morning,temperature,27.7,degC
Hatchery,Hatchery,11,11,2025-07-23,afternoon,dissolved_oxygen,5.36,mg/L
Hatchery,Hatchery,11,11,2025-07-23,afternoon,temperature,30.2,degC
Hatchery,Hatchery,11,11,2025-07-23,morning,ammonia,5.3,mg/L
Hatchery,Hatchery,11,11,2025-07-23,morning,dissolved_oxygen,6.47,mg/L
Hatchery,Hatchery,11,11,2025-07-23,morning,ph,6.96,pH
Hatchery,Hatchery,11,11,2025-07-23,morning,temperature,27.8,degC
Hatchery,Hatchery,11,11,2025-07-24,afternoon,dissolved_oxygen,8.35,mg/L
Hatchery,Hatchery,11,11,2025-07-24,afternoon,temperature,29.2,degC
Hatchery,Hatchery,11,11,2025-07-24,morning,dissolved_oxygen,9.17,mg/L
Hatchery,Hatchery,11,11,2025-07-24,morning,temperature,28.8,degC
Hatchery,Hatchery,11,11,2025-07-25,afternoon,dissolved_oxygen,7.17,mg/L
Hatchery,Hatchery,11,11,2025-07-25,afternoon,temperature,29.0,degC
Hatchery,Hatchery,11,11,2025-07-28,afternoon,dissolved_oxygen,5.51,mg/L
Hatchery,Hatchery,11,11,2025-07-28,afternoon,temperature,28.8,degC
Hatchery,Hatchery,11,11,2025-07-28,morning,dissolved_oxygen,5.32,mg/L
Hatchery,Hatchery,11,11,2025-07-28,morning,temperature,27.8,degC
Hatchery,Hatchery,11,11,2025-07-29,afternoon,dissolved_oxygen,5.17,mg/L
Hatchery,Hatchery,11,11,2025-07-29,afternoon,temperature,31.5,degC
Hatchery,Hatchery,11,11,2025-07-29,morning,dissolved_oxygen,5.64,mg/L
Hatchery,Hatchery,11,11,2025-07-29,morning,temperature,31.4,degC
Hatchery,Hatchery,11,11,2025-07-30,afternoon,dissolved_oxygen,5.14,mg/L
Hatchery,Hatchery,11,11,2025-07-30,afternoon,temperature,29.8,degC
Hatchery,Hatchery,12,12,2025-07-10,afternoon,dissolved_oxygen,5.57,mg/L
Hatchery,Hatchery,12,12,2025-07-10,afternoon,temperature,28.0,degC
Hatchery,Hatchery,12,12,2025-07-10,morning,ammonia,1.11,mg/L
Hatchery,Hatchery,12,12,2025-07-10,morning,dissolved_oxygen,6.63,mg/L
Hatchery,Hatchery,12,12,2025-07-10,morning,nitrate,0.8,mg/L
Hatchery,Hatchery,12,12,2025-07-10,morning,nitrite,0.008,mg/L
Hatchery,Hatchery,12,12,2025-07-10,morning,ph,6.77,pH
Hatchery,Hatchery,12,12,2025-07-10,morning,temperature,27.8,degC
Hatchery,Hatchery,12,12,2025-07-11,afternoon,dissolved_oxygen,5.64,mg/L
Hatchery,Hatchery,12,12,2025-07-11,afternoon,temperature,28.2,degC
Hatchery,Hatchery,12,12,2025-07-11,morning,ammonia,1.79,mg/L
Hatchery,Hatchery,12,12,2025-07-11,morning,dissolved_oxygen,6.59,mg/L
Hatchery,Hatchery,12,12,2025-07-11,morning,nitrate,0.9,mg/L
Hatchery,Hatchery,12,12,2025-07-11,morning,nitrite,0.013,mg/L
Hatchery,Hatchery,12,12,2025-07-11,morning,ph,6.76,pH
Hatchery,Hatchery,12,12,2025-07-11,morning,temperature,27.3,degC
Hatchery,Hatchery,12,12,2025-07-12,afternoon,dissolved_oxygen,5.04,mg/L
Hatchery,Hatchery,12,12,2025-07-12,afternoon,temperature,28.4,degC
Hatchery,Hatchery,12,12,2025-07-12,morning,dissolved_oxygen,5.43,mg/L
Hatchery,Hatchery,12,12,2025-07-12,morning,temperature,27.8,degC
Hatchery,Hatchery,12,12,2025-07-13,afternoon,dissolved_oxygen,5.05,mg/L
Hatchery,Hatchery,12,12,2025-07-13,afternoon,temperature,27.8,degC
Hatchery,Hatchery,12,12,2025-07-13,morning,ammonia,5.4,mg/L
Hatchery,Hatchery,12,12,2025-07-13,morning,dissolved_oxygen,5.77,mg/L
Hatchery,Hatchery,12,12,2025-07-13,morning,nitrate,0.2,mg/L
Hatchery,Hatchery,12,12,2025-07-13,morning,nitrite,0.018,mg/L
Hatchery,Hatchery,12,12,2025-07-13,morning,ph,7.42,pH
Hatchery,Hatchery,12,12,2025-07-13,morning,temperature,27.3,degC
Hatchery,Hatchery,12,12,2025-07-14,afternoon,dissolved_oxygen,4.46,mg/L
Hatchery,Hatchery,12,12,2025-07-14,afternoon,temperature,28.2,degC
Hatchery,Hatchery,12,12,2025-07-14,morning,ammonia,3.8,mg/L
Hatchery,Hatchery,12,12,2025-07-14,morning,dissolved_oxygen,5.35,mg/L
Hatchery,Hatchery,12,12,2025-07-14,morning,nitrate,1.5,mg/L
Hatchery,Hatchery,12,12,2025-07-14,morning,nitrite,0.021,mg/L
Hatchery,Hatchery,12,12,2025-07-14,morning,ph,7.51,pH
Hatchery,Hatchery,12,12,2025-07-14,morning,temperature,27.2,degC
Hatchery,Hatchery,12,12,2025-07-15,afternoon,dissolved_oxygen,5.14,mg/L
Hatchery,Hatchery,12,12,2025-07-15,afternoon,temperature,28.4,degC
Hatchery,Hatchery,12,12,2025-07-15,morning,ammonia,0.65,mg/L
Hatchery,Hatchery,12,12,2025-07-15,morning,dissolved_oxygen,6.9,mg/L
Hatchery,Hatchery,12,12,2025-07-15,morning,nitrate,0.8,mg/L
Hatchery,Hatchery,12,12,2025-07-15,morning,nitrite,0.022,mg/L
Hatchery,Hatchery,12,12,2025-07-15,morning,ph,6.88,pH
Hatchery,Hatchery,12,12,2025-07-15,morning,temperature,27.2,degC
Hatchery,Hatchery,12,12,2025-07-16,afternoon,dissolved_oxygen,5.52,mg/L
Hatchery,Hatchery,12,12,2025-07-16,afternoon,temperature,30.8,degC
Hatchery,Hatchery,12,12,2025-07-16,morning,ammonia,1.37,mg/L
Hatchery,Hatchery,12,12,2025-07-16,morning,dissolved_oxygen,7.17,mg/L
Hatchery,Hatchery,12,12,2025-07-16,morning,nitrate,0.0,mg/L
Hatchery,Hatchery,12,12,2025-07-16,morning,nitrite,0.016,mg/L
Hatchery,Hatchery,12,12,2025-07-16,morning,ph,7.18,pH
Hatchery,Hatchery,12,12,2025-07-16,morning,temperature,27.3,degC
Hatchery,Hatchery,12,12,2025-07-17,afternoon,dissolved_oxygen,5.14,mg/L
Hatchery,Hatchery,12,12,2025-07-17,afternoon,temperature,29.6,degC
Hatchery,Hatchery,12,12,2025-07-17,morning,ammonia,0.66,mg/L
Hatchery,Hatchery,12,12,2025-07-17,morning,dissolved_oxygen,5.48,mg/L
Hatchery,Hatchery,12,12,2025-07-17,morning,nitrate,1.0,mg/L
Hatchery,Hatchery,12,12,2025-07-17,morning,nitrite,0.016,mg/L
Hatchery,Hatchery,12,12,2025-07-17,morning,ph,7.0,pH
Hatchery,Hatchery,12,12,2025-07-17,morning,temperature,29.1,degC
Hatchery,Hatchery,12,12,2025-07-18,afternoon,dissolved_oxygen,5.45,mg/L
Hatchery,Hatchery,12,12,2025-07-18,afternoon,temperature,29.3,degC
Hatchery,Hatchery,12,12,2025-07-18,morning,ammonia,1.39,mg/L
Hatchery,Hatchery,12,12,2025-07-18,morning,dissolved_oxygen,5.6,mg/L
Hatchery,Hatchery,12,12,2025-07-18,morning,nitrate,0.6,mg/L
Hatchery,Hatchery,12,12,2025-07-18,morning,nitrite,0.014,mg/L
Hatchery,Hatchery,12,12,2025-07-18,morning,ph,7.17,pH
Hatchery,Hatchery,12,12,2025-07-18,morning,temperature,28.6,degC
Hatchery,Hatchery,12,12,2025-07-20,morning,ammonia,1.2,mg/L
Hatchery,Hatchery,12,12,2025-07-20,morning,ph,7.0,pH
Hatchery,Hatchery,12,12,2025-07-21,afternoon,dissolved_oxygen,4.57,mg/L
Hatchery,Hatchery,12,12,2025-07-21,afternoon,temperature,28.8,degC
Hatchery,Hatchery,12,12,2025-07-21,morning,ammonia,2.9,mg/L
Hatchery,Hatchery,12,12,2025-07-21,morning,dissolved_oxygen,6.68,mg/L
Hatchery,Hatchery,12,12,2025-07-21,morning,nitrate,0.8,mg/L
Hatchery,Hatchery,12,12,2025-07-21,morning,nitrite,0.038,mg/L
Hatchery,Hatchery,12,12,2025-07-21,morning,ph,7.37,pH
Hatchery,Hatchery,12,12,2025-07-21,morning,temperature,27.9,degC
Hatchery,Hatchery,12,12,2025-07-22,afternoon,ammonia,5.9,mg/L
Hatchery,Hatchery,12,12,2025-07-22,afternoon,dissolved_oxygen,4.4,mg/L
Hatchery,Hatchery,12,12,2025-07-22,afternoon,ph,7.32,pH
Hatchery,Hatchery,12,12,2025-07-22,afternoon,temperature,28.8,degC
Hatchery,Hatchery,12,12,2025-07-22,morning,dissolved_oxygen,5.58,mg/L
Hatchery,Hatchery,12,12,2025-07-22,morning,temperature,27.6,degC
Hatchery,Hatchery,12,12,2025-07-23,afternoon,dissolved_oxygen,6.25,mg/L
Hatchery,Hatchery,12,12,2025-07-23,afternoon,temperature,30.1,degC
Hatchery,Hatchery,12,12,2025-07-23,morning,ammonia,5.3,mg/L
Hatchery,Hatchery,12,12,2025-07-23,morning,dissolved_oxygen,5.94,mg/L
Hatchery,Hatchery,12,12,2025-07-23,morning,ph,7.21,pH
Hatchery,Hatchery,12,12,2025-07-23,morning,temperature,27.9,degC
Hatchery,Hatchery,12,12,2025-07-24,afternoon,dissolved_oxygen,7.51,mg/L
Hatchery,Hatchery,12,12,2025-07-24,afternoon,temperature,29.4,degC
Hatchery,Hatchery,12,12,2025-07-24,morning,dissolved_oxygen,8.6,mg/L
Hatchery,Hatchery,12,12,2025-07-24,morning,temperature,28.9,degC
Hatchery,Hatchery,12,12,2025-07-25,afternoon,dissolved_oxygen,6.38,mg/L
Hatchery,Hatchery,12,12,2025-07-25,afternoon,temperature,29.1,degC
Hatchery,Hatchery,12,12,2025-07-28,afternoon,dissolved_oxygen,4.67,mg/L
Hatchery,Hatchery,12,12,2025-07-28,afternoon,temperature,28.8,degC
Hatchery,Hatchery,12,12,2025-07-28,morning,dissolved_oxygen,5.12,mg/L
Hatchery,Hatchery,12,12,2025-07-28,morning,temperature,27.9,degC
Hatchery,Hatchery,12,12,2025-07-29,afternoon,dissolved_oxygen,5.11,mg/L
Hatchery,Hatchery,12,12,2025-07-29,afternoon,temperature,31.5,degC
Hatchery,Hatchery,12,12,2025-07-29,morning,dissolved_oxygen,5.82,mg/L
Hatchery,Hatchery,12,12,2025-07-29,morning,temperature,31.6,degC
Hatchery,Hatchery,12,12,2025-07-30,afternoon,dissolved_oxygen,5.11,mg/L
Hatchery,Hatchery,12,12,2025-07-30,afternoon,temperature,29.4,degC
Hatchery,Hatchery,13,13,2025-07-10,afternoon,dissolved_oxygen,6.61,mg/L
Hatchery,Hatchery,13,13,2025-07-10,afternoon,temperature,27.9,degC
Hatchery,Hatchery,13,13,2025-07-10,morning,ammonia,0.71,mg/L
Hatchery,Hatchery,13,13,2025-07-10,morning,dissolved_oxygen,7.02,mg/L
Hatchery,Hatchery,13,13,2025-07-10,morning,nitrate,0.9,mg/L
Hatchery,Hatchery,13,13,2025-07-10,morning,nitrite,0.005,mg/L
Hatchery,Hatchery,13,13,2025-07-10,morning,ph,6.8,pH
Hatchery,Hatchery,13,13,2025-07-10,morning,temperature,27.8,degC
Hatchery,Hatchery,13,13,2025-07-11,afternoon,dissolved_oxygen,6.43,mg/L
Hatchery,Hatchery,13,13,2025-07-11,afternoon,temperature,28.2,degC
Hatchery,Hatchery,13,13,2025-07-11,morning,ammonia,1.26,mg/L
Hatchery,Hatchery,13,13,2025-07-11,morning,dissolved_oxygen,7.03,mg/L
Hatchery,Hatchery,13,13,2025-07-11,morning,nitrate,0.8,mg/L
Hatchery,Hatchery,13,13,2025-07-11,morning,nitrite,0.001,mg/L
Hatchery,Hatchery,13,13,2025-07-11,morning,ph,6.86,pH
Hatchery,Hatchery,13,13,2025-07-11,morning,temperature,27.3,degC
Hatchery,Hatchery,13,13,2025-07-12,afternoon,dissolved_oxygen,5.66,mg/L
Hatchery,Hatchery,13,13,2025-07-12,afternoon,temperature,28.4,degC
Hatchery,Hatchery,13,13,2025-07-12,morning,dissolved_oxygen,6.14,mg/L
Hatchery,Hatchery,13,13,2025-07-12,morning,temperature,27.8,degC
Hatchery,Hatchery,13,13,2025-07-13,afternoon,dissolved_oxygen,5.78,mg/L
Hatchery,Hatchery,13,13,2025-07-13,afternoon,temperature,27.8,degC
Hatchery,Hatchery,13,13,2025-07-13,morning,ammonia,3.5,mg/L
Hatchery,Hatchery,13,13,2025-07-13,morning,dissolved_oxygen,6.18,mg/L
Hatchery,Hatchery,13,13,2025-07-13,morning,nitrate,0.1,mg/L
Hatchery,Hatchery,13,13,2025-07-13,morning,nitrite,0.012,mg/L
Hatchery,Hatchery,13,13,2025-07-13,morning,ph,7.1,pH
Hatchery,Hatchery,13,13,2025-07-13,morning,temperature,27.3,degC
Hatchery,Hatchery,13,13,2025-07-14,afternoon,dissolved_oxygen,5.34,mg/L
Hatchery,Hatchery,13,13,2025-07-14,afternoon,temperature,28.2,degC
Hatchery,Hatchery,13,13,2025-07-14,morning,ammonia,4.5,mg/L
Hatchery,Hatchery,13,13,2025-07-14,morning,dissolved_oxygen,5.75,mg/L
Hatchery,Hatchery,13,13,2025-07-14,morning,nitrate,1.1,mg/L
Hatchery,Hatchery,13,13,2025-07-14,morning,nitrite,0.026,mg/L
Hatchery,Hatchery,13,13,2025-07-14,morning,ph,7.36,pH
Hatchery,Hatchery,13,13,2025-07-14,morning,temperature,27.1,degC
Hatchery,Hatchery,13,13,2025-07-15,afternoon,dissolved_oxygen,5.83,mg/L
Hatchery,Hatchery,13,13,2025-07-15,afternoon,temperature,28.4,degC
Hatchery,Hatchery,13,13,2025-07-15,morning,ammonia,0.51,mg/L
Hatchery,Hatchery,13,13,2025-07-15,morning,dissolved_oxygen,6.37,mg/L
Hatchery,Hatchery,13,13,2025-07-15,morning,nitrate,1.8,mg/L
Hatchery,Hatchery,13,13,2025-07-15,morning,nitrite,0.022,mg/L
Hatchery,Hatchery,13,13,2025-07-15,morning,ph,6.87,pH
Hatchery,Hatchery,13,13,2025-07-15,morning,temperature,27.4,degC
Hatchery,Hatchery,13,13,2025-07-16,afternoon,dissolved_oxygen,6.07,mg/L
Hatchery,Hatchery,13,13,2025-07-16,afternoon,temperature,30.8,degC
Hatchery,Hatchery,13,13,2025-07-16,morning,ammonia,0.8,mg/L
Hatchery,Hatchery,13,13,2025-07-16,morning,dissolved_oxygen,6.95,mg/L
Hatchery,Hatchery,13,13,2025-07-16,morning,nitrate,0.7,mg/L
Hatchery,Hatchery,13,13,2025-07-16,morning,nitrite,0.043,mg/L
Hatchery,Hatchery,13,13,2025-07-16,morning,ph,7.37,pH
Hatchery,Hatchery,13,13,2025-07-16,morning,temperature,27.4,degC
Hatchery,Hatchery,13,13,2025-07-17,afternoon,dissolved_oxygen,6.2,mg/L
Hatchery,Hatchery,13,13,2025-07-17,afternoon,temperature,29.4,degC
Hatchery,Hatchery,13,13,2025-07-17,morning,ammonia,0.63,mg/L
Hatchery,Hatchery,13,13,2025-07-17,morning,dissolved_oxygen,6.19,mg/L
Hatchery,Hatchery,13,13,2025-07-17,morning,nitrate,0.9,mg/L
Hatchery,Hatchery,13,13,2025-07-17,morning,nitrite,0.015,mg/L
Hatchery,Hatchery,13,13,2025-07-17,morning,ph,6.96,pH
Hatchery,Hatchery,13,13,2025-07-17,morning,temperature,29.0,degC
Hatchery,Hatchery,13,13,2025-07-18,afternoon,dissolved_oxygen,5.88,mg/L
Hatchery,Hatchery,13,13,2025-07-18,afternoon,temperature,29.3,degC
Hatchery,Hatchery,13,13,2025-07-18,morning,ammonia,1.42,mg/L
Hatchery,Hatchery,13,13,2025-07-18,morning,dissolved_oxygen,5.99,mg/L
Hatchery,Hatchery,13,13,2025-07-18,morning,nitrate,1.1,mg/L
Hatchery,Hatchery,13,13,2025-07-18,morning,nitrite,0.03,mg/L
Hatchery,Hatchery,13,13,2025-07-18,morning,ph,7.05,pH
Hatchery,Hatchery,13,13,2025-07-18,morning,temperature,28.5,degC
Hatchery,Hatchery,13,13,2025-07-20,morning,ammonia,1.3,mg/L
Hatchery,Hatchery,13,13,2025-07-20,morning,ph,6.96,pH
Hatchery,Hatchery,13,13,2025-07-21,afternoon,dissolved_oxygen,4.89,mg/L
Hatchery,Hatchery,13,13,2025-07-21,afternoon,temperature,28.8,degC
Hatchery,Hatchery,13,13,2025-07-21,morning,ammonia,2.0,mg/L
Hatchery,Hatchery,13,13,2025-07-21,morning,dissolved_oxygen,6.88,mg/L
Hatchery,Hatchery,13,13,2025-07-21,morning,nitrate,1.7,mg/L
Hatchery,Hatchery,13,13,2025-07-21,morning,nitrite,0.61,mg/L
Hatchery,Hatchery,13,13,2025-07-21,morning,ph,7.62,pH
Hatchery,Hatchery,13,13,2025-07-21,morning,temperature,27.5,degC
Hatchery,Hatchery,13,13,2025-07-22,afternoon,ammonia,6.8,mg/L
Hatchery,Hatchery,13,13,2025-07-22,afternoon,dissolved_oxygen,5.07,mg/L
Hatchery,Hatchery,13,13,2025-07-22,afternoon,ph,6.98,pH
Hatchery,Hatchery,13,13,2025-07-22,afternoon,temperature,28.8,degC
Hatchery,Hatchery,13,13,2025-07-22,morning,dissolved_oxygen,5.66,mg/L
Hatchery,Hatchery,13,13,2025-07-22,morning,temperature,27.8,degC
Hatchery,Hatchery,13,13,2025-07-23,afternoon,dissolved_oxygen,6.19,mg/L
Hatchery,Hatchery,13,13,2025-07-23,afternoon,temperature,31.2,degC
Hatchery,Hatchery,13,13,2025-07-23,morning,ammonia,2.9,mg/L
Hatchery,Hatchery,13,13,2025-07-23,morning,dissolved_oxygen,6.76,mg/L
Hatchery,Hatchery,13,13,2025-07-23,morning,ph,7.02,pH
Hatchery,Hatchery,13,13,2025-07-23,morning,temperature,27.8,degC
Hatchery,Hatchery,13,13,2025-07-24,afternoon,dissolved_oxygen,7.74,mg/L
Hatchery,Hatchery,13,13,2025-07-24,afternoon,temperature,29.4,degC
Hatchery,Hatchery,13,13,2025-07-24,morning,dissolved_oxygen,9.27,mg/L
Hatchery,Hatchery,13,13,2025-07-24,morning,temperature,28.9,degC
Hatchery,Hatchery,13,13,2025-07-25,afternoon,dissolved_oxygen,7.12,mg/L
Hatchery,Hatchery,13,13,2025-07-25,afternoon,temperature,29.1,degC
Hatchery,Hatchery,13,13,2025-07-28,afternoon,dissolved_oxygen,5.37,mg/L
Hatchery,Hatchery,13,13,2025-07-28,afternoon,temperature,28.9,degC
Hatchery,Hatchery,13,13,2025-07-28,morning,dissolved_oxygen,5.32,mg/L
Hatchery,Hatchery,13,13,2025-07-28,morning,temperature,27.9,degC
Hatchery,Hatchery,13,13,2025-07-29,afternoon,dissolved_oxygen,5.14,mg/L
Hatchery,Hatchery,13,13,2025-07-29,afternoon,temperature,31.7,degC
Hatchery,Hatchery,13,13,2025-07-29,morning,dissolved_oxygen,5.54,mg/L
Hatchery,Hatchery,13,13,2025-07-29,morning,temperature,31.6,degC
Hatchery,Hatchery,13,13,2025-07-30,afternoon,dissolved_oxygen,5.33,mg/L
Hatchery,Hatchery,13,13,2025-07-30,afternoon,temperature,29.7,degC
Hatchery,Hatchery,14,14,2025-07-10,afternoon,dissolved_oxygen,6.18,mg/L
Hatchery,Hatchery,14,14,2025-07-10,afternoon,temperature,28.0,degC
Hatchery,Hatchery,14,14,2025-07-10,morning,ammonia,0.63,mg/L
Hatchery,Hatchery,14,14,2025-07-10,morning,dissolved_oxygen,6.67,mg/L
Hatchery,Hatchery,14,14,2025-07-10,morning,nitrate,1.1,mg/L
Hatchery,Hatchery,14,14,2025-07-10,morning,nitrite,0.003,mg/L
Hatchery,Hatchery,14,14,2025-07-10,morning,ph,6.77,pH
Hatchery,Hatchery,14,14,2025-07-10,morning,temperature,27.9,degC
Hatchery,Hatchery,14,14,2025-07-11,afternoon,dissolved_oxygen,5.75,mg/L
Hatchery,Hatchery,14,14,2025-07-11,afternoon,temperature,28.2,degC
Hatchery,Hatchery,14,14,2025-07-11,morning,ammonia,1.3,mg/L
Hatchery,Hatchery,14,14,2025-07-11,morning,dissolved_oxygen,6.38,mg/L
Hatchery,Hatchery,14,14,2025-07-11,morning,nitrate,1.3,mg/L
Hatchery,Hatchery,14,14,2025-07-11,morning,nitrite,0.004,mg/L
Hatchery,Hatchery,14,14,2025-07-11,morning,ph,6.85,pH
Hatchery,Hatchery,14,14,2025-07-11,morning,temperature,27.3,degC
Hatchery,Hatchery,14,14,2025-07-12,afternoon,dissolved_oxygen,5.34,mg/L
Hatchery,Hatchery,14,14,2025-07-12,afternoon,temperature,28.4,degC
Hatchery,Hatchery,14,14,2025-07-12,morning,dissolved_oxygen,6.06,mg/L
Hatchery,Hatchery,14,14,2025-07-12,morning,temperature,27.7,degC
Hatchery,Hatchery,14,14,2025-07-13,afternoon,dissolved_oxygen,5.53,mg/L
Hatchery,Hatchery,14,14,2025-07-13,afternoon,temperature,27.8,degC
Hatchery,Hatchery,14,14,2025-07-13,morning,ammonia,3.4,mg/L
Hatchery,Hatchery,14,14,2025-07-13,morning,dissolved_oxygen,5.71,mg/L
Hatchery,Hatchery,14,14,2025-07-13,morning,nitrate,0.0,mg/L
Hatchery,Hatchery,14,14,2025-07-13,morning,nitrite,0.01,mg/L
Hatchery,Hatchery,14,14,2025-07-13,morning,ph,7.11,pH
Hatchery,Hatchery,14,14,2025-07-13,morning,temperature,27.3,degC
Hatchery,Hatchery,14,14,2025-07-14,afternoon,dissolved_oxygen,5.17,mg/L
Hatchery,Hatchery,14,14,2025-07-14,afternoon,temperature,28.2,degC
Hatchery,Hatchery,14,14,2025-07-14,morning,ammonia,4.4,mg/L
Hatchery,Hatchery,14,14,2025-07-14,morning,dissolved_oxygen,5.69,mg/L
Hatchery,Hatchery,14,14,2025-07-14,morning,nitrate,1.1,mg/L
Hatchery,Hatchery,14,14,2025-07-14,morning,nitrite,0.007,mg/L
Hatchery,Hatchery,14,14,2025-07-14,morning,ph,7.34,pH
Hatchery,Hatchery,14,14,2025-07-14,morning,temperature,27.2,degC
Hatchery,Hatchery,14,14,2025-07-15,afternoon,dissolved_oxygen,5.42,mg/L
Hatchery,Hatchery,14,14,2025-07-15,afternoon,temperature,28.5,degC
Hatchery,Hatchery,14,14,2025-07-15,morning,ammonia,0.58,mg/L
Hatchery,Hatchery,14,14,2025-07-15,morning,dissolved_oxygen,6.28,mg/L
Hatchery,Hatchery,14,14,2025-07-15,morning,nitrate,1.3,mg/L
Hatchery,Hatchery,14,14,2025-07-15,morning,nitrite,0.012,mg/L
Hatchery,Hatchery,14,14,2025-07-15,morning,ph,6.89,pH
Hatchery,Hatchery,14,14,2025-07-15,morning,temperature,27.5,degC
Hatchery,Hatchery,14,14,2025-07-16,afternoon,dissolved_oxygen,5.32,mg/L
Hatchery,Hatchery,14,14,2025-07-16,afternoon,temperature,30.8,degC
Hatchery,Hatchery,14,14,2025-07-16,morning,ammonia,1.09,mg/L
Hatchery,Hatchery,14,14,2025-07-16,morning,dissolved_oxygen,6.16,mg/L
Hatchery,Hatchery,14,14,2025-07-16,morning,nitrate,0.1,mg/L
Hatchery,Hatchery,14,14,2025-07-16,morning,nitrite,0.023,mg/L
Hatchery,Hatchery,14,14,2025-07-16,morning,ph,7.33,pH
Hatchery,Hatchery,14,14,2025-07-16,morning,temperature,27.4,degC
Hatchery,Hatchery,14,14,2025-07-17,afternoon,dissolved_oxygen,5.22,mg/L
Hatchery,Hatchery,14,14,2025-07-17,afternoon,temperature,29.5,degC
Hatchery,Hatchery,14,14,2025-07-17,morning,ammonia,0.93,mg/L
Hatchery,Hatchery,14,14,2025-07-17,morning,dissolved_oxygen,5.7,mg/L
Hatchery,Hatchery,14,14,2025-07-17,morning,nitrate,0.7,mg/L
Hatchery,Hatchery,14,14,2025-07-17,morning,nitrite,0.022,mg/L
Hatchery,Hatchery,14,14,2025-07-17,morning,ph,6.92,pH
Hatchery,Hatchery,14,14,2025-07-17,morning,temperature,29.0,degC
Hatchery,Hatchery,14,14,2025-07-18,afternoon,dissolved_oxygen,5.84,mg/L
Hatchery,Hatchery,14,14,2025-07-18,afternoon,temperature,29.2,degC
Hatchery,Hatchery,14,14,2025-07-18,morning,ammonia,1.96,mg/L
Hatchery,Hatchery,14,14,2025-07-18,morning,dissolved_oxygen,6.06,mg/L
Hatchery,Hatchery,14,14,2025-07-18,morning,nitrate,0.3,mg/L
Hatchery,Hatchery,14,14,2025-07-18,morning,nitrite,0.016,mg/L
Hatchery,Hatchery,14,14,2025-07-18,morning,ph,7.01,pH
Hatchery,Hatchery,14,14,2025-07-18,morning,temperature,28.5,degC
Hatchery,Hatchery,14,14,2025-07-20,morning,ammonia,2.1,mg/L
Hatchery,Hatchery,14,14,2025-07-20,morning,ph,7.14,pH
Hatchery,Hatchery,14,14,2025-07-21,afternoon,dissolved_oxygen,4.53,mg/L
Hatchery,Hatchery,14,14,2025-07-21,afternoon,temperature,28.7,degC
Hatchery,Hatchery,14,14,2025-07-21,morning,ammonia,3.6,mg/L
Hatchery,Hatchery,14,14,2025-07-21,morning,dissolved_oxygen,6.54,mg/L
Hatchery,Hatchery,14,14,2025-07-21,morning,nitrate,1.0,mg/L
Hatchery,Hatchery,14,14,2025-07-21,morning,nitrite,0.214,mg/L
Hatchery,Hatchery,14,14,2025-07-21,morning,ph,7.32,pH
Hatchery,Hatchery,14,14,2025-07-21,morning,temperature,27.8,degC
Hatchery,Hatchery,14,14,2025-07-22,afternoon,ammonia,6.4,mg/L
Hatchery,Hatchery,14,14,2025-07-22,afternoon,dissolved_oxygen,4.94,mg/L
Hatchery,Hatchery,14,14,2025-07-22,afternoon,ph,7.41,pH
Hatchery,Hatchery,14,14,2025-07-22,afternoon,temperature,28.8,degC
Hatchery,Hatchery,14,14,2025-07-22,morning,dissolved_oxygen,5.78,mg/L
Hatchery,Hatchery,14,14,2025-07-22,morning,temperature,27.8,degC
Hatchery,Hatchery,14,14,2025-07-23,afternoon,dissolved_oxygen,6.63,mg/L
Hatchery,Hatchery,14,14,2025-07-23,afternoon,temperature,31.2,degC
Hatchery,Hatchery,14,14,2025-07-23,morning,ammonia,4.9,mg/L
Hatchery,Hatchery,14,14,2025-07-23,morning,dissolved_oxygen,6.32,mg/L
Hatchery,Hatchery,14,14,2025-07-23,morning,ph,7.1,pH
Hatchery,Hatchery,14,14,2025-07-23,morning,temperature,27.8,degC
Hatchery,Hatchery,14,14,2025-07-24,afternoon,dissolved_oxygen,8.06,mg/L
Hatchery,Hatchery,14,14,2025-07-24,afternoon,temperature,29.5,degC
Hatchery,Hatchery,14,14,2025-07-24,morning,dissolved_oxygen,8.93,mg/L
Hatchery,Hatchery,14,14,2025-07-24,morning,temperature,29.0,degC
Hatchery,Hatchery,14,14,2025-07-25,afternoon,dissolved_oxygen,6.43,mg/L
Hatchery,Hatchery,14,14,2025-07-25,afternoon,temperature,29.2,degC
Hatchery,Hatchery,14,14,2025-07-28,afternoon,dissolved_oxygen,5.11,mg/L
Hatchery,Hatchery,14,14,2025-07-28,afternoon,temperature,28.9,degC
Hatchery,Hatchery,14,14,2025-07-28,morning,dissolved_oxygen,5.56,mg/L
Hatchery,Hatchery,14,14,2025-07-28,morning,temperature,27.9,degC
Hatchery,Hatchery,14,14,2025-07-29,afternoon,dissolved_oxygen,5.12,mg/L
Hatchery,Hatchery,14,14,2025-07-29,afternoon,temperature,31.6,degC
Hatchery,Hatchery,14,14,2025-07-29,morning,dissolved_oxygen,5.29,mg/L
Hatchery,Hatchery,14,14,2025-07-29,morning,temperature,31.4,degC
Hatchery,Hatchery,14,14,2025-07-30,afternoon,dissolved_oxygen,6.65,mg/L
Hatchery,Hatchery,14,14,2025-07-30,afternoon,temperature,30.0,degC
Hatchery,Hatchery,15,15,2025-07-10,afternoon,dissolved_oxygen,6.41,mg/L
Hatchery,Hatchery,15,15,2025-07-10,afternoon,temperature,27.9,degC
Hatchery,Hatchery,15,15,2025-07-10,morning,ammonia,0.82,mg/L
Hatchery,Hatchery,15,15,2025-07-10,morning,dissolved_oxygen,6.82,mg/L
Hatchery,Hatchery,15,15,2025-07-10,morning,nitrate,0.9,mg/L
Hatchery,Hatchery,15,15,2025-07-10,morning,nitrite,0.008,mg/L
Hatchery,Hatchery,15,15,2025-07-10,morning,ph,6.73,pH
Hatchery,Hatchery,15,15,2025-07-10,morning,temperature,27.8,degC
Hatchery,Hatchery,15,15,2025-07-11,afternoon,dissolved_oxygen,6.07,mg/L
Hatchery,Hatchery,15,15,2025-07-11,afternoon,temperature,28.2,degC
Hatchery,Hatchery,15,15,2025-07-11,morning,ammonia,1.72,mg/L
Hatchery,Hatchery,15,15,2025-07-11,morning,dissolved_oxygen,6.9,mg/L
Hatchery,Hatchery,15,15,2025-07-11,morning,nitrate,1.1,mg/L
Hatchery,Hatchery,15,15,2025-07-11,morning,nitrite,0.009,mg/L
Hatchery,Hatchery,15,15,2025-07-11,morning,ph,6.85,pH
Hatchery,Hatchery,15,15,2025-07-11,morning,temperature,27.2,degC
Hatchery,Hatchery,15,15,2025-07-12,afternoon,dissolved_oxygen,5.41,mg/L
Hatchery,Hatchery,15,15,2025-07-12,afternoon,temperature,28.4,degC
Hatchery,Hatchery,15,15,2025-07-12,morning,dissolved_oxygen,5.75,mg/L
Hatchery,Hatchery,15,15,2025-07-12,morning,temperature,27.7,degC
Hatchery,Hatchery,15,15,2025-07-13,afternoon,dissolved_oxygen,5.7,mg/L
Hatchery,Hatchery,15,15,2025-07-13,afternoon,temperature,27.8,degC
Hatchery,Hatchery,15,15,2025-07-13,morning,ammonia,5.4,mg/L
Hatchery,Hatchery,15,15,2025-07-13,morning,dissolved_oxygen,6.15,mg/L
Hatchery,Hatchery,15,15,2025-07-13,morning,nitrate,1.3,mg/L
Hatchery,Hatchery,15,15,2025-07-13,morning,nitrite,0.011,mg/L
Hatchery,Hatchery,15,15,2025-07-13,morning,ph,7.06,pH
Hatchery,Hatchery,15,15,2025-07-13,morning,temperature,27.2,degC
Hatchery,Hatchery,15,15,2025-07-14,afternoon,dissolved_oxygen,5.4,mg/L
Hatchery,Hatchery,15,15,2025-07-14,afternoon,temperature,28.2,degC
Hatchery,Hatchery,15,15,2025-07-14,morning,ammonia,6.2,mg/L
Hatchery,Hatchery,15,15,2025-07-14,morning,dissolved_oxygen,5.91,mg/L
Hatchery,Hatchery,15,15,2025-07-14,morning,nitrate,1.0,mg/L
Hatchery,Hatchery,15,15,2025-07-14,morning,nitrite,0.015,mg/L
Hatchery,Hatchery,15,15,2025-07-14,morning,ph,7.32,pH
Hatchery,Hatchery,15,15,2025-07-14,morning,temperature,27.1,degC
Hatchery,Hatchery,15,15,2025-07-15,afternoon,dissolved_oxygen,5.74,mg/L
Hatchery,Hatchery,15,15,2025-07-15,afternoon,temperature,28.4,degC
Hatchery,Hatchery,15,15,2025-07-15,morning,ammonia,0.77,mg/L
Hatchery,Hatchery,15,15,2025-07-15,morning,dissolved_oxygen,6.75,mg/L
Hatchery,Hatchery,15,15,2025-07-15,morning,nitrate,2.3,mg/L
Hatchery,Hatchery,15,15,2025-07-15,morning,nitrite,0.042,mg/L
Hatchery,Hatchery,15,15,2025-07-15,morning,ph,6.92,pH
Hatchery,Hatchery,15,15,2025-07-15,morning,temperature,27.5,degC
Hatchery,Hatchery,15,15,2025-07-16,afternoon,dissolved_oxygen,5.29,mg/L
Hatchery,Hatchery,15,15,2025-07-16,afternoon,temperature,31.2,degC
Hatchery,Hatchery,15,15,2025-07-16,morning,ammonia,1.76,mg/L
Hatchery,Hatchery,15,15,2025-07-16,morning,dissolved_oxygen,6.98,mg/L
Hatchery,Hatchery,15,15,2025-07-16,morning,nitrate,0.1,mg/L
Hatchery,Hatchery,15,15,2025-07-16,morning,nitrite,0.115,mg/L
Hatchery,Hatchery,15,15,2025-07-16,morning,ph,7.19,pH
Hatchery,Hatchery,15,15,2025-07-16,morning,temperature,27.4,degC
Hatchery,Hatchery,15,15,2025-07-17,afternoon,dissolved_oxygen,5.33,mg/L
Hatchery,Hatchery,15,15,2025-07-17,afternoon,temperature,29.5,degC
Hatchery,Hatchery,15,15,2025-07-17,morning,ammonia,0.95,mg/L
Hatchery,Hatchery,15,15,2025-07-17,morning,dissolved_oxygen,5.31,mg/L
Hatchery,Hatchery,15,15,2025-07-17,morning,nitrate,0.7,mg/L
Hatchery,Hatchery,15,15,2025-07-17,morning,nitrite,0.051,mg/L
Hatchery,Hatchery,15,15,2025-07-17,morning,ph,7.0,pH
Hatchery,Hatchery,15,15,2025-07-17,morning,temperature,29.1,degC
Hatchery,Hatchery,15,15,2025-07-18,afternoon,dissolved_oxygen,5.52,mg/L
Hatchery,Hatchery,15,15,2025-07-18,afternoon,temperature,29.2,degC
Hatchery,Hatchery,15,15,2025-07-18,morning,ammonia,2.19,mg/L
Hatchery,Hatchery,15,15,2025-07-18,morning,dissolved_oxygen,5.57,mg/L
Hatchery,Hatchery,15,15,2025-07-18,morning,nitrate,1.1,mg/L
Hatchery,Hatchery,15,15,2025-07-18,morning,nitrite,0.139,mg/L
Hatchery,Hatchery,15,15,2025-07-18,morning,ph,6.93,pH
Hatchery,Hatchery,15,15,2025-07-18,morning,temperature,28.5,degC
Hatchery,Hatchery,15,15,2025-07-20,morning,ammonia,1.9,mg/L
Hatchery,Hatchery,15,15,2025-07-20,morning,ph,7.12,pH
Hatchery,Hatchery,15,15,2025-07-21,afternoon,dissolved_oxygen,4.65,mg/L
Hatchery,Hatchery,15,15,2025-07-21,afternoon,temperature,28.8,degC
Hatchery,Hatchery,15,15,2025-07-21,morning,ammonia,2.9,mg/L
Hatchery,Hatchery,15,15,2025-07-21,morning,dissolved_oxygen,6.48,mg/L
Hatchery,Hatchery,15,15,2025-07-21,morning,nitrate,5.3,mg/L
Hatchery,Hatchery,15,15,2025-07-21,morning,nitrite,1.74,mg/L
Hatchery,Hatchery,15,15,2025-07-21,morning,ph,7.5,pH
Hatchery,Hatchery,15,15,2025-07-21,morning,temperature,27.8,degC
Hatchery,Hatchery,15,15,2025-07-22,afternoon,ammonia,4.8,mg/L
Hatchery,Hatchery,15,15,2025-07-22,afternoon,dissolved_oxygen,4.31,mg/L
Hatchery,Hatchery,15,15,2025-07-22,afternoon,ph,6.87,pH
Hatchery,Hatchery,15,15,2025-07-22,afternoon,temperature,28.8,degC
Hatchery,Hatchery,15,15,2025-07-22,morning,dissolved_oxygen,5.49,mg/L
Hatchery,Hatchery,15,15,2025-07-22,morning,temperature,27.7,degC
Hatchery,Hatchery,15,15,2025-07-23,afternoon,dissolved_oxygen,7.14,mg/L
Hatchery,Hatchery,15,15,2025-07-23,afternoon,temperature,31.1,degC
Hatchery,Hatchery,15,15,2025-07-23,morning,ammonia,3.1,mg/L
Hatchery,Hatchery,15,15,2025-07-23,morning,dissolved_oxygen,5.39,mg/L
Hatchery,Hatchery,15,15,2025-07-23,morning,ph,6.88,pH
Hatchery,Hatchery,15,15,2025-07-23,morning,temperature,27.8,degC
Hatchery,Hatchery,15,15,2025-07-24,afternoon,dissolved_oxygen,6.2,mg/L
Hatchery,Hatchery,15,15,2025-07-24,afternoon,temperature,29.5,degC
Hatchery,Hatchery,15,15,2025-07-24,morning,dissolved_oxygen,7.88,mg/L
Hatchery,Hatchery,15,15,2025-07-24,morning,temperature,29.0,degC
Hatchery,Hatchery,15,15,2025-07-25,afternoon,dissolved_oxygen,5.58,mg/L
Hatchery,Hatchery,15,15,2025-07-25,afternoon,temperature,29.3,degC
Hatchery,Hatchery,15,15,2025-07-28,afternoon,dissolved_oxygen,4.79,mg/L
Hatchery,Hatchery,15,15,2025-07-28,afternoon,temperature,28.9,degC
Hatchery,Hatchery,15,15,2025-07-28,morning,dissolved_oxygen,4.21,mg/L
Hatchery,Hatchery,15,15,2025-07-28,morning,temperature,27.9,degC
Hatchery,Hatchery,15,15,2025-07-29,afternoon,dissolved_oxygen,5.15,mg/L
Hatchery,Hatchery,15,15,2025-07-29,afternoon,temperature,31.6,degC
Hatchery,Hatchery,15,15,2025-07-29,morning,dissolved_oxygen,5.16,mg/L
Hatchery,Hatchery,15,15,2025-07-29,morning,temperature,31.3,degC
Hatchery,Hatchery,15,15,2025-07-30,afternoon,dissolved_oxygen,6.87,mg/L
Hatchery,Hatchery,15,15,2025-07-30,afternoon,temperature,29.8,degC
Hatchery,Hatchery,16,16,2025-07-10,afternoon,dissolved_oxygen,6.43,mg/L
Hatchery,Hatchery,16,16,2025-07-10,afternoon,temperature,28.0,degC
Hatchery,Hatchery,16,16,2025-07-10,morning,ammonia,0.75,mg/L
Hatchery,Hatchery,16,16,2025-07-10,morning,dissolved_oxygen,6.71,mg/L
Hatchery,Hatchery,16,16,2025-07-10,morning,nitrate,0.8,mg/L
Hatchery,Hatchery,16,16,2025-07-10,morning,nitrite,0.017,mg/L
Hatchery,Hatchery,16,16,2025-07-10,morning,ph,6.76,pH
Hatchery,Hatchery,16,16,2025-07-10,morning,temperature,27.8,degC
Hatchery,Hatchery,16,16,2025-07-11,afternoon,dissolved_oxygen,6.01,mg/L
Hatchery,Hatchery,16,16,2025-07-11,afternoon,temperature,28.3,degC
Hatchery,Hatchery,16,16,2025-07-11,morning,ammonia,1.42,mg/L
Hatchery,Hatchery,16,16,2025-07-11,morning,dissolved_oxygen,6.83,mg/L
Hatchery,Hatchery,16,16,2025-07-11,morning,nitrate,0.7,mg/L
Hatchery,Hatchery,16,16,2025-07-11,morning,nitrite,0.01,mg/L
Hatchery,Hatchery,16,16,2025-07-11,morning,ph,6.86,pH
Hatchery,Hatchery,16,16,2025-07-11,morning,temperature,27.3,degC
Hatchery,Hatchery,16,16,2025-07-12,afternoon,dissolved_oxygen,4.8,mg/L
Hatchery,Hatchery,16,16,2025-07-12,afternoon,temperature,28.5,degC
Hatchery,Hatchery,16,16,2025-07-12,morning,dissolved_oxygen,5.57,mg/L
Hatchery,Hatchery,16,16,2025-07-12,morning,temperature,27.7,degC
Hatchery,Hatchery,16,16,2025-07-13,afternoon,dissolved_oxygen,5.8,mg/L
Hatchery,Hatchery,16,16,2025-07-13,afternoon,temperature,27.8,degC
Hatchery,Hatchery,16,16,2025-07-13,morning,ammonia,3.8,mg/L
Hatchery,Hatchery,16,16,2025-07-13,morning,dissolved_oxygen,6.04,mg/L
Hatchery,Hatchery,16,16,2025-07-13,morning,nitrate,1.0,mg/L
Hatchery,Hatchery,16,16,2025-07-13,morning,nitrite,0.014,mg/L
Hatchery,Hatchery,16,16,2025-07-13,morning,ph,7.05,pH
Hatchery,Hatchery,16,16,2025-07-13,morning,temperature,27.3,degC
Hatchery,Hatchery,16,16,2025-07-14,afternoon,dissolved_oxygen,5.26,mg/L
Hatchery,Hatchery,16,16,2025-07-14,afternoon,temperature,28.3,degC
Hatchery,Hatchery,16,16,2025-07-14,morning,ammonia,5.6,mg/L
Hatchery,Hatchery,16,16,2025-07-14,morning,dissolved_oxygen,5.84,mg/L
Hatchery,Hatchery,16,16,2025-07-14,morning,nitrate,1.3,mg/L
Hatchery,Hatchery,16,16,2025-07-14,morning,nitrite,0.011,mg/L
Hatchery,Hatchery,16,16,2025-07-14,morning,ph,7.36,pH
Hatchery,Hatchery,16,16,2025-07-14,morning,temperature,27.1,degC
Hatchery,Hatchery,16,16,2025-07-15,afternoon,dissolved_oxygen,5.62,mg/L
Hatchery,Hatchery,16,16,2025-07-15,afternoon,temperature,28.5,degC
Hatchery,Hatchery,16,16,2025-07-15,morning,ammonia,0.76,mg/L
Hatchery,Hatchery,16,16,2025-07-15,morning,dissolved_oxygen,5.99,mg/L
Hatchery,Hatchery,16,16,2025-07-15,morning,nitrate,1.2,mg/L
Hatchery,Hatchery,16,16,2025-07-15,morning,nitrite,0.037,mg/L
Hatchery,Hatchery,16,16,2025-07-15,morning,ph,6.89,pH
Hatchery,Hatchery,16,16,2025-07-15,morning,temperature,27.5,degC
Hatchery,Hatchery,16,16,2025-07-16,afternoon,dissolved_oxygen,6.02,mg/L
Hatchery,Hatchery,16,16,2025-07-16,afternoon,temperature,30.8,degC
Hatchery,Hatchery,16,16,2025-07-16,morning,ammonia,1.06,mg/L
Hatchery,Hatchery,16,16,2025-07-16,morning,dissolved_oxygen,6.89,mg/L
Hatchery,Hatchery,16,16,2025-07-16,morning,nitrate,0.4,mg/L
Hatchery,Hatchery,16,16,2025-07-16,morning,nitrite,0.109,mg/L
Hatchery,Hatchery,16,16,2025-07-16,morning,ph,7.33,pH
Hatchery,Hatchery,16,16,2025-07-16,morning,temperature,27.4,degC
Hatchery,Hatchery,16,16,2025-07-17,afternoon,dissolved_oxygen,5.75,mg/L
Hatchery,Hatchery,16,16,2025-07-17,afternoon,temperature,29.5,degC
Hatchery,Hatchery,16,16,2025-07-17,morning,ammonia,0.94,mg/L
Hatchery,Hatchery,16,16,2025-07-17,morning,dissolved_oxygen,5.87,mg/L
Hatchery,Hatchery,16,16,2025-07-17,morning,nitrate,0.9,mg/L
Hatchery,Hatchery,16,16,2025-07-17,morning,nitrite,0.027,mg/L
Hatchery,Hatchery,16,16,2025-07-17,morning,ph,6.93,pH
Hatchery,Hatchery,16,16,2025-07-17,morning,temperature,29.0,degC
Hatchery,Hatchery,16,16,2025-07-18,afternoon,dissolved_oxygen,5.96,mg/L
Hatchery,Hatchery,16,16,2025-07-18,afternoon,temperature,29.1,degC
Hatchery,Hatchery,16,16,2025-07-18,morning,ammonia,1.88,mg/L
Hatchery,Hatchery,16,16,2025-07-18,morning,dissolved_oxygen,6.17,mg/L
Hatchery,Hatchery,16,16,2025-07-18,morning,nitrate,0.9,mg/L
Hatchery,Hatchery,16,16,2025-07-18,morning,nitrite,0.093,mg/L
Hatchery,Hatchery,16,16,2025-07-18,morning,ph,7.01,pH
Hatchery,Hatchery,16,16,2025-07-18,morning,temperature,28.5,degC
Hatchery,Hatchery,16,16,2025-07-20,morning,ammonia,1.6,mg/L
Hatchery,Hatchery,16,16,2025-07-20,morning,ph,7.19,pH
Hatchery,Hatchery,16,16,2025-07-21,afternoon,dissolved_oxygen,5.25,mg/L
Hatchery,Hatchery,16,16,2025-07-21,afternoon,temperature,28.8,degC
Hatchery,Hatchery,16,16,2025-07-21,morning,ammonia,2.4,mg/L
Hatchery,Hatchery,16,16,2025-07-21,morning,dissolved_oxygen,6.99,mg/L
Hatchery,Hatchery,16,16,2025-07-21,morning,nitrate,4.0,mg/L
Hatchery,Hatchery,16,16,2025-07-21,morning,nitrite,1.68,mg/L
Hatchery,Hatchery,16,16,2025-07-21,morning,ph,7.14,pH
Hatchery,Hatchery,16,16,2025-07-21,morning,temperature,27.8,degC
Hatchery,Hatchery,16,16,2025-07-22,afternoon,ammonia,3.4,mg/L
Hatchery,Hatchery,16,16,2025-07-22,afternoon,dissolved_oxygen,4.86,mg/L
Hatchery,Hatchery,16,16,2025-07-22,afternoon,ph,7.23,pH
Hatchery,Hatchery,16,16,2025-07-22,afternoon,temperature,28.9,degC
Hatchery,Hatchery,16,16,2025-07-22,morning,dissolved_oxygen,5.5,mg/L
Hatchery,Hatchery,16,16,2025-07-22,morning,temperature,27.8,degC
Hatchery,Hatchery,16,16,2025-07-23,afternoon,dissolved_oxygen,6.39,mg/L
Hatchery,Hatchery,16,16,2025-07-23,afternoon,temperature,30.8,degC
Hatchery,Hatchery,16,16,2025-07-23,morning,ammonia,4.2,mg/L
Hatchery,Hatchery,16,16,2025-07-23,morning,dissolved_oxygen,6.47,mg/L
Hatchery,Hatchery,16,16,2025-07-23,morning,ph,6.82,pH
Hatchery,Hatchery,16,16,2025-07-23,morning,temperature,27.8,degC
Hatchery,Hatchery,16,16,2025-07-24,afternoon,dissolved_oxygen,6.74,mg/L
Hatchery,Hatchery,16,16,2025-07-24,afternoon,temperature,29.5,degC
Hatchery,Hatchery,16,16,2025-07-24,morning,dissolved_oxygen,8.15,mg/L
Hatchery,Hatchery,16,16,2025-07-24,morning,temperature,28.9,degC
Hatchery,Hatchery,16,16,2025-07-25,afternoon,dissolved_oxygen,5.92,mg/L
Hatchery,Hatchery,16,16,2025-07-25,afternoon,temperature,29.3,degC
Hatchery,Hatchery,16,16,2025-07-28,afternoon,dissolved_oxygen,4.3,mg/L
Hatchery,Hatchery,16,16,2025-07-28,afternoon,temperature,29.0,degC
Hatchery,Hatchery,16,16,2025-07-28,morning,dissolved_oxygen,4.29,mg/L
Hatchery,Hatchery,16,16,2025-07-28,morning,temperature,27.9,degC
Hatchery,Hatchery,16,16,2025-07-29,afternoon,dissolved_oxygen,5.26,mg/L
Hatchery,Hatchery,16,16,2025-07-29,afternoon,temperature,31.6,degC
Hatchery,Hatchery,16,16,2025-07-29,morning,dissolved_oxygen,4.96,mg/L
Hatchery,Hatchery,16,16,2025-07-29,morning,temperature,31.5,degC
Hatchery,Hatchery,16,16,2025-07-30,afternoon,dissolved_oxygen,6.36,mg/L
Hatchery,Hatchery,16,16,2025-07-30,afternoon,temperature,29.7,degC
Hatchery,Hatchery,17,17,2025-07-10,afternoon,dissolved_oxygen,6.29,mg/L
Hatchery,Hatchery,17,17,2025-07-10,afternoon,temperature,28.1,degC
Hatchery,Hatchery,17,17,2025-07-10,morning,ammonia,0.75,mg/L
Hatchery,Hatchery,17,17,2025-07-10,morning,dissolved_oxygen,6.74,mg/L
Hatchery,Hatchery,17,17,2025-07-10,morning,nitrate,0.9,mg/L
Hatchery,Hatchery,17,17,2025-07-10,morning,nitrite,0.007,mg/L
Hatchery,Hatchery,17,17,2025-07-10,morning,ph,6.79,pH
Hatchery,Hatchery,17,17,2025-07-10,morning,temperature,28.0,degC
Hatchery,Hatchery,17,17,2025-07-11,afternoon,dissolved_oxygen,5.94,mg/L
Hatchery,Hatchery,17,17,2025-07-11,afternoon,temperature,28.4,degC
Hatchery,Hatchery,17,17,2025-07-11,morning,ammonia,1.49,mg/L
Hatchery,Hatchery,17,17,2025-07-11,morning,dissolved_oxygen,6.73,mg/L
Hatchery,Hatchery,17,17,2025-07-11,morning,nitrate,1.3,mg/L
Hatchery,Hatchery,17,17,2025-07-11,morning,nitrite,0.015,mg/L
Hatchery,Hatchery,17,17,2025-07-11,morning,ph,6.79,pH
Hatchery,Hatchery,17,17,2025-07-11,morning,temperature,27.4,degC
Hatchery,Hatchery,17,17,2025-07-12,afternoon,dissolved_oxygen,5.13,mg/L
Hatchery,Hatchery,17,17,2025-07-12,afternoon,temperature,28.6,degC
Hatchery,Hatchery,17,17,2025-07-12,morning,dissolved_oxygen,5.54,mg/L
Hatchery,Hatchery,17,17,2025-07-12,morning,temperature,27.9,degC
Hatchery,Hatchery,17,17,2025-07-13,afternoon,dissolved_oxygen,5.54,mg/L
Hatchery,Hatchery,17,17,2025-07-13,afternoon,temperature,28.0,degC
Hatchery,Hatchery,17,17,2025-07-13,morning,ammonia,8.5,mg/L
Hatchery,Hatchery,17,17,2025-07-13,morning,dissolved_oxygen,5.83,mg/L
Hatchery,Hatchery,17,17,2025-07-13,morning,nitrate,0.9,mg/L
Hatchery,Hatchery,17,17,2025-07-13,morning,nitrite,0.011,mg/L
Hatchery,Hatchery,17,17,2025-07-13,morning,ph,7.1,pH
Hatchery,Hatchery,17,17,2025-07-13,morning,temperature,27.5,degC
Hatchery,Hatchery,17,17,2025-07-14,afternoon,dissolved_oxygen,5.05,mg/L
Hatchery,Hatchery,17,17,2025-07-14,afternoon,temperature,28.4,degC
Hatchery,Hatchery,17,17,2025-07-14,morning,ammonia,7.4,mg/L
Hatchery,Hatchery,17,17,2025-07-14,morning,dissolved_oxygen,5.63,mg/L
Hatchery,Hatchery,17,17,2025-07-14,morning,nitrate,0.9,mg/L
Hatchery,Hatchery,17,17,2025-07-14,morning,nitrite,0.014,mg/L
Hatchery,Hatchery,17,17,2025-07-14,morning,ph,7.46,pH
Hatchery,Hatchery,17,17,2025-07-14,morning,temperature,27.3,degC
Hatchery,Hatchery,17,17,2025-07-15,afternoon,dissolved_oxygen,5.42,mg/L
Hatchery,Hatchery,17,17,2025-07-15,afternoon,temperature,28.7,degC
Hatchery,Hatchery,17,17,2025-07-15,morning,ammonia,0.75,mg/L
Hatchery,Hatchery,17,17,2025-07-15,morning,dissolved_oxygen,5.03,mg/L
Hatchery,Hatchery,17,17,2025-07-15,morning,nitrate,1.7,mg/L
Hatchery,Hatchery,17,17,2025-07-15,morning,nitrite,0.03,mg/L
Hatchery,Hatchery,17,17,2025-07-15,morning,ph,6.87,pH
Hatchery,Hatchery,17,17,2025-07-15,morning,temperature,27.6,degC
Hatchery,Hatchery,17,17,2025-07-16,afternoon,dissolved_oxygen,5.57,mg/L
Hatchery,Hatchery,17,17,2025-07-16,afternoon,temperature,30.8,degC
Hatchery,Hatchery,17,17,2025-07-16,morning,ammonia,1.25,mg/L
Hatchery,Hatchery,17,17,2025-07-16,morning,dissolved_oxygen,6.21,mg/L
Hatchery,Hatchery,17,17,2025-07-16,morning,nitrate,0.6,mg/L
Hatchery,Hatchery,17,17,2025-07-16,morning,nitrite,0.082,mg/L
Hatchery,Hatchery,17,17,2025-07-16,morning,ph,7.36,pH
Hatchery,Hatchery,17,17,2025-07-16,morning,temperature,27.6,degC
Hatchery,Hatchery,17,17,2025-07-17,afternoon,dissolved_oxygen,5.36,mg/L
Hatchery,Hatchery,17,17,2025-07-17,afternoon,temperature,29.5,degC
Hatchery,Hatchery,17,17,2025-07-17,morning,ammonia,0.92,mg/L
Hatchery,Hatchery,17,17,2025-07-17,morning,dissolved_oxygen,6.13,mg/L
Hatchery,Hatchery,17,17,2025-07-17,morning,nitrate,0.9,mg/L
Hatchery,Hatchery,17,17,2025-07-17,morning,nitrite,0.02,mg/L
Hatchery,Hatchery,17,17,2025-07-17,morning,ph,6.95,pH
Hatchery,Hatchery,17,17,2025-07-17,morning,temperature,29.1,degC
Hatchery,Hatchery,17,17,2025-07-18,afternoon,dissolved_oxygen,5.67,mg/L
Hatchery,Hatchery,17,17,2025-07-18,afternoon,temperature,29.2,degC
Hatchery,Hatchery,17,17,2025-07-18,morning,ammonia,2.06,mg/L
Hatchery,Hatchery,17,17,2025-07-18,morning,dissolved_oxygen,6.07,mg/L
Hatchery,Hatchery,17,17,2025-07-18,morning,nitrate,0.9,mg/L
Hatchery,Hatchery,17,17,2025-07-18,morning,nitrite,0.078,mg/L
Hatchery,Hatchery,17,17,2025-07-18,morning,ph,7.01,pH
Hatchery,Hatchery,17,17,2025-07-18,morning,temperature,28.6,degC
Hatchery,Hatchery,17,17,2025-07-20,morning,ammonia,1.9,mg/L
Hatchery,Hatchery,17,17,2025-07-20,morning,ph,7.18,pH
Hatchery,Hatchery,17,17,2025-07-21,afternoon,dissolved_oxygen,5.21,mg/L
Hatchery,Hatchery,17,17,2025-07-21,afternoon,temperature,28.9,degC
Hatchery,Hatchery,17,17,2025-07-21,morning,ammonia,2.8,mg/L
Hatchery,Hatchery,17,17,2025-07-21,morning,dissolved_oxygen,6.73,mg/L
Hatchery,Hatchery,17,17,2025-07-21,morning,nitrate,3.9,mg/L
Hatchery,Hatchery,17,17,2025-07-21,morning,nitrite,1.7,mg/L
Hatchery,Hatchery,17,17,2025-07-21,morning,ph,7.52,pH
Hatchery,Hatchery,17,17,2025-07-21,morning,temperature,27.9,degC
Hatchery,Hatchery,17,17,2025-07-22,afternoon,ammonia,3.6,mg/L
Hatchery,Hatchery,17,17,2025-07-22,afternoon,dissolved_oxygen,4.91,mg/L
Hatchery,Hatchery,17,17,2025-07-22,afternoon,ph,6.81,pH
Hatchery,Hatchery,17,17,2025-07-22,afternoon,temperature,29.0,degC
Hatchery,Hatchery,17,17,2025-07-22,morning,dissolved_oxygen,5.46,mg/L
Hatchery,Hatchery,17,17,2025-07-22,morning,temperature,27.9,degC
Hatchery,Hatchery,17,17,2025-07-23,afternoon,dissolved_oxygen,6.86,mg/L
Hatchery,Hatchery,17,17,2025-07-23,afternoon,temperature,31.4,degC
Hatchery,Hatchery,17,17,2025-07-23,morning,ammonia,3.3,mg/L
Hatchery,Hatchery,17,17,2025-07-23,morning,dissolved_oxygen,6.02,mg/L
Hatchery,Hatchery,17,17,2025-07-23,morning,ph,6.81,pH
Hatchery,Hatchery,17,17,2025-07-23,morning,temperature,27.9,degC
Hatchery,Hatchery,17,17,2025-07-24,afternoon,dissolved_oxygen,5.51,mg/L
Hatchery,Hatchery,17,17,2025-07-24,afternoon,temperature,29.6,degC
Hatchery,Hatchery,17,17,2025-07-24,morning,dissolved_oxygen,7.62,mg/L
Hatchery,Hatchery,17,17,2025-07-24,morning,temperature,29.0,degC
Hatchery,Hatchery,17,17,2025-07-25,afternoon,dissolved_oxygen,5.08,mg/L
Hatchery,Hatchery,17,17,2025-07-25,afternoon,temperature,29.6,degC
Hatchery,Hatchery,17,17,2025-07-28,afternoon,dissolved_oxygen,3.7,mg/L
Hatchery,Hatchery,17,17,2025-07-28,afternoon,temperature,29.1,degC
Hatchery,Hatchery,17,17,2025-07-28,morning,dissolved_oxygen,3.25,mg/L
Hatchery,Hatchery,17,17,2025-07-28,morning,temperature,28.1,degC
Hatchery,Hatchery,17,17,2025-07-29,afternoon,dissolved_oxygen,5.05,mg/L
Hatchery,Hatchery,17,17,2025-07-29,afternoon,temperature,31.6,degC
Hatchery,Hatchery,17,17,2025-07-29,morning,dissolved_oxygen,5.32,mg/L
Hatchery,Hatchery,17,17,2025-07-29,morning,temperature,31.3,degC
Hatchery,Hatchery,17,17,2025-07-30,afternoon,dissolved_oxygen,6.71,mg/L
Hatchery,Hatchery,17,17,2025-07-30,afternoon,temperature,29.7,degC
Hatchery,Hatchery,18,18,2025-07-10,afternoon,dissolved_oxygen,6.11,mg/L
Hatchery,Hatchery,18,18,2025-07-10,afternoon,temperature,28.2,degC
Hatchery,Hatchery,18,18,2025-07-10,morning,ammonia,0.85,mg/L
Hatchery,Hatchery,18,18,2025-07-10,morning,dissolved_oxygen,6.51,mg/L
Hatchery,Hatchery,18,18,2025-07-10,morning,nitrate,1.2,mg/L
Hatchery,Hatchery,18,18,2025-07-10,morning,nitrite,0.005,mg/L
Hatchery,Hatchery,18,18,2025-07-10,morning,ph,6.69,pH
Hatchery,Hatchery,18,18,2025-07-10,morning,temperature,28.1,degC
Hatchery,Hatchery,18,18,2025-07-11,afternoon,dissolved_oxygen,5.56,mg/L
Hatchery,Hatchery,18,18,2025-07-11,afternoon,temperature,28.5,degC
Hatchery,Hatchery,18,18,2025-07-11,morning,ammonia,1.85,mg/L
Hatchery,Hatchery,18,18,2025-07-11,morning,dissolved_oxygen,6.62,mg/L
Hatchery,Hatchery,18,18,2025-07-11,morning,nitrate,1.3,mg/L
Hatchery,Hatchery,18,18,2025-07-11,morning,nitrite,0.004,mg/L
Hatchery,Hatchery,18,18,2025-07-11,morning,ph,6.96,pH
Hatchery,Hatchery,18,18,2025-07-11,morning,temperature,27.5,degC
Hatchery,Hatchery,18,18,2025-07-12,afternoon,dissolved_oxygen,4.67,mg/L
Hatchery,Hatchery,18,18,2025-07-12,afternoon,temperature,28.8,degC
Hatchery,Hatchery,18,18,2025-07-12,morning,dissolved_oxygen,4.95,mg/L
Hatchery,Hatchery,18,18,2025-07-12,morning,temperature,28.1,degC
Hatchery,Hatchery,18,18,2025-07-13,afternoon,dissolved_oxygen,4.98,mg/L
Hatchery,Hatchery,18,18,2025-07-13,afternoon,temperature,28.1,degC
Hatchery,Hatchery,18,18,2025-07-13,morning,ammonia,4.4,mg/L
Hatchery,Hatchery,18,18,2025-07-13,morning,dissolved_oxygen,5.56,mg/L
Hatchery,Hatchery,18,18,2025-07-13,morning,nitrate,0.9,mg/L
Hatchery,Hatchery,18,18,2025-07-13,morning,nitrite,0.016,mg/L
Hatchery,Hatchery,18,18,2025-07-13,morning,ph,7.04,pH
Hatchery,Hatchery,18,18,2025-07-13,morning,temperature,27.5,degC
Hatchery,Hatchery,18,18,2025-07-14,afternoon,dissolved_oxygen,5.34,mg/L
Hatchery,Hatchery,18,18,2025-07-14,afternoon,temperature,28.6,degC
Hatchery,Hatchery,18,18,2025-07-14,morning,ammonia,8.0,mg/L
Hatchery,Hatchery,18,18,2025-07-14,morning,dissolved_oxygen,5.7,mg/L
Hatchery,Hatchery,18,18,2025-07-14,morning,nitrate,1.3,mg/L
Hatchery,Hatchery,18,18,2025-07-14,morning,nitrite,0.012,mg/L
Hatchery,Hatchery,18,18,2025-07-14,morning,ph,7.31,pH
Hatchery,Hatchery,18,18,2025-07-14,morning,temperature,27.4,degC
Hatchery,Hatchery,18,18,2025-07-15,afternoon,dissolved_oxygen,5.4,mg/L
Hatchery,Hatchery,18,18,2025-07-15,afternoon,temperature,28.9,degC
Hatchery,Hatchery,18,18,2025-07-15,morning,ammonia,0.94,mg/L
Hatchery,Hatchery,18,18,2025-07-15,morning,dissolved_oxygen,6.73,mg/L
Hatchery,Hatchery,18,18,2025-07-15,morning,nitrate,2.3,mg/L
Hatchery,Hatchery,18,18,2025-07-15,morning,nitrite,0.056,mg/L
Hatchery,Hatchery,18,18,2025-07-15,morning,ph,6.94,pH
Hatchery,Hatchery,18,18,2025-07-15,morning,temperature,27.4,degC
Hatchery,Hatchery,18,18,2025-07-16,afternoon,dissolved_oxygen,5.77,mg/L
Hatchery,Hatchery,18,18,2025-07-16,afternoon,temperature,30.9,degC
Hatchery,Hatchery,18,18,2025-07-16,morning,ammonia,1.41,mg/L
Hatchery,Hatchery,18,18,2025-07-16,morning,dissolved_oxygen,5.98,mg/L
Hatchery,Hatchery,18,18,2025-07-16,morning,nitrate,0.5,mg/L
Hatchery,Hatchery,18,18,2025-07-16,morning,nitrite,0.206,mg/L
Hatchery,Hatchery,18,18,2025-07-16,morning,ph,7.36,pH
Hatchery,Hatchery,18,18,2025-07-16,morning,temperature,27.7,degC
Hatchery,Hatchery,18,18,2025-07-17,afternoon,dissolved_oxygen,5.56,mg/L
Hatchery,Hatchery,18,18,2025-07-17,afternoon,temperature,29.7,degC
Hatchery,Hatchery,18,18,2025-07-17,morning,ammonia,0.99,mg/L
Hatchery,Hatchery,18,18,2025-07-17,morning,dissolved_oxygen,5.84,mg/L
Hatchery,Hatchery,18,18,2025-07-17,morning,nitrate,0.9,mg/L
Hatchery,Hatchery,18,18,2025-07-17,morning,nitrite,0.091,mg/L
Hatchery,Hatchery,18,18,2025-07-17,morning,ph,6.96,pH
Hatchery,Hatchery,18,18,2025-07-17,morning,temperature,29.1,degC
Hatchery,Hatchery,18,18,2025-07-18,afternoon,dissolved_oxygen,5.65,mg/L
Hatchery,Hatchery,18,18,2025-07-18,afternoon,temperature,29.4,degC
Hatchery,Hatchery,18,18,2025-07-18,morning,ammonia,1.83,mg/L
Hatchery,Hatchery,18,18,2025-07-18,morning,dissolved_oxygen,6.09,mg/L
Hatchery,Hatchery,18,18,2025-07-18,morning,nitrate,1.9,mg/L
Hatchery,Hatchery,18,18,2025-07-18,morning,nitrite,0.45,mg/L
Hatchery,Hatchery,18,18,2025-07-18,morning,ph,6.96,pH
Hatchery,Hatchery,18,18,2025-07-18,morning,temperature,28.7,degC
Hatchery,Hatchery,18,18,2025-07-20,morning,ammonia,1.7,mg/L
Hatchery,Hatchery,18,18,2025-07-20,morning,ph,7.17,pH
Hatchery,Hatchery,18,18,2025-07-21,afternoon,dissolved_oxygen,5.36,mg/L
Hatchery,Hatchery,18,18,2025-07-21,afternoon,temperature,29.0,degC
Hatchery,Hatchery,18,18,2025-07-21,morning,ammonia,1.5,mg/L
Hatchery,Hatchery,18,18,2025-07-21,morning,dissolved_oxygen,6.61,mg/L
Hatchery,Hatchery,18,18,2025-07-21,morning,nitrate,9.0,mg/L
Hatchery,Hatchery,18,18,2025-07-21,morning,nitrite,3.9,mg/L
Hatchery,Hatchery,18,18,2025-07-21,morning,ph,7.01,pH
Hatchery,Hatchery,18,18,2025-07-21,morning,temperature,28.1,degC
Hatchery,Hatchery,18,18,2025-07-22,afternoon,ammonia,2.3,mg/L
Hatchery,Hatchery,18,18,2025-07-22,afternoon,dissolved_oxygen,4.38,mg/L
Hatchery,Hatchery,18,18,2025-07-22,afternoon,ph,6.94,pH
Hatchery,Hatchery,18,18,2025-07-22,afternoon,temperature,29.2,degC
Hatchery,Hatchery,18,18,2025-07-22,morning,dissolved_oxygen,5.54,mg/L
Hatchery,Hatchery,18,18,2025-07-22,morning,temperature,27.9,degC
Hatchery,Hatchery,18,18,2025-07-23,afternoon,dissolved_oxygen,6.92,mg/L
Hatchery,Hatchery,18,18,2025-07-23,afternoon,temperature,31.4,degC
Hatchery,Hatchery,18,18,2025-07-23,morning,ammonia,2.9,mg/L
Hatchery,Hatchery,18,18,2025-07-23,morning,dissolved_oxygen,5.73,mg/L
Hatchery,Hatchery,18,18,2025-07-23,morning,ph,6.68,pH
Hatchery,Hatchery,18,18,2025-07-23,morning,temperature,27.9,degC
Hatchery,Hatchery,18,18,2025-07-24,afternoon,dissolved_oxygen,6.44,mg/L
Hatchery,Hatchery,18,18,2025-07-24,afternoon,temperature,29.6,degC
Hatchery,Hatchery,18,18,2025-07-24,morning,dissolved_oxygen,7.78,mg/L
Hatchery,Hatchery,18,18,2025-07-24,morning,temperature,29.0,degC
Hatchery,Hatchery,18,18,2025-07-25,afternoon,dissolved_oxygen,5.79,mg/L
Hatchery,Hatchery,18,18,2025-07-25,afternoon,temperature,29.8,degC
Hatchery,Hatchery,18,18,2025-07-28,afternoon,dissolved_oxygen,4.51,mg/L
Hatchery,Hatchery,18,18,2025-07-28,afternoon,temperature,29.2,degC
Hatchery,Hatchery,18,18,2025-07-28,morning,dissolved_oxygen,4.55,mg/L
Hatchery,Hatchery,18,18,2025-07-28,morning,temperature,28.2,degC
Hatchery,Hatchery,18,18,2025-07-29,afternoon,dissolved_oxygen,4.97,mg/L
Hatchery,Hatchery,18,18,2025-07-29,afternoon,temperature,31.6,degC
Hatchery,Hatchery,18,18,2025-07-29,morning,dissolved_oxygen,5.68,mg/L
Hatchery,Hatchery,18,18,2025-07-29,morning,temperature,31.7,degC
Hatchery,Hatchery,18,18,2025-07-30,afternoon,dissolved_oxygen,6.35,mg/L
Hatchery,Hatchery,18,18,2025-07-30,afternoon,temperature,29.7,degC
Pond,Pond,1,1,2025-07-08,morning,ammonia,0.23,mg/L
Pond,Pond,1,1,2025-07-08,morning,nitrate,1.0,mg/L
Pond,Pond,1,1,2025-07-08,morning,nitrite,0.006,mg/L
Pond,Pond,1,1,2025-07-08,morning,ph,8.15,pH
Pond,Pond,1,1,2025-07-10,morning,ammonia,0.35,mg/L
Pond,Pond,1,1,2025-07-10,morning,nitrate,0.1,mg/L
Pond,Pond,1,1,2025-07-10,morning,nitrite,0.009,mg/L
Pond,Pond,1,1,2025-07-10,morning,ph,7.2,pH
Pond,Pond,2,2,2025-07-08,morning,ammonia,0.21,mg/L
Pond,Pond,2,2,2025-07-08,morning,nitrate,1.5,mg/L
Pond,Pond,2,2,2025-07-08,morning,nitrite,0.007,mg/L
Pond,Pond,2,2,2025-07-08,morning,ph,8.4,pH
Pond,Pond,2,2,2025-07-10,morning,ammonia,0.26,mg/L
Pond,Pond,2,2,2025-07-10,morning,nitrate,0.0,mg/L
Pond,Pond,2,2,2025-07-10,morning,nitrite,0.008,mg/L
Pond,Pond,2,2,2025-07-10,morning,ph,7.24,pH
