location,zone,tank_id,tank_id_raw,date,period,dissolved_oxygen,temperature,ph,ammonia,nitrate,nitrite,remarks
Aqua,Aqua,3,3,2025-07-10,morning,,,6.38,0.16,6.8,0.44,
Aqua,Aqua,8,8,2025-07-10,morning,,,6.58,0.17,7.3,0.005,
Aqua,Aqua,14,14,2025-07-08,morning,,,6.64,0.13,7.3,0.028,
Aqua,Aqua,16,16,2025-07-10,morning,,,6.71,0.16,7.0,0.51,
Aqua,Aqua,20,20,2025-07-08,morning,,,6.82,0.11,6.9,0.073,
Aqua,Aqua,24,24,2025-07-10,morning,,,6.83,0.16,7.9,0.56,
Block L,Block L,1,1,2025-07-01,morning,7.08,28.8,,,,,
Block L,Block L,1,1,2025-07-02,morning,6.44,27.6,,,,,
Block L,Block L,1,1,2025-07-03,morning,7.25,28.1,,,,,
Block L,Block L,1,1,2025-07-04,morning,7.04,28.4,,,,,
Block L,Block L,1,1,2025-07-07,morning,,,6.97,1.43,3.5,0.7,
Block L,Block L,1,1,2025-07-10,morning,7.51,28.5,,,,,
Block L,Block L,1,1,2025-07-11,morning,5.18,30.1,6.7,2.45,2.6,0.017,
Block L,Block L,1,1,2025-07-15,morning,7.02,28.7,,,,,
Block L,Block L,1,1,2025-07-17,morning,7.4,29.0,,,,,
Block L,Block L,1,1,2025-07-18,morning,7.11,29.2,,,,,
Block L,Block L,1,1,2025-07-21,morning,6.63,29.5,,,,,
Block L,Block L,1,1,2025-07-23,morning,6.3,27.5,,,,,
Block L,Block L,1,1,2025-07-24,morning,9.21,28.5,,,,,
Block L,Block L,1,1,2025-07-28,morning,7.35,28.9,,,,,
Block L,Block L,1,1,2025-07-29,morning,7.12,29.2,,,,,
Block L,Block L,2,2,2025-07-01,afternoon,6.28,29.1,,,,,
Block L,Block L,2,2,2025-07-01,morning,6.71,28.0,,,,,
Block L,Block L,2,2,2025-07-02,afternoon,6.4,28.6,,,,,
Block L,Block L,2,2,2025-07-02,morning,7.15,28.4,,,,,
Block L,Block L,2,2,2025-07-03,morning,6.13,27.3,,,,,
Block L,Block L,2,2,2025-07-08,afternoon,6.78,28.1,,,,,
Block L,Block L,2,2,2025-07-10,afternoon,6.62,28.0,,,,,
Block L,Block L,2,2,2025-07-10,morning,6.54,27.7,,,,,
Block L,Block L,2,2,2025-07-11,afternoon,5.82,31.0,,,,,
Block L,Block L,2,2,2025-07-11,morning,5.48,30.2,,,,,
Block L,Block L,2,2,2025-07-15,afternoon,5.98,28.6,,,,,
Block L,Block L,2,2,2025-07-15,morning,6.56,27.8,,,,,
Block L,Block L,2,2,2025-07-16,afternoon,6.35,28.4,,,,,
Block L,Block L,2,2,2025-07-17,afternoon,6.05,29.0,,,,,
Block L,Block L,2,2,2025-07-17,morning,6.32,27.9,,,,,
Block L,Block L,2,2,2025-07-18,afternoon,6.44,29.3,,,,,
Block L,Block L,2,2,2025-07-18,morning,6.4,28.2,,,,,
Block L,Block L,2,2,2025-07-21,afternoon,6.59,29.4,,,,,
Block L,Block L,2,2,2025-07-21,morning,6.63,28.1,,,,,
Block L,Block L,2,2,2025-07-22,afternoon,6.61,29.1,,,,,
Block L,Block L,2,2,2025-07-23,afternoon,5.62,30.4,,,,,
Block L,Block L,2,2,2025-07-23,morning,6.17,27.2,,,,,
Block L,Block L,2,2,2025-07-24,afternoon,7.72,29.6,,,,,
Block L,Block L,2,2,2025-07-24,morning,8.66,28.6,,,,,
Block L,Block L,2,2,2025-07-25,afternoon,8.77,29.8,,,,,
Block L,Block L,2,2,2025-07-28,afternoon,6.25,29.4,,,,,
Block L,Block L,2,2,2025-07-28,morning,6.05,28.2,,,,,
Block L,Block L,2,2,2025-07-29,afternoon,6.15,29.7,,,,,
Block L,Block L,2,2,2025-07-29,morning,6.35,28.4,,,,,
Block L,Block L,2,2,2025-07-30,afternoon,5.14,29.4,,,,,
Block L,Block L,3,3,2025-07-01,afternoon,6.78,28.8,,,,,
Block L,Block L,3,3,2025-07-01,morning,7.37,27.8,,,,,
Block L,Block L,3,3,2025-07-02,afternoon,6.67,28.3,,,,,
Block L,Block L,3,3,2025-07-02,morning,6.8,27.6,,,,,
Block L,Block L,3,3,2025-07-03,morning,7.08,27.0,,,,,
Block L,Block L,3,3,2025-07-04,afternoon,6.95,28.1,,,,,
Block L,Block L,3,3,2025-07-04,morning,7.23,27.2,,,,,
Block L,Block L,3,3,2025-07-08,afternoon,6.76,28.0,,,,,
Block L,Block L,3,3,2025-07-10,afternoon,6.87,27.9,,,,,
Block L,Block L,3,3,2025-07-10,morning,6.75,27.7,,,,,
Block L,Block L,3,3,2025-07-11,afternoon,6.62,30.8,,,,,
Block L,Block L,3,3,2025-07-11,morning,6.43,30.0,,,,,
Block L,Block L,3,3,2025-07-15,afternoon,6.82,28.3,,,,,
Block L,Block L,3,3,2025-07-15,morning,7.1,27.4,,,,,
Block L,Block L,3,3,2025-07-16,afternoon,7.05,28.2,,,,,
Block L,Block L,3,3,2025-07-17,afternoon,6.96,28.6,,,,,
Block L,Block L,3,3,2025-07-17,morning,6.87,27.4,,,,,
Block L,Block L,3,3,2025-07-18,afternoon,6.93,28.9,,,,,
Block L,Block L,3,3,2025-07-18,morning,7.07,27.8,,,,,
Block L,Block L,3,3,2025-07-21,afternoon,6.99,28.9,,,,,
Block L,Block L,3,3,2025-07-21,morning,6.81,27.6,,,,,
Block L,Block L,3,3,2025-07-22,afternoon,6.65,28.6,,,,,
Block L,Block L,3,3,2025-07-23,afternoon,6.73,30.2,,,,,
Block L,Block L,3,3,2025-07-23,morning,6.92,27.2,,,,,
Block L,Block L,3,3,2025-07-24,afternoon,9.0,29.4,,,,,
Block L,Block L,3,3,2025-07-24,morning,9.55,28.3,,,,,
Block L,Block L,3,3,2025-07-25,afternoon,9.14,29.4,,,,,
Block L,Block L,3,3,2025-07-28,afternoon,7.06,29.0,,,,,
Block L,Block L,3,3,2025-07-28,morning,7.05,27.6,,,,,
Block L,Block L,3,3,2025-07-29,afternoon,6.95,29.2,,,,,
Block L,Block L,3,3,2025-07-29,morning,6.97,27.9,,,,,
Block L,Block L,3,3,2025-07-30,afternoon,6.99,29.1,,,,,
Block L,Block L,4,4,2025-07-01,afternoon,6.84,28.3,,,,,
Block L,Block L,4,4,2025-07-01,morning,6.86,27.3,,,,,
Block L,Block L,4,4,2025-07-02,afternoon,6.63,27.8,,,,,
Block L,Block L,4,4,2025-07-02,morning,5.36,27.6,,,,,
Block L,Block L,4,4,2025-07-03,morning,6.98,26.5,,,,,
Block L,Block L,4,4,2025-07-04,afternoon,6.84,27.0,,,,,
Block L,Block L,4,4,2025-07-04,morning,6.95,26.7,,,,,
Block L,Block L,4,4,2025-07-08,afternoon,6.53,27.6,,,,,
Block L,Block L,4,4,2025-07-10,afternoon,6.82,27.6,,,,,
Block L,Block L,4,4,2025-07-10,morning,6.5,27.5,,,,,
Block L,Block L,4,4,2025-07-11,afternoon,6.1,31.0,,,,,
Block L,Block L,4,4,2025-07-15,afternoon,6.62,28.4,,,,,
Block L,Block L,4,4,2025-07-15,morning,6.39,27.4,,,,,
Block L,Block L,4,4,2025-07-16,afternoon,6.88,28.2,,,,,
Block L,Block L,4,4,2025-07-17,afternoon,6.19,28.9,,,,,
Block L,Block L,4,4,2025-07-17,morning,6.4,27.6,,,,,
Block L,Block L,4,4,2025-07-18,afternoon,6.5,29.0,,,,,
Block L,Block L,4,4,2025-07-18,morning,6.62,27.8,,,,,
Block L,Block L,4,4,2025-07-21,afternoon,6.65,28.8,,,,,
Block L,Block L,4,4,2025-07-21,morning,6.68,27.6,,,,,
Block L,Block L,4,4,2025-07-22,afternoon,6.72,28.4,,,,,
Block L,Block L,4,4,2025-07-23,afternoon,6.46,29.7,,,,,
Block L,Block L,4,4,2025-07-23,morning,6.07,27.3,,,,,
Block L,Block L,4,4,2025-07-24,afternoon,8.63,29.7,,,,,
Block L,Block L,4,4,2025-07-24,morning,8.74,28.3,,,,,
Block L,Block L,4,4,2025-07-25,afternoon,9.18,29.5,,,,,
Block L,Block L,4,4,2025-07-28,afternoon,6.72,29.0,,,,,
Block L,Block L,4,4,2025-07-28,morning,6.3,27.6,,,,,
Block L,Block L,4,4,2025-07-29,afternoon,6.7,29.2,,,,,
Block L,Block L,4,4,2025-07-29,morning,6.66,28.0,,,,,
Block L,Block L,4,4,2025-07-30,afternoon,5.44,29.4,,,,,
Block L,Block L,5,5,2025-07-01,afternoon,7.14,28.6,,,,,
Block L,Block L,5,5,2025-07-01,morning,7.12,27.6,6.73,1.45,1.9,0.133,
Block L,Block L,5,5,2025-07-02,afternoon,6.47,28.3,,,,,
Block L,Block L,5,5,2025-07-02,morning,7.18,27.6,,,,,
Block L,Block L,5,5,2025-07-03,morning,7.35,26.9,,,,,
Block L,Block L,5,5,2025-07-04,afternoon,7.28,28.1,,,,,
Block L,Block L,5,5,2025-07-04,morning,7.31,27.0,6.82,1.19,3.5,0.42,
Block L,Block L,5,5,2025-07-07,morning,,,6.67,1.25,3.1,,
Block L,Block L,5,5,2025-07-08,afternoon,7.08,28.1,,,,,
Block L,Block L,5,5,2025-07-10,afternoon,7.31,27.6,,,,,
Block L,Block L,5,5,2025-07-10,morning,7.16,27.5,,,,,
Block L,Block L,5,5,2025-07-11,afternoon,6.43,30.9,,,,,
Block L,Block L,5,5,2025-07-11,morning,,,6.39,3.8,3.5,2.55,
Block L,Block L,5,5,2025-07-15,afternoon,6.71,28.5,,,,,
Block L,Block L,5,5,2025-07-15,morning,6.64,27.4,,,,,
Block L,Block L,5,5,2025-07-16,afternoon,7.23,28.2,,,,,
Block L,Block L,5,5,2025-07-17,afternoon,6.87,28.8,,,,,
Block L,Block L,5,5,2025-07-17,morning,6.77,27.5,,,,,
Block L,Block L,5,5,2025-07-18,afternoon,6.81,29.1,,,,,
Block L,Block L,5,5,2025-07-18,morning,6.98,27.9,,,,,
Block L,Block L,5,5,2025-07-21,afternoon,6.91,29.0,,,,,
Block L,Block L,5,5,2025-07-21,morning,6.86,27.6,,,,,
Block L,Block L,5,5,2025-07-22,afternoon,6.7,28.5,,,,,
Block L,Block L,5,5,2025-07-23,afternoon,6.57,30.4,,,,,
Block L,Block L,5,5,2025-07-23,morning,6.4,27.4,,,,,
Block L,Block L,5,5,2025-07-24,afternoon,9.04,29.8,,,,,
Block L,Block L,5,5,2025-07-24,morning,9.12,28.8,,,,,
Block L,Block L,5,5,2025-07-25,afternoon,9.29,29.6,,,,,
Block L,Block L,5,5,2025-07-28,afternoon,6.9,29.3,,,,,
Block L,Block L,5,5,2025-07-28,morning,6.66,27.8,,,,,
Block L,Block L,5,5,2025-07-29,afternoon,6.19,29.3,,,,,
Block L,Block L,5,5,2025-07-29,morning,6.82,28.3,,,,,
Block L,Block L,5,5,2025-07-30,afternoon,4.09,29.6,,,,,
Block L,Block L,6,6,2025-07-04,afternoon,5.23,28.4,,,,,
Block L,Block L,6,6,2025-07-15,afternoon,6.34,28.1,,,,,
Block L,Block L,6,6,2025-07-15,morning,6.43,27.2,,,,,
Block L,Block L,6,6,2025-07-16,afternoon,6.27,28.1,,,,,
Block L,Block L,6,6,2025-07-17,afternoon,6.0,28.5,,,,,
Block L,Block L,6,6,2025-07-17,morning,6.29,27.6,,,,,
Block L,Block L,6,6,2025-07-18,afternoon,5.99,28.9,,,,,
Block L,Block L,6,6,2025-07-18,morning,6.34,27.9,,,,,
Block L,Block L,6,6,2025-07-21,afternoon,5.97,28.8,,,,,
Block L,Block L,6,6,2025-07-21,morning,6.33,27.7,,,,,
Block L,Block L,6,6,2025-07-22,afternoon,6.11,28.4,,,,,
Block L,Block L,6,6,2025-07-23,afternoon,5.52,30.6,,,,,
Block L,Block L,6,6,2025-07-23,morning,5.71,27.1,,,,,
Block L,Block L,6,6,2025-07-24,afternoon,7.52,29.6,,,,,
Block L,Block L,6,6,2025-07-24,morning,7.41,28.8,,,,,
Block L,Block L,6,6,2025-07-25,afternoon,7.93,29.6,,,,,
Block L,Block L,6,6,2025-07-28,afternoon,5.7,29.2,,,,,
Block L,Block L,6,6,2025-07-28,morning,5.55,27.8,7.26,2.4,,,
Block L,Block L,6,6,2025-07-29,afternoon,5.76,29.1,,,,,
Block L,Block L,6,6,2025-07-29,morning,5.81,28.3,,,,,
Block L,Block L,6,6,2025-07-30,afternoon,6.66,29.3,,,,,
Block L,Block L,7,7,2025-07-16,afternoon,6.37,29.2,,,,,
Block L,Block L,7,7,2025-07-17,afternoon,5.49,29.6,,,,,
Block L,Block L,7,7,2025-07-17,morning,6.02,28.2,,,,,
Block L,Block L,7,7,2025-07-18,afternoon,6.07,30.0,,,,,
Block L,Block L,7,7,2025-07-18,morning,5.42,28.6,,,,,
Block L,Block L,7,7,2025-07-21,afternoon,6.71,29.9,,,,,
Block L,Block L,7,7,2025-07-21,morning,5.67,28.2,,,,,
Block L,Block L,7,7,2025-07-22,afternoon,6.2,29.2,,,,,
Block L,Block L,7,7,2025-07-23,afternoon,5.7,29.9,,,,,
Block L,Block L,7,7,2025-07-23,morning,5.36,27.1,,,,,
Block L,Block L,7,7,2025-07-24,afternoon,6.15,30.5,,,,,
Block L,Block L,7,7,2025-07-24,morning,7.52,28.9,,,,,
Block L,Block L,7,7,2025-07-25,afternoon,7.71,30.6,,,,,
Block L,Block L,7,7,2025-07-28,afternoon,6.33,30.4,,,,,
Block L,Block L,7,7,2025-07-28,morning,5.18,28.3,,,,,
Block L,Block L,7,7,2025-07-29,afternoon,6.28,30.5,,,,,
Block L,Block L,7,7,2025-07-29,morning,5.57,28.8,,,,,
Block L,Block L,7,7,2025-07-30,afternoon,5.36,29.8,,,,,
Block L,Block L,8,8,2025-07-08,afternoon,6.65,28.8,,,,,
Block L,Block L,8,8,2025-07-10,afternoon,6.38,27.4,,,,,
Block L,Block L,8,8,2025-07-10,morning,6.3,27.4,,,,,
Block L,Block L,8,8,2025-07-11,afternoon,6.1,27.6,,,,,
Block L,Block L,8,8,2025-07-11,morning,6.28,26.8,,,,,
Block L,Block L,8,8,2025-07-15,afternoon,5.23,27.4,,,,,
Block L,Block L,8,8,2025-07-15,morning,5.22,27.0,,,,,
Block L,Block L,8,8,2025-07-16,afternoon,5.59,27.5,,,,,
Block L,Block L,8,8,2025-07-17,afternoon,5.47,27.8,,,,,
Block L,Block L,8,8,2025-07-17,morning,5.54,27.2,,,,,
Block L,Block L,8,8,2025-07-18,afternoon,5.25,31.4,,,,,
Block L,Block L,8,8,2025-07-18,morning,5.01,27.4,,,,,
Block L,Block L,8,8,2025-07-21,afternoon,6.0,28.0,,,,,
Block L,Block L,8,8,2025-07-21,morning,6.41,27.3,,,,,
Block L,Block L,8,8,2025-07-22,afternoon,4.27,28.1,,,,,
Block L,Block L,8,8,2025-07-23,afternoon,6.35,28.1,,,,,
Block L,Block L,8,8,2025-07-23,morning,5.56,27.2,,,,,
Block L,Block L,8,8,2025-07-24,afternoon,7.09,28.2,,,,,
Block L,Block L,8,8,2025-07-24,morning,7.83,27.4,,,,,
Block L,Block L,8,8,2025-07-25,afternoon,8.03,29.4,,,,,
Block L,Block L,8,8,2025-07-28,afternoon,5.81,31.3,,,,,
Block L,Block L,8,8,2025-07-28,morning,5.85,27.6,,,,,
Block L,Block L,8,8,2025-07-29,afternoon,5.57,29.5,,,,,
Block L,Block L,8,8,2025-07-29,morning,5.72,28.8,,,,,
Block L,Block L,8,8,2025-07-30,afternoon,6.33,29.4,,,,,
Block L,Block L,9,9,2025-07-08,afternoon,6.91,28.6,,,,,
Block L,Block L,9,9,2025-07-10,afternoon,6.63,27.3,,,,,
Block L,Block L,9,9,2025-07-10,morning,6.36,27.3,,,,,
Block L,Block L,9,9,2025-07-11,afternoon,6.13,27.9,,,,,
Block L,Block L,9,9,2025-07-11,morning,7.06,26.8,,,,,
Block L,Block L,9,9,2025-07-15,afternoon,5.48,27.4,,,,,
Block L,Block L,9,9,2025-07-15,morning,5.51,27.0,,,,,
Block L,Block L,9,9,2025-07-16,afternoon,5.71,27.4,,,,,
Block L,Block L,9,9,2025-07-17,afternoon,5.51,27.7,,,,,
Block L,Block L,9,9,2025-07-17,morning,5.8,27.2,,,,,
Block L,Block L,9,9,2025-07-18,afternoon,4.8,31.4,,,,,
Block L,Block L,9,9,2025-07-18,morning,5.01,27.4,,,,,
Block L,Block L,9,9,2025-07-21,afternoon,5.24,27.9,,,,,
Block L,Block L,9,9,2025-07-21,morning,6.22,27.3,,,,,
Block L,Block L,9,9,2025-07-22,afternoon,4.69,27.8,,,,,
Block L,Block L,9,9,2025-07-23,afternoon,5.14,27.8,,,,,
Block L,Block L,9,9,2025-07-23,morning,6.48,27.5,,,,,
Block L,Block L,9,9,2025-07-24,afternoon,7.13,28.1,,,,,
Block L,Block L,9,9,2025-07-24,morning,7.74,27.4,,,,,
Block L,Block L,9,9,2025-07-25,afternoon,7.98,29.0,,,,,
Block L,Block L,9,9,2025-07-28,afternoon,6.63,31.0,,,,,
Block L,Block L,9,9,2025-07-28,morning,6.13,27.5,6.94,2.44,,,
Block L,Block L,9,9,2025-07-29,afternoon,6.77,29.0,,,,,
Block L,Block L,9,9,2025-07-29,morning,6.67,28.6,,,,,
Block L,Block L,9,9,2025-07-30,afternoon,4.99,29.6,,,,,
Block L,Block L,10,10,2025-07-08,afternoon,6.14,28.8,,,,,
Block L,Block L,10,10,2025-07-10,afternoon,6.25,27.5,,,,,
Block L,Block L,10,10,2025-07-10,morning,6.35,27.5,,,,,
Block L,Block L,10,10,2025-07-11,afternoon,6.41,28.1,,,,,
Block L,Block L,10,10,2025-07-11,morning,6.8,27.0,,,,,
Block L,Block L,10,10,2025-07-15,afternoon,5.87,28.0,,,,,
Block L,Block L,10,10,2025-07-15,morning,5.8,27.2,,,,,
Block L,Block L,10,10,2025-07-16,afternoon,6.08,27.7,,,,,
Block L,Block L,10,10,2025-07-17,afternoon,5.76,28.4,,,,,
Block L,Block L,10,10,2025-07-17,morning,6.21,27.4,,,,,
Block L,Block L,10,10,2025-07-18,afternoon,5.45,31.4,,,,,
Block L,Block L,10,10,2025-07-18,morning,5.67,27.5,,,,,
Block L,Block L,10,10,2025-07-21,afternoon,6.14,28.6,,,,,
Block L,Block L,10,10,2025-07-21,morning,6.74,27.5,,,,,
Block L,Block L,10,10,2025-07-22,afternoon,5.75,28.3,,,,,
Block L,Block L,10,10,2025-07-23,afternoon,5.34,29.3,,,,,
Block L,Block L,10,10,2025-07-23,morning,6.27,27.3,,,,,
Block L,Block L,10,10,2025-07-24,afternoon,8.04,28.5,,,,,
Block L,Block L,10,10,2025-07-24,morning,8.27,27.4,,,,,
Block L,Block L,10,10,2025-07-25,afternoon,8.24,29.2,,,,,
Block L,Block L,10,10,2025-07-28,afternoon,6.24,30.9,,,,,
Block L,Block L,10,10,2025-07-28,morning,6.16,27.6,,,,,
Block L,Block L,10,10,2025-07-29,afternoon,5.9,29.4,,,,,
Block L,Block L,10,10,2025-07-29,morning,6.02,28.7,,,,,
Block L,Block L,10,10,2025-07-30,afternoon,4.36,29.7,,,,,
Block L,Block L,11,11,2025-07-01,afternoon,5.7,29.7,,,,,
Block L,Block L,11,11,2025-07-01,morning,6.31,27.4,6.74,1.65,1.4,0.028,
Block L,Block L,11,11,2025-07-02,afternoon,5.18,28.6,,,,,
Block L,Block L,11,11,2025-07-02,morning,5.78,27.8,,,,,
Block L,Block L,11,11,2025-07-03,morning,4.84,27.0,,,,,
Block L,Block L,11,11,2025-07-04,afternoon,4.54,28.3,,,,,
Block L,Block L,11,11,2025-07-04,morning,4.75,27.1,,,,,
Block L,Block L,11,11,2025-07-07,morning,,,6.54,4.1,1.7,0.034,
Block L,Block L,11,11,2025-07-08,afternoon,5.72,27.8,,,,,
Block L,Block L,11,11,2025-07-10,afternoon,5.77,28.3,,,,,
Block L,Block L,11,11,2025-07-10,morning,6.1,28.2,,,,,
Block L,Block L,11,11,2025-07-11,afternoon,5.56,28.6,,,,,
Block L,Block L,11,11,2025-07-11,morning,5.86,27.2,6.53,2.64,0.8,0.092,
Block L,Block L,11,11,2025-07-15,afternoon,5.3,28.4,,,,,
Block L,Block L,11,11,2025-07-15,morning,5.12,27.6,6.97,0.4,2.6,0.415,
Block L,Block L,11,11,2025-07-16,afternoon,5.13,28.3,,,,,
Block L,Block L,11,11,2025-07-17,afternoon,6.0,29.6,,,,,
Block L,Block L,11,11,2025-07-17,morning,5.36,28.7,,,,,
Block L,Block L,11,11,2025-07-18,afternoon,6.1,29.0,,,,,
Block L,Block L,11,11,2025-07-18,morning,6.42,28.0,,,,,
Block L,Block L,11,11,2025-07-21,afternoon,6.42,28.7,,,,,
Block L,Block L,11,11,2025-07-21,morning,7.22,27.4,,,,,
Block L,Block L,11,11,2025-07-22,afternoon,6.39,28.4,,,,,
Block L,Block L,11,11,2025-07-23,afternoon,6.21,31.4,,,,,
Block L,Block L,11,11,2025-07-23,morning,6.76,27.3,,,,,
Block L,Block L,11,11,2025-07-24,afternoon,8.82,28.8,,,,,
Block L,Block L,11,11,2025-07-24,morning,8.63,27.5,,,,,
Block L,Block L,11,11,2025-07-25,afternoon,7.79,29.9,,,,,
Block L,Block L,11,11,2025-07-28,afternoon,6.47,28.9,,,,,
Block L,Block L,11,11,2025-07-28,morning,6.25,27.6,6.89,0.14,,,
Block L,Block L,11,11,2025-07-29,afternoon,5.81,29.0,,,,,
Block L,Block L,11,11,2025-07-29,morning,6.13,27.9,,,,,
Block L,Block L,11,11,2025-07-30,afternoon,6.47,29.1,,,,,
Block L,Block L,12,12,2025-07-01,afternoon,6.5,29.8,,,,,
Block L,Block L,12,12,2025-07-01,morning,7.09,27.5,6.63,2.7,1.9,0.019,
Block L,Block L,12,12,2025-07-02,afternoon,5.19,28.5,,,,,
Block L,Block L,12,12,2025-07-02,morning,6.58,27.8,,,,,
Block L,Block L,12,12,2025-07-03,morning,6.64,26.8,,,,,
Block L,Block L,12,12,2025-07-04,afternoon,5.98,28.1,,,,,
Block L,Block L,12,12,2025-07-04,morning,6.38,26.9,,,,,
Block L,Block L,12,12,2025-07-07,morning,,,6.71,1.22,1.1,0.047,
Block L,Block L,12,12,2025-07-08,afternoon,6.43,27.9,,,,,
Block L,Block L,12,12,2025-07-10,afternoon,6.59,28.2,,,,,
Block L,Block L,12,12,2025-07-10,morning,6.14,28.2,,,,,
Block L,Block L,12,12,2025-07-11,afternoon,6.0,28.5,,,,,
Block L,Block L,12,12,2025-07-11,morning,6.54,27.3,6.62,0.91,1.0,0.096,
Block L,Block L,12,12,2025-07-15,afternoon,6.49,28.4,,,,,
Block L,Block L,12,12,2025-07-15,morning,6.55,27.5,7.01,0.9,1.3,0.253,
Block L,Block L,12,12,2025-07-16,afternoon,6.62,28.3,,,,,
Block L,Block L,12,12,2025-07-17,afternoon,5.86,29.5,,,,,
Block L,Block L,12,12,2025-07-17,morning,6.23,28.7,,,,,
Block L,Block L,12,12,2025-07-18,afternoon,6.31,29.0,,,,,
Block L,Block L,12,12,2025-07-18,morning,6.35,28.1,,,,,
Block L,Block L,12,12,2025-07-21,afternoon,6.7,28.7,,,,,
Block L,Block L,12,12,2025-07-21,morning,6.82,27.4,,,,,
Block L,Block L,12,12,2025-07-22,afternoon,6.16,28.5,,,,,
Block L,Block L,12,12,2025-07-23,afternoon,6.23,31.3,,,,,
Block L,Block L,12,12,2025-07-23,morning,6.33,27.2,,,,,
Block L,Block L,12,12,2025-07-24,afternoon,8.8,28.7,,,,,
Block L,Block L,12,12,2025-07-24,morning,9.21,27.4,,,,,
Block L,Block L,12,12,2025-07-25,afternoon,8.01,29.9,,,,,
Block L,Block L,12,12,2025-07-28,afternoon,6.82,29.0,,,,,
Block L,Block L,12,12,2025-07-28,morning,6.4,27.5,6.85,0.38,,,
Block L,Block L,12,12,2025-07-29,afternoon,6.25,29.0,,,,,
Block L,Block L,12,12,2025-07-29,morning,6.34,27.8,,,,,
Block L,Block L,12,12,2025-07-30,afternoon,5.55,29.4,,,,,
Block L,Block L,13,13,2025-07-01,afternoon,6.12,29.6,,,,,
Block L,Block L,13,13,2025-07-01,morning,6.5,28.1,6.73,6.0,5.0,0.97,
Block L,Block L,13,13,2025-07-02,afternoon,6.93,29.1,,,,,
Block L,Block L,13,13,2025-07-02,morning,6.24,28.2,,,,,
Block L,Block L,13,13,2025-07-03,morning,7.28,27.1,,,,,
Block L,Block L,13,13,2025-07-04,afternoon,6.46,28.7,,,,,
Block L,Block L,13,13,2025-07-04,morning,6.92,26.9,6.91,0.93,1.4,0.148,
Block L,Block L,13,13,2025-07-07,morning,,,6.7,2.0,3.9,0.8,
Block L,Block L,13,13,2025-07-08,afternoon,6.68,28.6,,,,,
Block L,Block L,13,13,2025-07-10,afternoon,7.09,28.1,,,,,
Block L,Block L,13,13,2025-07-10,morning,7.34,28.0,,,,,
Block L,Block L,13,13,2025-07-11,afternoon,6.28,31.3,,,,,
Block L,Block L,13,13,2025-07-11,morning,4.68,30.2,6.68,4.63,4.9,0.112,
Block L,Block L,13,13,2025-07-15,afternoon,6.19,29.1,,,,,
Block L,Block L,13,13,2025-07-15,morning,6.17,28.1,,,,,
Block L,Block L,13,13,2025-07-16,afternoon,5.824,29.1,,,,,
Block L,Block L,13,13,2025-07-17,afternoon,5.84,29.6,,,,,
Block L,Block L,13,13,2025-07-17,morning,6.05,28.6,,,,,
Block L,Block L,13,13,2025-07-18,afternoon,5.28,30.0,,,,,
Block L,Block L,13,13,2025-07-18,morning,5.73,28.5,,,,,
Block L,Block L,13,13,2025-07-21,afternoon,6.35,29.9,,,,,
Block L,Block L,13,13,2025-07-21,morning,6.69,28.2,,,,,
Block L,Block L,13,13,2025-07-22,afternoon,5.82,29.2,,,,,
Block L,Block L,13,13,2025-07-23,afternoon,5.66,31.2,,,,,
Block L,Block L,13,13,2025-07-23,morning,5.23,27.6,,,,,
Block L,Block L,13,13,2025-07-24,afternoon,8.55,30.0,,,,,
Block L,Block L,13,13,2025-07-24,morning,8.77,28.3,,,,,
Block L,Block L,13,13,2025-07-25,afternoon,8.84,30.5,,,,,
Block L,Block L,13,13,2025-07-28,afternoon,6.12,31.7,,,,,
Block L,Block L,13,13,2025-07-28,morning,6.86,28.5,,,,,
Block L,Block L,13,13,2025-07-29,afternoon,5.75,30.7,,,,,
Block L,Block L,13,13,2025-07-29,morning,5.93,29.4,,,,,
Block L,Block L,13,13,2025-07-30,afternoon,5.55,29.4,,,,,
Block L,Block L,14,14,2025-07-01,afternoon,6.27,29.0,,,,,
Block L,Block L,14,14,2025-07-01,morning,6.26,27.9,6.73,1.9,3.4,0.5,
Block L,Block L,14,14,2025-07-02,afternoon,6.59,30.5,,,,,
Block L,Block L,14,14,2025-07-02,morning,6.35,27.9,,,,,
Block L,Block L,14,14,2025-07-03,morning,6.93,27.6,,,,,
Block L,Block L,14,14,2025-07-04,afternoon,6.51,28.5,,,,,
Block L,Block L,14,14,2025-07-04,morning,6.86,27.2,6.95,0.61,1.0,0.086,
Block L,Block L,14,14,2025-07-08,afternoon,6.6,28.0,,,,,
Block L,Block L,14,14,2025-07-10,afternoon,7.17,27.7,,,,,
Block L,Block L,14,14,2025-07-10,morning,6.89,27.7,,,,,
Block L,Block L,14,14,2025-07-11,afternoon,6.33,30.7,,,,,
Block L,Block L,14,14,2025-07-11,morning,6.27,29.7,,,,,
Block L,Block L,14,14,2025-07-15,afternoon,5.67,28.8,,,,,
Block L,Block L,14,14,2025-07-15,morning,5.61,27.8,,,,,
Block L,Block L,14,14,2025-07-16,afternoon,5.64,28.7,,,,,
Block L,Block L,14,14,2025-07-17,afternoon,5.47,29.2,,,,,
Block L,Block L,14,14,2025-07-17,morning,5.17,28.1,,,,,
Block L,Block L,14,14,2025-07-18,afternoon,5.25,29.3,,,,,
Block L,Block L,14,14,2025-07-18,morning,5.15,28.3,,,,,
Block L,Block L,14,14,2025-07-21,afternoon,6.12,29.1,,,,,
Block L,Block L,14,14,2025-07-21,morning,6.72,28.0,,,,,
Block L,Block L,14,14,2025-07-22,afternoon,5.59,28.8,,,,,
Block L,Block L,14,14,2025-07-23,afternoon,4.96,32.0,,,,,
Block L,Block L,14,14,2025-07-23,morning,6.5,27.4,,,,,
Block L,Block L,14,14,2025-07-24,afternoon,8.06,29.2,,,,,
Block L,Block L,14,14,2025-07-24,morning,8.19,27.9,,,,,
Block L,Block L,14,14,2025-07-25,afternoon,8.31,29.7,,,,,
Block L,Block L,14,14,2025-07-28,afternoon,6.16,31.6,,,,,
Block L,Block L,14,14,2025-07-28,morning,6.69,27.9,,,,,
Block L,Block L,14,14,2025-07-29,afternoon,5.87,30.1,,,,,
Block L,Block L,14,14,2025-07-29,morning,6.06,29.2,,,,,
Block L,Block L,14,14,2025-07-30,afternoon,4.75,29.3,,,,,
Block L,Block L,15,15,2025-07-02,afternoon,7.02,29.1,,,,,
Block L,Block L,15,15,2025-07-03,morning,7.3,27.0,,,,,
Block L,Block L,15,15,2025-07-04,afternoon,6.47,28.5,,,,,
Block L,Block L,15,15,2025-07-04,morning,7.05,27.0,,,,,
Block L,Block L,15,15,2025-07-08,afternoon,6.87,27.9,,,,,
Block L,Block L,15,15,2025-07-10,afternoon,6.78,27.6,,,,,
Block L,Block L,15,15,2025-07-10,morning,7.28,27.5,,,,,
Block L,Block L,15,15,2025-07-11,afternoon,6.3,30.9,,,,,
Block L,Block L,15,15,2025-07-15,afternoon,5.72,28.9,,,,,
Block L,Block L,15,15,2025-07-15,morning,5.46,27.8,,,,,
Block L,Block L,15,15,2025-07-16,afternoon,5.97,28.8,,,,,
Block L,Block L,15,15,2025-07-17,afternoon,5.88,29.7,,,,,
Block L,Block L,15,15,2025-07-17,morning,5.82,28.2,,,,,
Block L,Block L,15,15,2025-07-18,afternoon,5.53,29.5,,,,,
Block L,Block L,15,15,2025-07-18,morning,5.24,28.4,,,,,
Block L,Block L,15,15,2025-07-21,afternoon,6.22,29.3,,,,,
Block L,Block L,15,15,2025-07-21,morning,6.46,27.9,,,,,
Block L,Block L,15,15,2025-07-22,afternoon,5.61,28.8,,,,,
Block L,Block L,15,15,2025-07-23,afternoon,4.76,32.0,,,,,
Block L,Block L,15,15,2025-07-23,morning,6.6,27.2,,,,,
Block L,Block L,15,15,2025-07-24,afternoon,8.42,29.3,,,,,
Block L,Block L,15,15,2025-07-24,morning,8.34,27.8,,,,,
Block L,Block L,15,15,2025-07-25,afternoon,9.04,29.8,,,,,
Block L,Block L,15,15,2025-07-28,afternoon,5.98,32.3,,,,,
Block L,Block L,15,15,2025-07-28,morning,6.74,27.8,7.13,8.5,,,
Block L,Block L,15,15,2025-07-29,afternoon,5.79,30.3,,,,,
Block L,Block L,15,15,2025-07-29,morning,6.03,29.4,,,,,
Block L,Block L,15,15,2025-07-30,afternoon,6.66,29.2,,,,,
Block L,Block L,16,16,2025-07-08,afternoon,6.53,29.2,,,,,
Block L,Block L,16,16,2025-07-10,afternoon,6.91,27.8,,,,,
Block L,Block L,16,16,2025-07-10,morning,6.83,27.6,,,,,
Block L,Block L,16,16,2025-07-11,afternoon,6.35,28.5,,,,,
Block L,Block L,16,16,2025-07-11,morning,6.54,27.1,,,,,
Block L,Block L,16,16,2025-07-15,afternoon,6.27,28.6,,,,,
Block L,Block L,16,16,2025-07-15,morning,6.1,27.5,,,,,
Block L,Block L,16,16,2025-07-16,afternoon,6.18,28.4,,,,,
Block L,Block L,16,16,2025-07-17,afternoon,5.83,29.2,,,,,
Block L,Block L,16,16,2025-07-17,morning,5.95,27.8,,,,,
Block L,Block L,16,16,2025-07-18,afternoon,5.52,29.4,,,,,
Block L,Block L,16,16,2025-07-18,morning,5.73,28.1,,,,,
Block L,Block L,16,16,2025-07-21,afternoon,6.06,29.3,,,,,
Block L,Block L,16,16,2025-07-21,morning,6.75,27.8,,,,,
Block L,Block L,16,16,2025-07-22,afternoon,5.51,28.8,,,,,
Block L,Block L,16,16,2025-07-23,afternoon,5.44,32.0,,,,,
Block L,Block L,16,16,2025-07-23,morning,6.79,27.0,,,,,
Block L,Block L,16,16,2025-07-24,afternoon,8.13,29.7,,,,,
Block L,Block L,16,16,2025-07-24,morning,9.29,28.3,,,,,
Block L,Block L,16,16,2025-07-25,afternoon,8.89,29.7,,,,,
Block L,Block L,16,16,2025-07-28,afternoon,6.36,29.4,,,,,
Block L,Block L,16,16,2025-07-28,morning,6.41,27.7,,,,,
Block L,Block L,16,16,2025-07-29,afternoon,6.19,29.6,,,,,
Block L,Block L,16,16,2025-07-29,morning,6.28,28.4,,,,,
Block L,Block L,16,16,2025-07-30,afternoon,5.78,29.7,,,,,
Block L,Block L,17,17,2025-07-01,afternoon,6.57,29.4,,,,,
Block L,Block L,17,17,2025-07-01,morning,7.23,27.6,,,,,
Block L,Block L,17,17,2025-07-04,afternoon,5.96,28.6,,,,,
Block L,Block L,17,17,2025-07-08,afternoon,6.4,28.0,,,,,
Block L,Block L,17,17,2025-07-10,afternoon,6.42,28.3,,,,,
Block L,Block L,17,17,2025-07-10,morning,6.64,28.3,,,,,
Block L,Block L,17,17,2025-07-11,afternoon,6.26,30.5,,,,,
Block L,Block L,17,17,2025-07-11,morning,6.94,29.4,,,,,
Block L,Block L,17,17,2025-07-15,afternoon,6.22,28.8,,,,,
Block L,Block L,17,17,2025-07-15,morning,6.73,27.6,,,,,
Block L,Block L,17,17,2025-07-16,afternoon,6.51,28.6,,,,,
Block L,Block L,17,17,2025-07-17,afternoon,5.72,29.7,,,,,
Block L,Block L,17,17,2025-07-17,morning,6.03,28.9,,,,,
Block L,Block L,17,17,2025-07-18,afternoon,5.68,29.4,,,,,
Block L,Block L,17,17,2025-07-18,morning,6.0,28.3,,,,,
Block L,Block L,17,17,2025-07-21,afternoon,6.48,28.9,,,,,
Block L,Block L,17,17,2025-07-21,morning,6.83,27.6,,,,,
Block L,Block L,17,17,2025-07-22,afternoon,5.31,28.6,,,,,
Block L,Block L,17,17,2025-07-23,afternoon,4.19,32.0,,,,,
Block L,Block L,17,17,2025-07-23,morning,5.71,27.3,,,,,
Block L,Block L,17,17,2025-07-24,afternoon,8.7,29.1,,,,,
Block L,Block L,17,17,2025-07-24,morning,9.81,27.7,,,,,
Block L,Block L,17,17,2025-07-25,afternoon,9.48,30.1,,,,,
Block L,Block L,17,17,2025-07-28,afternoon,6.69,29.3,,,,,
Block L,Block L,17,17,2025-07-28,morning,6.89,27.7,7.1,1.95,,,
Block L,Block L,17,17,2025-07-29,afternoon,5.44,29.4,,,,,
Block L,Block L,17,17,2025-07-29,morning,5.83,28.3,,,,,
Block L,Block L,17,17,2025-07-30,afternoon,6.75,29.6,,,,,
Block L,Block L,18,18,2025-07-01,afternoon,6.73,28.9,,,,,
Block L,Block L,18,18,2025-07-01,morning,7.26,27.7,6.78,1.0,2.3,0.074,
Block L,Block L,18,18,2025-07-02,afternoon,6.93,28.4,,,,,
Block L,Block L,18,18,2025-07-02,morning,5.12,28.1,,,,,
Block L,Block L,18,18,2025-07-03,morning,6.9,26.8,,,,,
Block L,Block L,18,18,2025-07-04,afternoon,7.04,28.3,,,,,
Block L,Block L,18,18,2025-07-04,morning,7.27,27.0,6.89,2.46,3.1,0.62,
Block L,Block L,18,18,2025-07-08,afternoon,6.92,28.0,,,,,
Block L,Block L,18,18,2025-07-10,afternoon,6.82,27.8,,,,,
Block L,Block L,18,18,2025-07-10,morning,6.89,27.7,,,,,
Block L,Block L,18,18,2025-07-11,afternoon,6.06,30.7,,,,,
Block L,Block L,18,18,2025-07-11,morning,5.8,30.1,,,,,
Block L,Block L,18,18,2025-07-15,afternoon,6.35,28.6,,,,,
Block L,Block L,18,18,2025-07-15,morning,6.6,27.5,,,,,
Block L,Block L,18,18,2025-07-16,afternoon,6.86,28.4,,,,,
Block L,Block L,18,18,2025-07-17,afternoon,6.46,29.0,,,,,
Block L,Block L,18,18,2025-07-17,morning,6.93,27.7,,,,,
Block L,Block L,18,18,2025-07-18,afternoon,6.69,29.2,,,,,
Block L,Block L,18,18,2025-07-18,morning,6.62,28.1,,,,,
Block L,Block L,18,18,2025-07-21,afternoon,6.68,29.0,,,,,
Block L,Block L,18,18,2025-07-21,morning,6.79,27.7,,,,,
Block L,Block L,18,18,2025-07-22,afternoon,6.35,28.8,,,,,
Block L,Block L,18,18,2025-07-23,afternoon,4.7,31.9,,,,,
Block L,Block L,18,18,2025-07-23,morning,5.32,27.0,,,,,
Block L,Block L,18,18,2025-07-24,afternoon,9.0,29.6,,,,,
Block L,Block L,18,18,2025-07-24,morning,9.24,28.3,,,,,
Block L,Block L,18,18,2025-07-25,afternoon,9.22,29.6,,,,,
Block L,Block L,18,18,2025-07-28,afternoon,6.7,29.3,,,,,
Block L,Block L,18,18,2025-07-28,morning,6.32,27.6,,,,,
Block L,Block L,18,18,2025-07-29,afternoon,6.71,29.6,,,,,
Block L,Block L,18,18,2025-07-29,morning,6.52,28.1,,,,,
Block L,Block L,18,18,2025-07-30,afternoon,5.44,29.2,,,,,
Block L,Block L,19,19,2025-07-01,afternoon,6.72,29.5,,,,,
Block L,Block L,19,19,2025-07-01,morning,6.66,28.3,,,,,
Block L,Block L,19,19,2025-07-02,afternoon,6.54,28.8,,,,,
Block L,Block L,19,19,2025-07-02,morning,6.76,28.2,,,,,
Block L,Block L,19,19,2025-07-03,morning,7.13,27.2,,,,,
Block L,Block L,19,19,2025-07-04,afternoon,6.86,28.7,,,,,
Block L,Block L,19,19,2025-07-04,morning,7.09,27.4,,,,,
Block L,Block L,19,19,2025-07-07,morning,,,6.42,2.27,6.0,1.3,
Block L,Block L,19,19,2025-07-08,afternoon,6.6,28.5,,,,,
Block L,Block L,19,19,2025-07-10,afternoon,7.17,28.3,,,,,
Block L,Block L,19,19,2025-07-10,morning,7.23,28.2,,,,,
Block L,Block L,19,19,2025-07-11,afternoon,7.12,29.2,,,,,
Block L,Block L,19,19,2025-07-11,morning,7.52,27.0,6.7,10.94,1.4,0.087,
Block L,Block L,19,19,2025-07-15,afternoon,6.71,29.3,,,,,
Block L,Block L,19,19,2025-07-15,morning,6.71,27.7,,,,,
Block L,Block L,19,19,2025-07-16,afternoon,7.38,29.0,,,,,
Block L,Block L,19,19,2025-07-17,afternoon,6.37,29.8,,,,,
Block L,Block L,19,19,2025-07-17,morning,6.18,28.2,,,,,
Block L,Block L,19,19,2025-07-18,afternoon,6.12,30.1,,,,,
Block L,Block L,19,19,2025-07-18,morning,6.0,28.6,,,,,
Block L,Block L,19,19,2025-07-21,afternoon,7.01,26.7,,,,,
Block L,Block L,19,19,2025-07-21,morning,7.06,27.9,,,,,
Block L,Block L,19,19,2025-07-22,afternoon,6.13,29.2,,,,,
Block L,Block L,19,19,2025-07-23,afternoon,5.55,31.9,,,,,
Block L,Block L,19,19,2025-07-23,morning,6.33,27.1,,,,,
Block L,Block L,19,19,2025-07-24,afternoon,8.75,30.1,,,,,
Block L,Block L,19,19,2025-07-24,morning,8.97,28.7,,,,,
Block L,Block L,19,19,2025-07-25,afternoon,8.07,30.3,,,,,
Block L,Block L,19,19,2025-07-28,afternoon,6.81,29.8,,,,,
Block L,Block L,19,19,2025-07-28,morning,6.27,28.1,,,,,
Block L,Block L,19,19,2025-07-29,afternoon,6.66,30.2,,,,,
Block L,Block L,19,19,2025-07-29,morning,6.54,28.6,,,,,
Block L,Block L,19,19,2025-07-30,afternoon,6.96,29.7,,,,,
Fish Tank 1,Fish Tanks,1,1,2025-07-01,morning,3.32,28.6,6.92,7.0,6.8,1.29,
Fish Tank 1,Fish Tanks,1,1,2025-07-02,morning,4.7,28.5,,,,,
Fish Tank 1,Fish Tanks,1,1,2025-07-03,morning,5.96,27.9,,,,,
Fish Tank 1,Fish Tanks,1,1,2025-07-04,morning,6.22,28.1,7.38,4.1,,0.166,
Fish Tank 1,Fish Tanks,1,1,2025-07-07,morning,5.78,29.0,,,,,
Fish Tank 1,Fish Tanks,2,2,2025-07-01,afternoon,2.42,30.6,,,,,
Fish Tank 1,Fish Tanks,2,2,2025-07-01,morning,3.08,28.6,,,,,
Fish Tank 1,Fish Tanks,2,2,2025-07-02,afternoon,3.1,31.5,,,,,
Fish Tank 1,Fish Tanks,2,2,2025-07-02,morning,3.96,28.6,,,,,
Fish Tank 1,Fish Tanks,2,2,2025-07-03,morning,5.79,27.8,,,,,
Fish Tank 1,Fish Tanks,2,2,2025-07-04,afternoon,3.98,29.7,,,,,
Fish Tank 1,Fish Tanks,2,2,2025-07-04,morning,6.04,27.9,,,,,
Fish Tank 1,Fish Tanks,2,2,2025-07-07,morning,5.49,29.0,,,,,
Fish Tank 1,Fish Tanks,5,5,2025-07-01,afternoon,3.84,29.7,,,,,
Fish Tank 1,Fish Tanks,5,5,2025-07-01,morning,4.51,28.3,,,,,
Fish Tank 1,Fish Tanks,5,5,2025-07-02,afternoon,4.31,31.3,,,,,
Fish Tank 1,Fish Tanks,5,5,2025-07-02,morning,5.33,28.3,,,,,
Fish Tank 1,Fish Tanks,5,5,2025-07-03,morning,5.48,27.9,,,,,
Fish Tank 1,Fish Tanks,5,5,2025-07-04,afternoon,3.95,29.4,,,,,
Fish Tank 1,Fish Tanks,5,5,2025-07-04,morning,5.89,27.9,,,,,
Fish Tank 1,Fish Tanks,5,5,2025-07-07,morning,5.41,28.8,7.74,8.3,5.5,1.53,
Fish Tank 1,Fish Tanks,7,7,2025-07-01,afternoon,3.51,29.6,,,,,
Fish Tank 1,Fish Tanks,7,7,2025-07-01,morning,3.71,28.2,,,,,
Fish Tank 1,Fish Tanks,7,7,2025-07-02,afternoon,3.52,31.3,,,,,
Fish Tank 1,Fish Tanks,7,7,2025-07-02,morning,5.0,28.3,,,,,
Fish Tank 1,Fish Tanks,7,7,2025-07-03,morning,5.27,28.0,,,,,
Fish Tank 1,Fish Tanks,7,7,2025-07-04,afternoon,3.96,29.4,,,,,
Fish Tank 1,Fish Tanks,7,7,2025-07-04,morning,5.34,28.0,,,,,
Fish Tank 1,Fish Tanks,7,7,2025-07-07,morning,5.04,28.7,,,,,
Fish Tank 1,Fish Tanks,8,8,2025-07-01,afternoon,3.34,31.2,,,,,
Fish Tank 1,Fish Tanks,8,8,2025-07-01,morning,3.94,28.4,6.77,5.3,8.1,2.9,
Fish Tank 1,Fish Tanks,8,8,2025-07-02,afternoon,3.55,31.3,,,,,
Fish Tank 1,Fish Tanks,8,8,2025-07-02,morning,5.19,28.2,,,,,
Fish Tank 1,Fish Tanks,8,8,2025-07-03,morning,5.06,28.0,,,,,
Fish Tank 1,Fish Tanks,8,8,2025-07-04,afternoon,3.29,29.4,,,,,
Fish Tank 1,Fish Tanks,8,8,2025-07-04,morning,5.33,28.0,7.23,2.9,2.4,0.13,
Fish Tank 1,Fish Tanks,8,8,2025-07-07,morning,4.59,28.8,,,,,
Fish Tank 1,Fish Tanks,9,9,2025-07-01,afternoon,4.06,29.7,,,,,
Fish Tank 1,Fish Tanks,9,9,2025-07-01,morning,4.45,28.2,,,,,
Fish Tank 1,Fish Tanks,9,9,2025-07-02,afternoon,3.88,31.3,,,,,
Fish Tank 1,Fish Tanks,9,9,2025-07-02,morning,5.66,28.3,,,,,
Fish Tank 1,Fish Tanks,9,9,2025-07-03,morning,5.42,28.0,,,,,
Fish Tank 1,Fish Tanks,9,9,2025-07-04,afternoon,4.05,29.4,,,,,
Fish Tank 1,Fish Tanks,9,9,2025-07-04,morning,5.95,27.9,,,,,
Fish Tank 1,Fish Tanks,9,9,2025-07-07,morning,5.61,28.7,,,,,
Fish Tank 1,Fish Tanks,10,10,2025-07-01,afternoon,2.81,29.6,,,,,
Fish Tank 1,Fish Tanks,10,10,2025-07-01,morning,3.69,28.3,,,,,
Fish Tank 1,Fish Tanks,10,10,2025-07-02,afternoon,3.86,31.4,,,,,
Fish Tank 1,Fish Tanks,10,10,2025-07-02,morning,4.34,28.5,,,,,
Fish Tank 1,Fish Tanks,10,10,2025-07-03,morning,5.11,28.1,,,,,
Fish Tank 1,Fish Tanks,10,10,2025-07-04,afternoon,3.0,29.5,,,,,
Fish Tank 1,Fish Tanks,10,10,2025-07-04,morning,5.38,28.1,,,,,
Fish Tank 1,Fish Tanks,10,10,2025-07-07,morning,4.45,28.9,7.34,9.4,9.0,2.99,
Fish Tank 1,Fish Tanks,11,11,2025-07-01,afternoon,2.87,30.0,,,,,
Fish Tank 1,Fish Tanks,11,11,2025-07-01,morning,3.76,28.5,,,,,
Fish Tank 1,Fish Tanks,11,11,2025-07-02,afternoon,3.21,31.5,,,,,
Fish Tank 1,Fish Tanks,11,11,2025-07-02,morning,4.35,28.6,,,,,
Fish Tank 1,Fish Tanks,11,11,2025-07-03,morning,5.08,28.1,,,,,
Fish Tank 1,Fish Tanks,11,11,2025-07-04,afternoon,3.23,29.6,,,,,
Fish Tank 1,Fish Tanks,11,11,2025-07-04,morning,5.64,28.2,,,,,
Fish Tank 1,Fish Tanks,11,11,2025-07-07,morning,4.87,29.0,,,,,
Fish Tank 1,Fish Tanks,12,12,2025-07-01,afternoon,3.28,30.8,,,,,
Fish Tank 1,Fish Tanks,12,12,2025-07-01,morning,4.18,28.5,,,,,
Fish Tank 1,Fish Tanks,12,12,2025-07-02,afternoon,3.45,31.4,,,,,
Fish Tank 1,Fish Tanks,12,12,2025-07-02,morning,4.32,28.6,,,,,
Fish Tank 1,Fish Tanks,12,12,2025-07-03,morning,5.28,28.1,,,,,
Fish Tank 1,Fish Tanks,12,12,2025-07-04,afternoon,2.92,30.1,,,,,
Fish Tank 1,Fish Tanks,12,12,2025-07-04,morning,5.87,28.1,,,,,
Fish Tank 1,Fish Tanks,12,12,2025-07-07,morning,5.27,29.1,,,,,
Fish Tank 1,Fish Tanks,13,13,2025-07-01,afternoon,3.68,30.8,,,,,
Fish Tank 1,Fish Tanks,13,13,2025-07-01,morning,4.5,28.5,,,,,
Fish Tank 1,Fish Tanks,13,13,2025-07-02,afternoon,3.84,31.5,,,,,
Fish Tank 1,Fish Tanks,13,13,2025-07-02,morning,4.52,28.5,,,,,
Fish Tank 1,Fish Tanks,13,13,2025-07-03,morning,5.68,28.1,,,,,
Fish Tank 1,Fish Tanks,13,13,2025-07-04,afternoon,3.43,30.2,,,,,
Fish Tank 1,Fish Tanks,13,13,2025-07-04,morning,6.03,28.1,,,,,
Fish Tank 1,Fish Tanks,13,13,2025-07-07,morning,5.07,29.1,7.33,15.1,5.0,1.22,
Fish Tank 1,Fish Tanks,14,14,2025-07-01,afternoon,4.07,30.8,,,,,
Fish Tank 1,Fish Tanks,14,14,2025-07-01,morning,4.52,28.7,6.78,5.7,8.2,0.35,
Fish Tank 1,Fish Tanks,14,14,2025-07-02,afternoon,3.6,31.7,,,,,
Fish Tank 1,Fish Tanks,14,14,2025-07-02,morning,5.47,28.3,,,,,
Fish Tank 1,Fish Tanks,14,14,2025-07-03,morning,5.55,28.0,,,,,
Fish Tank 1,Fish Tanks,14,14,2025-07-04,afternoon,3.83,30.7,,,,,
Fish Tank 1,Fish Tanks,14,14,2025-07-04,morning,5.74,28.1,7.08,3.7,3.3,0.211,
Fish Tank 1,Fish Tanks,14,14,2025-07-07,morning,5.2,29.2,,,,,
Fish Tank 1,Fish Tanks,15,15,2025-07-01,afternoon,4.37,31.2,,,,,
Fish Tank 1,Fish Tanks,15,15,2025-07-01,morning,4.79,28.8,,,,,
Fish Tank 1,Fish Tanks,15,15,2025-07-02,afternoon,4.24,31.6,,,,,
Fish Tank 1,Fish Tanks,15,15,2025-07-02,morning,4.77,28.3,,,,,
Fish Tank 1,Fish Tanks,15,15,2025-07-03,morning,5.93,27.9,,,,,
Fish Tank 1,Fish Tanks,15,15,2025-07-04,afternoon,4.22,30.8,,,,,
Fish Tank 1,Fish Tanks,15,15,2025-07-04,morning,5.96,28.1,,,,,
Fish Tank 1,Fish Tanks,15,15,2025-07-07,morning,5.22,29.3,,,,,
Fish Tank 1,Fish Tanks,16,16,2025-07-01,afternoon,3.7,29.8,,,,,
Fish Tank 1,Fish Tanks,16,16,2025-07-01,morning,3.73,28.8,,,,,
Fish Tank 1,Fish Tanks,16,16,2025-07-02,afternoon,3.08,31.8,,,,,
Fish Tank 1,Fish Tanks,16,16,2025-07-02,morning,4.72,28.3,,,,,
Fish Tank 1,Fish Tanks,16,16,2025-07-03,morning,5.27,28.1,,,,,
Fish Tank 1,Fish Tanks,16,16,2025-07-04,afternoon,3.06,30.9,,,,,
Fish Tank 1,Fish Tanks,16,16,2025-07-04,morning,5.24,28.2,,,,,
Fish Tank 1,Fish Tanks,16,16,2025-07-07,morning,5.02,29.5,,,,,
Fish Tank 1,Fish Tanks,17,17,2025-07-01,afternoon,2.43,31.4,,,,,
Fish Tank 1,Fish Tanks,17,17,2025-07-01,morning,3.05,29.1,,,,,
Fish Tank 1,Fish Tanks,17,17,2025-07-02,afternoon,3.12,31.8,,,,,
Fish Tank 1,Fish Tanks,17,17,2025-07-02,morning,5.67,28.1,,,,,
Fish Tank 1,Fish Tanks,17,17,2025-07-03,morning,4.57,28.2,,,,,
Fish Tank 1,Fish Tanks,17,17,2025-07-04,afternoon,2.72,31.1,,,,,
Fish Tank 1,Fish Tanks,17,17,2025-07-04,morning,5.06,28.4,,,,,
Fish Tank 1,Fish Tanks,17,17,2025-07-07,morning,4.46,29.7,7.29,10.7,3.6,0.74,
Fish Tank 1,Fish Tanks,18,18,2025-07-01,afternoon,3.98,31.3,,,,,
Fish Tank 1,Fish Tanks,18,18,2025-07-01,morning,4.88,29.0,6.85,5.8,3.8,0.25,
Fish Tank 1,Fish Tanks,18,18,2025-07-02,afternoon,4.04,31.8,,,,,
Fish Tank 1,Fish Tanks,18,18,2025-07-02,morning,5.32,28.3,,,,,
Fish Tank 1,Fish Tanks,18,18,2025-07-03,morning,5.78,28.1,,,,,
Fish Tank 1,Fish Tanks,18,18,2025-07-04,afternoon,3.8,31.0,,,,,
Fish Tank 1,Fish Tanks,18,18,2025-07-04,morning,6.33,28.2,7.06,3.8,2.6,0.156,
Fish Tank 1,Fish Tanks,18,18,2025-07-07,morning,5.38,29.5,,,,,
Fish Tank 1,Fish Tanks,19,19,2025-07-01,afternoon,3.13,31.4,,,,,
Fish Tank 1,Fish Tanks,19,19,2025-07-01,morning,3.86,29.0,,,,,
Fish Tank 1,Fish Tanks,19,19,2025-07-02,afternoon,3.51,30.8,,,,,
Fish Tank 1,Fish Tanks,19,19,2025-07-02,morning,5.12,28.0,,,,,
Fish Tank 1,Fish Tanks,19,19,2025-07-03,morning,5.12,28.1,,,,,
Fish Tank 1,Fish Tanks,19,19,2025-07-04,afternoon,2.89,31.0,,,,,
Fish Tank 1,Fish Tanks,19,19,2025-07-04,morning,5.43,28.3,,,,,
Fish Tank 1,Fish Tanks,19,19,2025-07-07,morning,5.11,29.5,,,,,
Fish Tank 1,Fish Tanks,20,20,2025-07-01,afternoon,4.02,31.3,,,,,
Fish Tank 1,Fish Tanks,20,20,2025-07-01,morning,4.74,28.9,6.95,8.4,2.3,0.257,
Fish Tank 1,Fish Tanks,20,20,2025-07-02,afternoon,3.96,31.8,,,,,
Fish Tank 1,Fish Tanks,20,20,2025-07-02,morning,4.19,28.4,,,,,
Fish Tank 1,Fish Tanks,20,20,2025-07-03,morning,5.4,28.0,,,,,
Fish Tank 1,Fish Tanks,20,20,2025-07-04,afternoon,4.08,31.0,,,,,
Fish Tank 1,Fish Tanks,20,20,2025-07-04,morning,6.15,28.2,7.06,4.2,2.1,0.098,
Fish Tank 1,Fish Tanks,20,20,2025-07-07,morning,5.53,29.4,,,,,
Fish Tank 1,Fish Tanks,21,21,2025-07-01,afternoon,3.97,31.4,,,,,
Fish Tank 1,Fish Tanks,21,21,2025-07-01,morning,4.43,29.0,,,,,
Fish Tank 1,Fish Tanks,21,21,2025-07-02,afternoon,4.14,31.9,,,,,
Fish Tank 1,Fish Tanks,21,21,2025-07-02,morning,3.91,28.6,,,,,
Fish Tank 1,Fish Tanks,21,21,2025-07-03,morning,5.4,28.1,,,,,
Fish Tank 1,Fish Tanks,21,21,2025-07-04,afternoon,4.31,31.2,,,,,
Fish Tank 1,Fish Tanks,21,21,2025-07-04,morning,5.95,28.3,,,,,
Fish Tank 1,Fish Tanks,21,21,2025-07-07,morning,5.42,29.6,7.29,,3.4,0.94,
Fish Tank 1,Fish Tanks,22,22,2025-07-01,afternoon,3.64,31.7,,,,,
Fish Tank 1,Fish Tanks,22,22,2025-07-01,morning,4.1,29.1,,,,,
Fish Tank 1,Fish Tanks,22,22,2025-07-02,afternoon,3.49,31.9,,,,,
Fish Tank 1,Fish Tanks,22,22,2025-07-02,morning,3.99,28.7,,,,,
Fish Tank 1,Fish Tanks,22,22,2025-07-03,morning,4.84,28.1,,,,,
Fish Tank 1,Fish Tanks,22,22,2025-07-04,afternoon,3.18,31.4,,,,,
Fish Tank 1,Fish Tanks,22,22,2025-07-04,morning,5.43,28.4,,,,,
Fish Tank 1,Fish Tanks,22,22,2025-07-07,morning,4.52,29.7,,,,,
Fish Tank 1,Fish Tanks,23,23,2025-07-01,afternoon,3.87,31.8,,,,,
Fish Tank 1,Fish Tanks,23,23,2025-07-01,morning,4.17,29.2,6.88,7.0,3.5,0.36,
Fish Tank 1,Fish Tanks,23,23,2025-07-02,afternoon,3.84,32.0,,,,,
Fish Tank 1,Fish Tanks,23,23,2025-07-02,morning,5.93,28.6,,,,,
Fish Tank 1,Fish Tanks,23,23,2025-07-03,morning,5.48,28.2,,,,,
Fish Tank 1,Fish Tanks,23,23,2025-07-04,afternoon,4.04,31.5,,,,,
Fish Tank 1,Fish Tanks,23,23,2025-07-04,morning,5.69,28.5,6.98,4.0,2.4,0.206,
Fish Tank 1,Fish Tanks,23,23,2025-07-07,morning,5.27,29.8,,,,,
Fish Tank 1,Fish Tanks,24,24,2025-07-01,afternoon,2.81,31.7,,,,,
Fish Tank 1,Fish Tanks,24,24,2025-07-01,morning,3.13,29.0,,,,,
Fish Tank 1,Fish Tanks,24,24,2025-07-02,afternoon,3.23,31.9,,,,,
Fish Tank 1,Fish Tanks,24,24,2025-07-02,morning,5.32,28.9,,,,,
Fish Tank 1,Fish Tanks,24,24,2025-07-03,morning,4.68,28.1,,,,,
Fish Tank 1,Fish Tanks,24,24,2025-07-04,afternoon,2.84,31.1,,,,,
Fish Tank 1,Fish Tanks,24,24,2025-07-04,morning,4.95,28.3,,,,,
Fish Tank 1,Fish Tanks,24,24,2025-07-07,morning,4.74,29.7,7.38,10.9,5.2,0.88,
Fish Tank 2,Fish Tanks,26,26,2025-07-01,afternoon,4.87,32.6,,,,,
Fish Tank 2,Fish Tanks,26,26,2025-07-02,afternoon,4.39,30.8,,,,,
Fish Tank 2,Fish Tanks,26,26,2025-07-02,morning,5.82,29.2,,,,,
Fish Tank 2,Fish Tanks,26,26,2025-07-03,morning,5.95,27.4,,,,,
Fish Tank 2,Fish Tanks,26,26,2025-07-04,afternoon,4.79,31.5,,,,,
Fish Tank 2,Fish Tanks,26,26,2025-07-04,morning,6.22,28.2,,,,,
Fish Tank 2,Fish Tanks,26,26,2025-07-07,morning,6.3,29.6,,,,,
Fish Tank 2,Fish Tanks,27,27,2025-07-01,afternoon,5.2,33.1,,,,,
Fish Tank 2,Fish Tanks,27,27,2025-07-02,afternoon,4.23,31.1,,,,,
Fish Tank 2,Fish Tanks,27,27,2025-07-02,morning,6.05,29.1,,,,,
Fish Tank 2,Fish Tanks,27,27,2025-07-03,morning,5.83,27.7,,,,,
Fish Tank 2,Fish Tanks,27,27,2025-07-04,afternoon,4.05,31.8,,,,,
Fish Tank 2,Fish Tanks,27,27,2025-07-04,morning,6.07,28.4,,,,,
Fish Tank 2,Fish Tanks,27,27,2025-07-07,morning,6.08,29.8,,,,,
Fish Tank 2,Fish Tanks,28,28,2025-07-01,afternoon,5.25,33.1,,,,,
Fish Tank 2,Fish Tanks,28,28,2025-07-01,morning,,,6.85,9.6,15.4,3.1,
Fish Tank 2,Fish Tanks,28,28,2025-07-02,afternoon,4.85,31.0,,,,,
Fish Tank 2,Fish Tanks,28,28,2025-07-02,morning,5.8,29.5,,,,,
Fish Tank 2,Fish Tanks,28,28,2025-07-03,morning,6.18,27.7,,,,,
Fish Tank 2,Fish Tanks,28,28,2025-07-04,afternoon,4.8,31.8,,,,,
Fish Tank 2,Fish Tanks,28,28,2025-07-04,morning,6.2,28.3,6.98,5.0,2.7,0.269,
Fish Tank 2,Fish Tanks,28,28,2025-07-07,morning,6.12,29.9,,,,,
Fish Tank 2,Fish Tanks,29,29,2025-07-01,afternoon,5.36,32.8,,,,,
Fish Tank 2,Fish Tanks,29,29,2025-07-02,afternoon,4.67,30.8,,,,,
Fish Tank 2,Fish Tanks,29,29,2025-07-02,morning,6.32,29.3,,,,,
Fish Tank 2,Fish Tanks,29,29,2025-07-03,morning,6.08,27.8,,,,,
Fish Tank 2,Fish Tanks,29,29,2025-07-04,afternoon,4.36,31.5,,,,,
Fish Tank 2,Fish Tanks,29,29,2025-07-04,morning,6.16,28.3,,,,,
Fish Tank 2,Fish Tanks,29,29,2025-07-07,morning,6.13,29.7,7.32,10.3,5.0,1.22,
Fish Tank 2,Fish Tanks,30,30,2025-07-01,afternoon,5.11,32.6,,,,,
Fish Tank 2,Fish Tanks,30,30,2025-07-01,morning,5.03,29.3,,,,,
Fish Tank 2,Fish Tanks,30,30,2025-07-02,afternoon,4.59,30.8,,,,,
Fish Tank 2,Fish Tanks,30,30,2025-07-02,morning,5.82,29.5,,,,,
Fish Tank 2,Fish Tanks,30,30,2025-07-03,morning,5.81,27.9,,,,,
Fish Tank 2,Fish Tanks,30,30,2025-07-04,afternoon,4.29,31.4,,,,,
Fish Tank 2,Fish Tanks,30,30,2025-07-04,morning,5.94,28.4,,,,,
Fish Tank 2,Fish Tanks,30,30,2025-07-07,morning,5.85,29.7,,,,,
Fish Tank 2,Fish Tanks,31,31,2025-07-01,afternoon,5.19,32.6,,,,,
Fish Tank 2,Fish Tanks,31,31,2025-07-01,morning,4.96,29.3,,,,,
Fish Tank 2,Fish Tanks,31,31,2025-07-02,afternoon,4.93,30.8,,,,,
Fish Tank 2,Fish Tanks,31,31,2025-07-02,morning,6.25,29.2,,,,,
Fish Tank 2,Fish Tanks,31,31,2025-07-03,morning,5.76,27.9,,,,,
Fish Tank 2,Fish Tanks,31,31,2025-07-04,afternoon,4.16,31.5,,,,,
Fish Tank 2,Fish Tanks,31,31,2025-07-04,morning,6.07,28.7,,,,,
Fish Tank 2,Fish Tanks,31,31,2025-07-07,morning,6.03,29.7,,,,,
Fish Tank 2,Fish Tanks,32,32,2025-07-01,afternoon,5.35,32.5,,,,,
Fish Tank 2,Fish Tanks,32,32,2025-07-01,morning,4.75,29.3,,,,,
Fish Tank 2,Fish Tanks,32,32,2025-07-02,afternoon,4.53,30.7,,,,,
Fish Tank 2,Fish Tanks,32,32,2025-07-02,morning,5.53,29.5,,,,,
Fish Tank 2,Fish Tanks,32,32,2025-07-03,morning,5.89,27.9,,,,,
Fish Tank 2,Fish Tanks,32,32,2025-07-04,afternoon,4.58,31.2,,,,,
Fish Tank 2,Fish Tanks,32,32,2025-07-04,morning,6.12,28.4,,,,,
Fish Tank 2,Fish Tanks,32,32,2025-07-07,morning,5.95,29.6,,,,,
Fish Tank 2,Fish Tanks,33,33,2025-07-01,afternoon,5.18,32.9,,,,,
Fish Tank 2,Fish Tanks,33,33,2025-07-01,morning,4.98,29.3,,,,,
Fish Tank 2,Fish Tanks,33,33,2025-07-02,afternoon,4.82,31.0,,,,,
Fish Tank 2,Fish Tanks,33,33,2025-07-02,morning,6.03,29.2,,,,,
Fish Tank 2,Fish Tanks,33,33,2025-07-03,morning,6.12,27.9,,,,,
Fish Tank 2,Fish Tanks,33,33,2025-07-04,afternoon,4.29,31.7,,,,,
Fish Tank 2,Fish Tanks,33,33,2025-07-04,morning,6.21,28.4,,,,,
Fish Tank 2,Fish Tanks,33,33,2025-07-07,morning,6.22,29.8,,,,,
Fish Tank 2,Fish Tanks,35,35,2025-07-01,afternoon,4.75,33.4,,,,,
Fish Tank 2,Fish Tanks,35,35,2025-07-01,morning,4.39,29.6,,,,,
Fish Tank 2,Fish Tanks,35,35,2025-07-02,afternoon,4.0,31.7,,,,,
Fish Tank 2,Fish Tanks,35,35,2025-07-02,morning,5.98,29.3,,,,,
Fish Tank 2,Fish Tanks,35,35,2025-07-03,morning,5.39,28.3,,,,,
Fish Tank 2,Fish Tanks,35,35,2025-07-04,afternoon,3.83,32.4,,,,,
Fish Tank 2,Fish Tanks,35,35,2025-07-04,morning,5.61,28.9,,,,,
Fish Tank 2,Fish Tanks,35,35,2025-07-07,morning,5.92,30.3,,,,,
Fish Tank 2,Fish Tanks,36,36,2025-07-01,afternoon,4.71,33.2,,,,,
Fish Tank 2,Fish Tanks,36,36,2025-07-01,morning,5.15,29.7,,,,,
Fish Tank 2,Fish Tanks,36,36,2025-07-02,afternoon,4.35,31.3,,,,,
Fish Tank 2,Fish Tanks,36,36,2025-07-02,morning,5.67,29.5,,,,,
Fish Tank 2,Fish Tanks,36,36,2025-07-03,morning,5.72,28.2,,,,,
Fish Tank 2,Fish Tanks,36,36,2025-07-04,afternoon,4.82,32.2,,,,,
Fish Tank 2,Fish Tanks,36,36,2025-07-04,morning,5.91,28.8,,,,,
Fish Tank 2,Fish Tanks,36,36,2025-07-07,morning,6.21,30.3,7.2,4.6,8.8,1.14,
Fish Tank 2,Fish Tanks,37,37,2025-07-01,afternoon,5.25,33.0,,,,,
Fish Tank 2,Fish Tanks,37,37,2025-07-01,morning,5.92,29.3,,,,,
Fish Tank 2,Fish Tanks,37,37,2025-07-02,afternoon,5.15,31.0,,,,,
Fish Tank 2,Fish Tanks,37,37,2025-07-02,morning,6.07,29.6,,,,,
Fish Tank 2,Fish Tanks,37,37,2025-07-03,morning,6.14,27.9,,,,,
Fish Tank 2,Fish Tanks,37,37,2025-07-04,afternoon,4.62,31.9,,,,,
Fish Tank 2,Fish Tanks,37,37,2025-07-04,morning,6.3,28.4,,,,,
Fish Tank 2,Fish Tanks,37,37,2025-07-07,morning,6.56,29.9,,,,,
Fish Tank 2,Fish Tanks,38,38,2025-07-01,afternoon,4.94,33.0,,,,,
Fish Tank 2,Fish Tanks,38,38,2025-07-01,morning,5.2,29.3,,,,,
Fish Tank 2,Fish Tanks,38,38,2025-07-02,afternoon,4.25,31.0,,,,,
Fish Tank 2,Fish Tanks,38,38,2025-07-02,morning,5.19,29.6,,,,,
Fish Tank 2,Fish Tanks,38,38,2025-07-03,morning,5.74,27.6,,,,,
Fish Tank 2,Fish Tanks,38,38,2025-07-04,afternoon,4.36,31.7,,,,,
Fish Tank 2,Fish Tanks,38,38,2025-07-04,morning,5.88,28.4,,,,,
Fish Tank 2,Fish Tanks,38,38,2025-07-07,morning,6.23,29.8,,,,,
Fish Tank 2,Fish Tanks,39,39,2025-07-01,afternoon,4.52,32.7,,,,,
Fish Tank 2,Fish Tanks,39,39,2025-07-01,morning,4.92,29.2,6.8,7.7,12.5,2.36,
Fish Tank 2,Fish Tanks,39,39,2025-07-02,afternoon,3.9,30.7,,,,,
Fish Tank 2,Fish Tanks,39,39,2025-07-02,morning,5.94,29.2,,,,,
Fish Tank 2,Fish Tanks,39,39,2025-07-03,morning,5.73,27.8,,,,,
Fish Tank 2,Fish Tanks,39,39,2025-07-04,afternoon,4.09,31.4,,,,,
Fish Tank 2,Fish Tanks,39,39,2025-07-04,morning,5.86,28.3,6.9,4.2,3.4,0.29,
Fish Tank 2,Fish Tanks,39,39,2025-07-07,morning,5.77,29.8,,,,,
Fish Tank 2,Fish Tanks,40,40,2025-07-01,afternoon,5.1,32.9,,,,,
Fish Tank 2,Fish Tanks,40,40,2025-07-01,morning,5.26,29.2,,,,,
Fish Tank 2,Fish Tanks,40,40,2025-07-02,afternoon,4.66,30.8,,,,,
Fish Tank 2,Fish Tanks,40,40,2025-07-02,morning,5.53,29.6,,,,,
Fish Tank 2,Fish Tanks,40,40,2025-07-03,morning,6.16,27.8,,,,,
Fish Tank 2,Fish Tanks,40,40,2025-07-04,afternoon,4.12,31.4,,,,,
Fish Tank 2,Fish Tanks,40,40,2025-07-04,morning,6.42,28.2,,,,,
Fish Tank 2,Fish Tanks,40,40,2025-07-07,morning,6.11,29.7,,,,,
Fish Tank 2,Fish Tanks,41,41,2025-07-01,afternoon,4.89,32.8,,,,,
Fish Tank 2,Fish Tanks,41,41,2025-07-01,morning,5.05,29.2,,,,,
Fish Tank 2,Fish Tanks,41,41,2025-07-02,afternoon,4.55,30.7,,,,,
Fish Tank 2,Fish Tanks,41,41,2025-07-02,morning,5.52,29.6,,,,,
Fish Tank 2,Fish Tanks,41,41,2025-07-03,morning,5.89,27.7,,,,,
Fish Tank 2,Fish Tanks,41,41,2025-07-04,afternoon,4.44,31.2,,,,,
Fish Tank 2,Fish Tanks,41,41,2025-07-04,morning,5.78,28.3,,,,,
Fish Tank 2,Fish Tanks,41,41,2025-07-07,morning,5.94,29.6,,,,,
Fish Tank 2,Fish Tanks,42,42,2025-07-01,afternoon,5.36,32.9,,,,,
Fish Tank 2,Fish Tanks,42,42,2025-07-01,morning,5.34,29.2,,,,,
Fish Tank 2,Fish Tanks,42,42,2025-07-02,afternoon,4.78,30.8,,,,,
Fish Tank 2,Fish Tanks,42,42,2025-07-02,morning,5.34,29.5,,,,,
Fish Tank 2,Fish Tanks,42,42,2025-07-03,morning,6.08,27.7,,,,,
Fish Tank 2,Fish Tanks,42,42,2025-07-04,afternoon,4.73,31.3,,,,,
Fish Tank 2,Fish Tanks,42,42,2025-07-04,morning,6.35,28.3,,,,,
Fish Tank 2,Fish Tanks,42,42,2025-07-07,morning,6.1,29.7,,,,,
Fish Tank 2,Fish Tanks,43,43,2025-07-01,afternoon,4.84,32.8,,,,,
Fish Tank 2,Fish Tanks,43,43,2025-07-01,morning,5.32,29.3,,,,,
Fish Tank 2,Fish Tanks,43,43,2025-07-02,afternoon,4.07,30.8,,,,,
Fish Tank 2,Fish Tanks,43,43,2025-07-02,morning,6.02,29.3,,,,,
Fish Tank 2,Fish Tanks,43,43,2025-07-03,morning,5.6,27.6,,,,,
Fish Tank 2,Fish Tanks,43,43,2025-07-04,afternoon,4.35,31.2,,,,,
Fish Tank 2,Fish Tanks,43,43,2025-07-04,morning,5.93,28.2,,,,,
Fish Tank 2,Fish Tanks,43,43,2025-07-07,morning,6.12,29.8,,,,,
Fish Tank 2,Fish Tanks,44,44,2025-07-01,afternoon,5.02,32.9,,,,,
Fish Tank 2,Fish Tanks,44,44,2025-07-01,morning,5.03,29.4,,,,,
Fish Tank 2,Fish Tanks,44,44,2025-07-02,afternoon,4.08,30.9,,,,,
Fish Tank 2,Fish Tanks,44,44,2025-07-02,morning,5.32,29.4,,,,,
Fish Tank 2,Fish Tanks,44,44,2025-07-03,morning,5.88,27.6,,,,,
Fish Tank 2,Fish Tanks,44,44,2025-07-04,afternoon,3.84,31.6,,,,,
Fish Tank 2,Fish Tanks,44,44,2025-07-04,morning,6.08,28.3,,,,,
Fish Tank 2,Fish Tanks,44,44,2025-07-07,morning,5.95,29.9,,,,,
Fish Tank 2,Fish Tanks,45,45,2025-07-01,afternoon,5.3,33.0,,,,,
Fish Tank 2,Fish Tanks,45,45,2025-07-01,morning,5.21,29.0,,,,,
Fish Tank 2,Fish Tanks,45,45,2025-07-02,afternoon,4.33,30.8,,,,,
Fish Tank 2,Fish Tanks,45,45,2025-07-02,morning,5.25,29.5,,,,,
Fish Tank 2,Fish Tanks,45,45,2025-07-03,morning,6.12,27.4,,,,,
Fish Tank 2,Fish Tanks,45,45,2025-07-04,afternoon,4.22,31.3,,,,,
Fish Tank 2,Fish Tanks,45,45,2025-07-04,morning,6.23,28.2,,,,,
Fish Tank 2,Fish Tanks,45,45,2025-07-07,morning,5.97,29.6,,,,,
Fish Tank 2,Fish Tanks,46,46,2025-07-01,afternoon,4.72,33.0,,,,,
Fish Tank 2,Fish Tanks,46,46,2025-07-01,morning,4.52,29.1,,,,,
Fish Tank 2,Fish Tanks,46,46,2025-07-02,afternoon,3.84,31.0,,,,,
Fish Tank 2,Fish Tanks,46,46,2025-07-02,morning,5.07,29.5,,,,,
Fish Tank 2,Fish Tanks,46,46,2025-07-03,morning,5.69,27.6,,,,,
Fish Tank 2,Fish Tanks,46,46,2025-07-04,afternoon,3.82,31.7,,,,,
Fish Tank 2,Fish Tanks,46,46,2025-07-04,morning,6.12,28.3,,,,,
Fish Tank 2,Fish Tanks,46,46,2025-07-07,morning,5.75,29.8,,,,,
Fish Tank 2,Fish Tanks,48,48,2025-07-01,afternoon,4.52,32.8,,,,,
Fish Tank 2,Fish Tanks,48,48,2025-07-01,morning,4.73,29.0,,,,,
Fish Tank 2,Fish Tanks,48,48,2025-07-02,afternoon,3.84,30.7,,,,,
Fish Tank 2,Fish Tanks,48,48,2025-07-02,morning,5.02,29.5,,,,,
Fish Tank 2,Fish Tanks,48,48,2025-07-03,morning,5.6,27.5,,,,,
Fish Tank 2,Fish Tanks,48,48,2025-07-04,afternoon,3.9,31.2,,,,,
Fish Tank 2,Fish Tanks,48,48,2025-07-04,morning,5.46,28.2,,,,,
Fish Tank 2,Fish Tanks,48,48,2025-07-07,morning,5.2,29.7,6.77,4.8,11.9,3.6,
Fish Tank 2,Fish Tanks,49,49,2025-07-01,afternoon,4.93,32.9,,,,,
Fish Tank 2,Fish Tanks,49,49,2025-07-01,morning,5.15,29.1,,,,,
Fish Tank 2,Fish Tanks,49,49,2025-07-02,afternoon,3.8,30.9,,,,,
Fish Tank 2,Fish Tanks,49,49,2025-07-02,morning,5.25,29.5,,,,,
Fish Tank 2,Fish Tanks,49,49,2025-07-03,morning,5.76,27.5,,,,,
Fish Tank 2,Fish Tanks,49,49,2025-07-04,afternoon,4.47,31.4,,,,,
Fish Tank 2,Fish Tanks,49,49,2025-07-04,morning,6.08,28.2,,,,,
Fish Tank 2,Fish Tanks,49,49,2025-07-07,morning,5.91,29.7,,,,,
Fish Tank 2,Fish Tanks,50,50,2025-07-01,afternoon,5.04,32.9,,,,,
Fish Tank 2,Fish Tanks,50,50,2025-07-01,morning,5.05,29.2,,,,,
Fish Tank 2,Fish Tanks,50,50,2025-07-02,afternoon,3.82,30.9,,,,,
Fish Tank 2,Fish Tanks,50,50,2025-07-02,morning,5.44,29.5,,,,,
Fish Tank 2,Fish Tanks,50,50,2025-07-03,morning,5.81,27.6,,,,,
Fish Tank 2,Fish Tanks,50,50,2025-07-04,afternoon,4.22,31.3,,,,,
Fish Tank 2,Fish Tanks,50,50,2025-07-04,morning,5.83,28.2,,,,,
Fish Tank 2,Fish Tanks,50,50,2025-07-07,morning,5.43,29.7,,,,,
Fish Tank 2,Fish Tanks,51,51,2025-07-01,afternoon,5.07,33.0,,,,,
Fish Tank 2,Fish Tanks,51,51,2025-07-01,morning,5.32,29.3,,,,,
Fish Tank 2,Fish Tanks,51,51,2025-07-02,afternoon,4.36,31.0,,,,,
Fish Tank 2,Fish Tanks,51,51,2025-07-02,morning,5.65,29.4,,,,,
Fish Tank 2,Fish Tanks,51,51,2025-07-03,morning,5.88,27.6,,,,,
Fish Tank 2,Fish Tanks,51,51,2025-07-04,afternoon,4.79,31.6,,,,,
Fish Tank 2,Fish Tanks,51,51,2025-07-04,morning,6.15,28.3,,,,,
Fish Tank 2,Fish Tanks,51,51,2025-07-07,morning,5.71,29.8,,,,,
Fish Tank 2,Fish Tanks,52,52,2025-07-01,afternoon,4.9,33.0,,,,,
Fish Tank 2,Fish Tanks,52,52,2025-07-01,morning,5.2,29.2,,,,,
Fish Tank 2,Fish Tanks,52,52,2025-07-02,afternoon,4.52,30.8,,,,,
Fish Tank 2,Fish Tanks,52,52,2025-07-02,morning,5.59,29.6,,,,,
Fish Tank 2,Fish Tanks,52,52,2025-07-03,morning,5.77,27.6,,,,,
Fish Tank 2,Fish Tanks,52,52,2025-07-04,afternoon,4.31,31.3,,,,,
Fish Tank 2,Fish Tanks,52,52,2025-07-04,morning,5.89,28.2,,,,,
Fish Tank 2,Fish Tanks,52,52,2025-07-07,morning,5.63,29.6,,,,,
Fish Tank 2,Fish Tanks,53,53,2025-07-01,afternoon,4.81,33.1,,,,,
Fish Tank 2,Fish Tanks,53,53,2025-07-01,morning,5.1,29.2,,,,,
Fish Tank 2,Fish Tanks,53,53,2025-07-02,afternoon,4.04,30.9,,,,,
Fish Tank 2,Fish Tanks,53,53,2025-07-02,morning,5.78,29.4,,,,,
Fish Tank 2,Fish Tanks,53,53,2025-07-03,morning,5.48,27.8,,,,,
Fish Tank 2,Fish Tanks,53,53,2025-07-04,afternoon,4.45,31.5,,,,,
Fish Tank 2,Fish Tanks,53,53,2025-07-04,morning,5.78,28.3,,,,,
Fish Tank 2,Fish Tanks,53,53,2025-07-07,morning,5.86,29.7,,,,,
Fish Tank 2,Fish Tanks,54,54,2025-07-01,afternoon,4.98,32.9,,,,,
Fish Tank 2,Fish Tanks,54,54,2025-07-01,morning,4.42,29.2,,,,,
Fish Tank 2,Fish Tanks,54,54,2025-07-02,afternoon,4.12,30.9,,,,,
Fish Tank 2,Fish Tanks,54,54,2025-07-02,morning,5.34,29.5,,,,,
Fish Tank 2,Fish Tanks,54,54,2025-07-03,morning,5.68,27.8,,,,,
Fish Tank 2,Fish Tanks,54,54,2025-07-04,afternoon,3.7,31.4,,,,,
Fish Tank 2,Fish Tanks,54,54,2025-07-04,morning,5.64,28.3,,,,,
Fish Tank 2,Fish Tanks,54,54,2025-07-07,morning,5.95,29.7,,,,,
Fish Tank 2,Fish Tanks,55,55,2025-07-01,afternoon,4.59,33.1,,,,,
Fish Tank 2,Fish Tanks,55,55,2025-07-01,morning,5.09,29.3,,,,,
Fish Tank 2,Fish Tanks,55,55,2025-07-02,afternoon,3.8,31.1,,,,,
Fish Tank 2,Fish Tanks,55,55,2025-07-02,morning,6.14,29.5,,,,,
Fish Tank 2,Fish Tanks,55,55,2025-07-03,morning,5.38,28.1,,,,,
Fish Tank 2,Fish Tanks,55,55,2025-07-04,afternoon,3.81,31.6,,,,,
Fish Tank 2,Fish Tanks,55,55,2025-07-04,morning,5.7,28.4,,,,,
Fish Tank 2,Fish Tanks,55,55,2025-07-07,morning,5.42,29.9,,,,,
Fish Tank 2,Fish Tanks,56,56,2025-07-01,afternoon,4.46,33.0,,,,,
Fish Tank 2,Fish Tanks,56,56,2025-07-01,morning,4.49,29.4,,,,,
Fish Tank 2,Fish Tanks,56,56,2025-07-02,afternoon,4.23,31.2,,,,,
Fish Tank 2,Fish Tanks,56,56,2025-07-02,morning,5.76,29.6,,,,,
Fish Tank 2,Fish Tanks,56,56,2025-07-03,morning,5.75,28.0,,,,,
Fish Tank 2,Fish Tanks,56,56,2025-07-04,afternoon,4.09,31.7,,,,,
Fish Tank 2,Fish Tanks,56,56,2025-07-04,morning,5.8,28.4,,,,,
Fish Tank 2,Fish Tanks,56,56,2025-07-07,morning,5.45,29.9,,,,,
Fish Tank 2,Fish Tanks,57,57,2025-07-01,afternoon,4.94,33.2,,,,,
Fish Tank 2,Fish Tanks,57,57,2025-07-01,morning,5.51,29.6,6.94,7.7,7.7,1.1,
Fish Tank 2,Fish Tanks,57,57,2025-07-02,afternoon,4.42,31.4,,,,,
Fish Tank 2,Fish Tanks,57,57,2025-07-02,morning,5.52,29.6,,,,,
Fish Tank 2,Fish Tanks,57,57,2025-07-03,morning,5.61,28.1,,,,,
Fish Tank 2,Fish Tanks,57,57,2025-07-04,afternoon,4.62,32.1,,,,,
Fish Tank 2,Fish Tanks,57,57,2025-07-04,morning,6.13,28.5,5.9,4.7,3.0,0.37,
Fish Tank 2,Fish Tanks,57,57,2025-07-07,morning,5.8,30.0,,,,,
Fish Tank 2,Fish Tanks,58,58,2025-07-01,afternoon,5.0,33.1,,,,,
Fish Tank 2,Fish Tanks,58,58,2025-07-01,morning,4.95,29.6,,,,,
Fish Tank 2,Fish Tanks,58,58,2025-07-02,afternoon,4.07,31.1,,,,,
Fish Tank 2,Fish Tanks,58,58,2025-07-02,morning,5.87,29.4,,,,,
Fish Tank 2,Fish Tanks,58,58,2025-07-03,morning,5.98,27.9,,,,,
Fish Tank 2,Fish Tanks,58,58,2025-07-04,afternoon,3.79,31.8,,,,,
Fish Tank 2,Fish Tanks,58,58,2025-07-04,morning,6.06,28.5,,,,,
Fish Tank 2,Fish Tanks,58,58,2025-07-07,morning,5.97,29.9,,,,,
Fish Tank 2,Fish Tanks,59,59,2025-07-01,afternoon,4.38,33.0,,,,,
Fish Tank 2,Fish Tanks,59,59,2025-07-01,morning,4.92,29.3,,,,,
Fish Tank 2,Fish Tanks,59,59,2025-07-02,afternoon,4.03,30.9,,,,,
Fish Tank 2,Fish Tanks,59,59,2025-07-02,morning,5.63,29.4,,,,,
Fish Tank 2,Fish Tanks,59,59,2025-07-03,morning,5.79,27.8,,,,,
Fish Tank 2,Fish Tanks,59,59,2025-07-04,afternoon,3.93,31.6,,,,,
Fish Tank 2,Fish Tanks,59,59,2025-07-04,morning,5.81,28.3,,,,,
Fish Tank 2,Fish Tanks,59,59,2025-07-07,morning,5.99,29.7,6.8,5.8,8.8,0.08,
Fish Tank 2,Fish Tanks,62,62,2025-07-01,afternoon,4.97,33.0,,,,,
Fish Tank 2,Fish Tanks,62,62,2025-07-01,morning,5.32,29.2,,,,,
Fish Tank 2,Fish Tanks,62,62,2025-07-02,afternoon,4.56,30.8,,,,,
Fish Tank 2,Fish Tanks,62,62,2025-07-02,morning,5.88,29.3,,,,,
Fish Tank 2,Fish Tanks,62,62,2025-07-03,morning,6.14,27.6,,,,,
Fish Tank 2,Fish Tanks,62,62,2025-07-04,afternoon,4.34,31.6,,,,,
Fish Tank 2,Fish Tanks,62,62,2025-07-04,morning,6.0,28.2,,,,,
Fish Tank 2,Fish Tanks,62,62,2025-07-07,morning,6.15,29.6,,,,,
Fish Tank 2,Fish Tanks,63,63,2025-07-01,afternoon,4.79,32.9,,,,,
Fish Tank 2,Fish Tanks,63,63,2025-07-01,morning,5.4,29.1,,,,,
Fish Tank 2,Fish Tanks,63,63,2025-07-02,afternoon,4.64,30.7,,,,,
Fish Tank 2,Fish Tanks,63,63,2025-07-02,morning,6.38,29.0,,,,,
Fish Tank 2,Fish Tanks,63,63,2025-07-03,morning,6.12,27.6,,,,,
Fish Tank 2,Fish Tanks,63,63,2025-07-04,afternoon,4.29,31.3,,,,,
Fish Tank 2,Fish Tanks,63,63,2025-07-04,morning,5.99,28.2,,,,,
Fish Tank 2,Fish Tanks,63,63,2025-07-07,morning,5.82,29.6,,,,,
Fish Tank 2,Fish Tanks,65,65,2025-07-01,afternoon,4.65,32.9,,,,,
Fish Tank 2,Fish Tanks,65,65,2025-07-01,morning,5.6,29.0,,,,,
Fish Tank 2,Fish Tanks,65,65,2025-07-02,afternoon,4.78,30.5,,,,,
Fish Tank 2,Fish Tanks,65,65,2025-07-02,morning,5.55,29.4,,,,,
Fish Tank 2,Fish Tanks,65,65,2025-07-03,morning,6.02,27.4,,,,,
Fish Tank 2,Fish Tanks,65,65,2025-07-04,afternoon,4.72,31.1,,,,,
Fish Tank 2,Fish Tanks,65,65,2025-07-04,morning,6.04,28.2,,,,,
Fish Tank 2,Fish Tanks,65,65,2025-07-07,morning,6.05,29.5,,,,,
Fish Tank 2,Fish Tanks,66,66,2025-07-01,afternoon,4.61,32.8,,,,,
Fish Tank 2,Fish Tanks,66,66,2025-07-01,morning,4.7,28.8,,,,,
Fish Tank 2,Fish Tanks,66,66,2025-07-02,afternoon,4.57,30.6,,,,,
Fish Tank 2,Fish Tanks,66,66,2025-07-02,morning,5.84,29.2,,,,,
Fish Tank 2,Fish Tanks,66,66,2025-07-03,morning,5.82,27.4,,,,,
Fish Tank 2,Fish Tanks,66,66,2025-07-04,afternoon,4.24,31.2,,,,,
Fish Tank 2,Fish Tanks,66,66,2025-07-04,morning,5.83,28.1,,,,,
Fish Tank 2,Fish Tanks,66,66,2025-07-07,morning,5.75,29.2,,,,,
Fish Tank 2,Fish Tanks,67,67,2025-07-01,afternoon,5.45,32.8,,,,,
Fish Tank 2,Fish Tanks,67,67,2025-07-01,morning,5.46,28.7,,,,,
Fish Tank 2,Fish Tanks,67,67,2025-07-02,afternoon,5.15,30.7,,,,,
Fish Tank 2,Fish Tanks,67,67,2025-07-02,morning,6.0,29.2,,,,,
Fish Tank 2,Fish Tanks,67,67,2025-07-03,morning,6.24,27.3,,,,,
Fish Tank 2,Fish Tanks,67,67,2025-07-04,afternoon,5.65,30.7,,,,,
Fish Tank 2,Fish Tanks,67,67,2025-07-04,morning,6.43,27.9,,,,,
Fish Tank 2,Fish Tanks,67,67,2025-07-07,morning,6.33,29.3,,,,,
Fish Tank 2,Fish Tanks,68,68,2025-07-01,afternoon,4.27,32.8,,,,,
Fish Tank 2,Fish Tanks,68,68,2025-07-01,morning,4.85,28.8,,,,,
Fish Tank 2,Fish Tanks,68,68,2025-07-02,afternoon,4.06,30.5,,,,,
Fish Tank 2,Fish Tanks,68,68,2025-07-02,morning,5.89,29.2,,,,,
Fish Tank 2,Fish Tanks,68,68,2025-07-03,morning,6.0,27.4,,,,,
Fish Tank 2,Fish Tanks,68,68,2025-07-04,afternoon,3.65,31.0,,,,,
Fish Tank 2,Fish Tanks,68,68,2025-07-04,morning,5.7,28.1,,,,,
Fish Tank 2,Fish Tanks,68,68,2025-07-07,morning,5.8,29.4,,,,,
Fish Tank 2,Fish Tanks,69,69,2025-07-01,afternoon,5.04,32.8,,,,,
Fish Tank 2,Fish Tanks,69,69,2025-07-01,morning,5.3,28.6,6.77,11.0,10.8,2.76,
Fish Tank 2,Fish Tanks,69,69,2025-07-02,afternoon,4.93,30.3,,,,,
Fish Tank 2,Fish Tanks,69,69,2025-07-02,morning,6.38,28.9,,,,,
Fish Tank 2,Fish Tanks,69,69,2025-07-03,morning,6.28,27.3,,,,,
Fish Tank 2,Fish Tanks,69,69,2025-07-04,afternoon,4.68,30.8,,,,,
Fish Tank 2,Fish Tanks,69,69,2025-07-04,morning,6.09,27.8,6.85,1.7,2.8,0.38,
Fish Tank 2,Fish Tanks,69,69,2025-07-07,morning,6.14,29.2,,,,,
Fish Tank 2,Fish Tanks,70,70,2025-07-01,afternoon,4.7,32.8,,,,,
Fish Tank 2,Fish Tanks,70,70,2025-07-01,morning,5.22,28.7,,,,,
Fish Tank 2,Fish Tanks,70,70,2025-07-02,afternoon,4.82,30.5,,,,,
Fish Tank 2,Fish Tanks,70,70,2025-07-02,morning,6.32,28.9,,,,,
Fish Tank 2,Fish Tanks,70,70,2025-07-03,morning,6.12,27.4,,,,,
Fish Tank 2,Fish Tanks,70,70,2025-07-04,afternoon,4.3,30.9,,,,,
Fish Tank 2,Fish Tanks,70,70,2025-07-04,morning,6.24,27.9,,,,,
Fish Tank 2,Fish Tanks,70,70,2025-07-07,morning,6.23,29.3,,,,,
Fish Tank 2,Fish Tanks,71,71,2025-07-01,afternoon,5.15,32.1,,,,,
Fish Tank 2,Fish Tanks,71,71,2025-07-01,morning,4.31,28.9,,,,,
Fish Tank 2,Fish Tanks,71,71,2025-07-02,morning,6.02,29.1,,,,,
Fish Tank 2,Fish Tanks,71,71,2025-07-03,morning,5.16,27.4,,,,,
Fish Tank 2,Fish Tanks,71,71,2025-07-04,afternoon,4.12,31.1,,,,,
Fish Tank 2,Fish Tanks,71,71,2025-07-04,morning,5.29,28.0,,,,,
Fish Tank 2,Fish Tanks,71,71,2025-07-07,morning,5.33,29.5,,,,,
Fish Tank 2,Fish Tanks,72,72,2025-07-01,afternoon,5.04,32.1,,,,,
Fish Tank 2,Fish Tanks,72,72,2025-07-01,morning,5.18,28.9,,,,,
Fish Tank 2,Fish Tanks,72,72,2025-07-02,afternoon,4.68,30.5,,,,,
Fish Tank 2,Fish Tanks,72,72,2025-07-02,morning,5.79,29.2,,,,,
Fish Tank 2,Fish Tanks,72,72,2025-07-03,morning,6.15,27.5,,,,,
Fish Tank 2,Fish Tanks,72,72,2025-07-04,afternoon,4.05,31.1,,,,,
Fish Tank 2,Fish Tanks,72,72,2025-07-04,morning,6.01,28.2,,,,,
Fish Tank 2,Fish Tanks,72,72,2025-07-07,morning,6.07,29.5,,,,,
Fish Tank 2,Fish Tanks,73,73,2025-07-01,morning,4.65,29.1,,,,,
Fish Tank 2,Fish Tanks,73,73,2025-07-02,afternoon,4.61,30.4,,,,,
Fish Tank 2,Fish Tanks,73,73,2025-07-02,morning,6.3,28.9,,,,,
Fish Tank 2,Fish Tanks,73,73,2025-07-03,morning,5.7,27.8,,,,,
Fish Tank 2,Fish Tanks,73,73,2025-07-04,afternoon,4.0,31.3,,,,,
Fish Tank 2,Fish Tanks,73,73,2025-07-04,morning,5.67,28.2,,,,,
Fish Tank 2,Fish Tanks,73,73,2025-07-07,morning,5.54,29.6,,,,,
Fish Tank 2,Fish Tanks,74,74,2025-07-01,morning,4.66,29.2,6.7,5.9,8.0,1.84,
Fish Tank 2,Fish Tanks,74,74,2025-07-02,afternoon,4.18,30.6,,,,,
Fish Tank 2,Fish Tanks,74,74,2025-07-02,morning,5.58,29.1,,,,,
Fish Tank 2,Fish Tanks,74,74,2025-07-03,morning,5.97,27.7,,,,,
Fish Tank 2,Fish Tanks,74,74,2025-07-04,afternoon,4.77,31.3,,,,,
Fish Tank 2,Fish Tanks,74,74,2025-07-04,morning,5.96,28.3,6.81,2.7,3.6,0.39,
Fish Tank 2,Fish Tanks,74,74,2025-07-07,morning,5.54,29.7,,,,,
Fish Tank 2,Fish Tanks,75,75,2025-07-01,morning,4.93,29.1,,,,,
Fish Tank 2,Fish Tanks,75,75,2025-07-02,afternoon,4.53,30.7,,,,,
Fish Tank 2,Fish Tanks,75,75,2025-07-02,morning,6.11,29.0,,,,,
Fish Tank 2,Fish Tanks,75,75,2025-07-03,morning,6.09,27.6,,,,,
Fish Tank 2,Fish Tanks,75,75,2025-07-04,afternoon,3.97,31.7,,,,,
Fish Tank 2,Fish Tanks,75,75,2025-07-04,morning,6.23,28.3,,,,,
Fish Tank 2,Fish Tanks,75,75,2025-07-07,morning,5.97,29.7,,,,,
Fish Tank 2,Fish Tanks,77,77,2025-07-01,morning,5.29,29.1,,,,,
Fish Tank 2,Fish Tanks,77,77,2025-07-02,afternoon,4.54,30.8,,,,,
Fish Tank 2,Fish Tanks,77,77,2025-07-02,morning,6.18,28.8,,,,,
Fish Tank 2,Fish Tanks,77,77,2025-07-03,morning,6.09,27.8,,,,,
Fish Tank 2,Fish Tanks,77,77,2025-07-04,afternoon,4.88,31.6,,,,,
Fish Tank 2,Fish Tanks,77,77,2025-07-04,morning,6.04,28.3,,,,,
Fish Tank 2,Fish Tanks,77,77,2025-07-07,morning,6.13,29.8,6.99,7.2,6.4,0.79,
Fish Tank 2,Fish Tanks,79,79,2025-07-01,afternoon,4.61,31.4,,,,,
Fish Tank 2,Fish Tanks,79,79,2025-07-01,morning,5.05,28.8,,,,,
Fish Tank 2,Fish Tanks,79,79,2025-07-02,afternoon,4.69,31.7,,,,,
Fish Tank 2,Fish Tanks,79,79,2025-07-02,morning,5.71,28.7,,,,,
Fish Tank 2,Fish Tanks,79,79,2025-07-03,morning,5.84,28.0,,,,,
Fish Tank 2,Fish Tanks,79,79,2025-07-04,afternoon,3.86,31.2,,,,,
Fish Tank 2,Fish Tanks,79,79,2025-07-04,morning,6.0,28.2,,,,,
Fish Tank 2,Fish Tanks,79,79,2025-07-07,morning,5.99,29.4,,,,,
Fish Tank 2,Fish Tanks,80,80,2025-07-01,afternoon,4.44,31.4,,,,,
Fish Tank 2,Fish Tanks,80,80,2025-07-01,morning,4.84,28.8,,,,,
Fish Tank 2,Fish Tanks,80,80,2025-07-02,afternoon,5.04,31.7,,,,,
Fish Tank 2,Fish Tanks,80,80,2025-07-02,morning,6.13,28.6,,,,,
Fish Tank 2,Fish Tanks,80,80,2025-07-03,morning,6.0,28.0,,,,,
Fish Tank 2,Fish Tanks,80,80,2025-07-04,afternoon,4.16,31.2,,,,,
Fish Tank 2,Fish Tanks,80,80,2025-07-04,morning,6.21,28.2,,,,,
Fish Tank 2,Fish Tanks,80,80,2025-07-07,morning,6.09,29.4,,,,,
Fish Tank 2,Fish Tanks,81,81,2025-07-01,afternoon,4.28,31.3,,,,,
Fish Tank 2,Fish Tanks,81,81,2025-07-01,morning,4.67,28.8,,,,,
Fish Tank 2,Fish Tanks,81,81,2025-07-02,afternoon,4.53,31.5,,,,,
Fish Tank 2,Fish Tanks,81,81,2025-07-02,morning,5.67,28.7,,,,,
Fish Tank 2,Fish Tanks,81,81,2025-07-03,morning,6.06,27.6,,,,,
Fish Tank 2,Fish Tanks,81,81,2025-07-04,afternoon,3.92,31.1,,,,,
Fish Tank 2,Fish Tanks,81,81,2025-07-04,morning,5.74,28.1,,,,,
Fish Tank 2,Fish Tanks,81,81,2025-07-07,morning,5.63,29.5,,,,,
Fish Tank 2,Fish Tanks,82,82,2025-07-01,afternoon,4.46,31.4,,,,,
Fish Tank 2,Fish Tanks,82,82,2025-07-01,morning,4.79,28.7,6.81,7.5,7.3,1.41,
Fish Tank 2,Fish Tanks,82,82,2025-07-02,afternoon,4.77,31.4,,,,,
Fish Tank 2,Fish Tanks,82,82,2025-07-02,morning,5.88,28.7,,,,,
Fish Tank 2,Fish Tanks,82,82,2025-07-03,morning,5.92,27.9,,,,,
Fish Tank 2,Fish Tanks,82,82,2025-07-04,afternoon,4.05,31.0,,,,,
Fish Tank 2,Fish Tanks,82,82,2025-07-04,morning,5.86,28.1,6.8,2.5,2.1,0.198,
Fish Tank 2,Fish Tanks,82,82,2025-07-07,morning,6.18,29.3,,,,,
Fish Tank 2,Fish Tanks,83,83,2025-07-01,afternoon,5.05,32.5,,,,,
Fish Tank 2,Fish Tanks,83,83,2025-07-01,morning,4.81,28.6,,,,,
Fish Tank 2,Fish Tanks,83,83,2025-07-02,afternoon,4.57,30.3,,,,,
Fish Tank 2,Fish Tanks,83,83,2025-07-02,morning,6.25,28.6,,,,,
Fish Tank 2,Fish Tanks,83,83,2025-07-03,morning,6.13,27.4,,,,,
Fish Tank 2,Fish Tanks,83,83,2025-07-04,afternoon,4.51,30.7,,,,,
Fish Tank 2,Fish Tanks,83,83,2025-07-04,morning,6.01,27.8,,,,,
Fish Tank 2,Fish Tanks,83,83,2025-07-07,morning,6.19,29.2,,,,,
Fish Tank 2,Fish Tanks,84,84,2025-07-01,afternoon,5.21,32.2,,,,,
Fish Tank 2,Fish Tanks,84,84,2025-07-01,morning,4.76,28.6,,,,,
Fish Tank 2,Fish Tanks,84,84,2025-07-02,afternoon,4.36,30.3,,,,,
Fish Tank 2,Fish Tanks,84,84,2025-07-02,morning,5.78,28.9,,,,,
Fish Tank 2,Fish Tanks,84,84,2025-07-03,morning,6.07,27.3,,,,,
Fish Tank 2,Fish Tanks,84,84,2025-07-04,afternoon,4.41,30.8,,,,,
Fish Tank 2,Fish Tanks,84,84,2025-07-04,morning,6.15,27.8,,,,,
Fish Tank 2,Fish Tanks,84,84,2025-07-07,morning,5.97,29.2,,,,,
Fish Tank 2,Fish Tanks,85,85,2025-07-01,afternoon,5.34,32.0,,,,,
Fish Tank 2,Fish Tanks,85,85,2025-07-01,morning,4.51,28.6,,,,,
Fish Tank 2,Fish Tanks,85,85,2025-07-02,afternoon,4.48,30.1,,,,,
Fish Tank 2,Fish Tanks,85,85,2025-07-02,morning,6.03,28.5,,,,,
Fish Tank 2,Fish Tanks,85,85,2025-07-03,morning,5.66,27.3,,,,,
Fish Tank 2,Fish Tanks,85,85,2025-07-04,afternoon,3.76,30.5,,,,,
Fish Tank 2,Fish Tanks,85,85,2025-07-04,morning,5.64,27.8,,,,,
Fish Tank 2,Fish Tanks,85,85,2025-07-07,morning,5.85,29.1,,,,,
Fish Tank 2,Fish Tanks,86,86,2025-07-01,afternoon,5.47,31.9,,,,,
Fish Tank 2,Fish Tanks,86,86,2025-07-01,morning,3.4,28.7,,,,,
Fish Tank 2,Fish Tanks,86,86,2025-07-02,afternoon,4.05,30.2,,,,,
Fish Tank 2,Fish Tanks,86,86,2025-07-02,morning,5.17,28.7,,,,,
Fish Tank 2,Fish Tanks,86,86,2025-07-03,morning,5.5,27.4,,,,,
Fish Tank 2,Fish Tanks,86,86,2025-07-04,afternoon,3.55,30.7,,,,,
Fish Tank 2,Fish Tanks,86,86,2025-07-04,morning,5.24,27.9,,,,,
Fish Tank 2,Fish Tanks,86,86,2025-07-07,morning,5.73,29.3,6.98,8.3,4.2,0.77,
Fish Tank 2,Fish Tanks,87,87,2025-07-01,afternoon,5.73,32.0,,,,,
Fish Tank 2,Fish Tanks,87,87,2025-07-01,morning,4.8,28.4,,,,,
Fish Tank 2,Fish Tanks,87,87,2025-07-02,afternoon,5.0,30.0,,,,,
Fish Tank 2,Fish Tanks,87,87,2025-07-02,morning,6.28,28.5,,,,,
Fish Tank 2,Fish Tanks,87,87,2025-07-03,morning,5.99,27.2,,,,,
Fish Tank 2,Fish Tanks,87,87,2025-07-04,afternoon,4.17,30.5,,,,,
Fish Tank 2,Fish Tanks,87,87,2025-07-04,morning,5.79,27.6,,,,,
Fish Tank 2,Fish Tanks,87,87,2025-07-07,morning,5.73,29.0,,,,,
Fish Tank 2,Fish Tanks,89,89,2025-07-01,morning,4.59,29.3,,,,,
Fish Tank 2,Fish Tanks,89,89,2025-07-02,afternoon,3.77,30.9,,,,,
Fish Tank 2,Fish Tanks,89,89,2025-07-02,morning,5.86,29.0,,,,,
Fish Tank 2,Fish Tanks,89,89,2025-07-03,morning,6.0,27.8,,,,,
Fish Tank 2,Fish Tanks,89,89,2025-07-04,afternoon,3.81,31.8,,,,,
Fish Tank 2,Fish Tanks,89,89,2025-07-04,morning,5.6,28.4,,,,,
Fish Tank 2,Fish Tanks,89,89,2025-07-07,morning,5.1,29.8,,,,,
Fish Tank 2,Fish Tanks,90,90 for FT2,2025-07-01,afternoon,6.01,31.9,,,,,
Fish Tank 2,Fish Tanks,90,90 for FT2,2025-07-01,morning,4.37,28.8,,,,,
Fish Tank 2,Fish Tanks,90,90 for FT2,2025-07-02,afternoon,4.07,31.6,,,,,
Fish Tank 2,Fish Tanks,90,90 for FT2,2025-07-02,morning,5.78,29.0,,,,,
Fish Tank 2,Fish Tanks,90,90 for FT2,2025-07-03,morning,5.76,28.0,,,,,
Fish Tank 2,Fish Tanks,90,90 for FT2,2025-07-04,afternoon,3.58,31.1,,,,,
Fish Tank 2,Fish Tanks,90,90 for FT2,2025-07-04,morning,5.7,28.2,,,,,
Fish Tank 2,Fish Tanks,90,90 for FT2,2025-07-07,morning,5.82,29.5,,,,,
Fish Tank 3,Fish Tanks,91,91,2025-07-01,morning,6.58,29.5,,,,,
Fish Tank 3,Fish Tanks,91,91,2025-07-02,morning,5.88,29.1,,,,6.03,
Fish Tank 3,Fish Tanks,91,91,2025-07-03,morning,5.48,27.8,,,,,
Fish Tank 3,Fish Tanks,91,91,2025-07-04,morning,5.51,28.6,,,,,
Fish Tank 3,Fish Tanks,91,91,2025-07-10,morning,5.62,29.2,,,,,
Fish Tank 3,Fish Tanks,91,91,2025-07-11,morning,5.98,28.0,,,,,
Fish Tank 3,Fish Tanks,91,91,2025-07-15,morning,5.91,29.0,,,,,
Fish Tank 3,Fish Tanks,91,91,2025-07-17,morning,4.84,29.3,,,,,
Fish Tank 3,Fish Tanks,91,91,2025-07-18,morning,5.24,29.7,,,,,
Fish Tank 3,Fish Tanks,91,91,2025-07-21,morning,6.22,28.9,,,,,
Fish Tank 3,Fish Tanks,91,91,2025-07-23,morning,4.46,29.0,,,,,
Fish Tank 3,Fish Tanks,91,91,2025-07-24,morning,6.49,29.1,,,,,
Fish Tank 3,Fish Tanks,91,91,2025-07-28,morning,5.21,29.2,,,,,
Fish Tank 3,Fish Tanks,91,91,2025-07-29,morning,5.11,29.9,,,,,
Fish Tank 3,Fish Tanks,92,92,2025-07-01,afternoon,5.39,32.0,,,,,
Fish Tank 3,Fish Tanks,92,92,2025-07-01,morning,6.78,29.5,,,,,
Fish Tank 3,Fish Tanks,92,92,2025-07-02,afternoon,5.12,30.6,,,,,
Fish Tank 3,Fish Tanks,92,92,2025-07-02,morning,6.23,29.1,,,,,
Fish Tank 3,Fish Tanks,92,92,2025-07-03,morning,6.03,27.9,,,,,
Fish Tank 3,Fish Tanks,92,92,2025-07-04,afternoon,6.85,31.4,,,,,
Fish Tank 3,Fish Tanks,92,92,2025-07-04,morning,5.72,28.5,,,,,
Fish Tank 3,Fish Tanks,92,92,2025-07-08,afternoon,6.08,31.0,,,,,
Fish Tank 3,Fish Tanks,92,92,2025-07-10,afternoon,6.83,30.0,,,,,
Fish Tank 3,Fish Tanks,92,92,2025-07-10,morning,6.15,29.2,,,,,
Fish Tank 3,Fish Tanks,92,92,2025-07-11,afternoon,7.09,31.4,,,,,
Fish Tank 3,Fish Tanks,92,92,2025-07-11,morning,6.53,28.1,,,,,
Fish Tank 3,Fish Tanks,92,92,2025-07-15,afternoon,5.93,31.6,,,,,
Fish Tank 3,Fish Tanks,92,92,2025-07-15,morning,5.72,29.0,,,,,
Fish Tank 3,Fish Tanks,92,92,2025-07-16,afternoon,5.49,31.9,,,,,
Fish Tank 3,Fish Tanks,92,92,2025-07-17,afternoon,5.85,32.5,,,,,
Fish Tank 3,Fish Tanks,92,92,2025-07-17,morning,5.14,29.3,,,,,
Fish Tank 3,Fish Tanks,92,92,2025-07-18,afternoon,6.62,32.5,,,,,
Fish Tank 3,Fish Tanks,92,92,2025-07-18,morning,5.41,29.7,,,,,
Fish Tank 3,Fish Tanks,92,92,2025-07-21,afternoon,6.49,32.0,,,,,
Fish Tank 3,Fish Tanks,92,92,2025-07-21,morning,6.75,28.9,,,,,
Fish Tank 3,Fish Tanks,92,92,2025-07-22,afternoon,6.04,31.9,,,,,
Fish Tank 3,Fish Tanks,92,92,2025-07-23,afternoon,6.7,31.6,,,,,
Fish Tank 3,Fish Tanks,92,92,2025-07-23,morning,5.02,29.0,,,,,
Fish Tank 3,Fish Tanks,92,92,2025-07-24,afternoon,8.68,32.6,,,,,
Fish Tank 3,Fish Tanks,92,92,2025-07-24,morning,6.33,29.2,,,,,
Fish Tank 3,Fish Tanks,92,92,2025-07-25,afternoon,8.72,32.7,,,,,
Fish Tank 3,Fish Tanks,92,92,2025-07-28,afternoon,4.81,32.6,,,,,
Fish Tank 3,Fish Tanks,92,92,2025-07-28,morning,5.26,29.2,,,,,
Fish Tank 3,Fish Tanks,92,92,2025-07-29,afternoon,5.32,32.3,,,,,
Fish Tank 3,Fish Tanks,92,92,2025-07-29,morning,5.15,29.9,,,,,
Fish Tank 3,Fish Tanks,92,92,2025-07-30,afternoon,6.48,30.5,,,,,
Fish Tank 3,Fish Tanks,93,93,2025-07-01,afternoon,5.33,32.5,,,,,
Fish Tank 3,Fish Tanks,93,93,2025-07-01,morning,6.76,29.5,,,,,
Fish Tank 3,Fish Tanks,93,93,2025-07-02,afternoon,5.05,30.9,,,,,
Fish Tank 3,Fish Tanks,93,93,2025-07-02,morning,5.97,29.1,,,,,
Fish Tank 3,Fish Tanks,93,93,2025-07-03,morning,5.82,27.8,,,,,
Fish Tank 3,Fish Tanks,93,93,2025-07-04,afternoon,7.0,31.8,,,,,
Fish Tank 3,Fish Tanks,93,93,2025-07-04,morning,5.96,28.6,,,,,
Fish Tank 3,Fish Tanks,93,93,2025-07-08,afternoon,6.31,31.1,,,,,
Fish Tank 3,Fish Tanks,93,93,2025-07-10,afternoon,7.11,30.2,,,,,
Fish Tank 3,Fish Tanks,93,93,2025-07-10,morning,6.22,29.2,,,,,
Fish Tank 3,Fish Tanks,93,93,2025-07-11,afternoon,7.04,32.1,,,,,
Fish Tank 3,Fish Tanks,93,93,2025-07-11,morning,6.42,28.1,,,,,
Fish Tank 3,Fish Tanks,93,93,2025-07-15,afternoon,5.7,32.1,,,,,
Fish Tank 3,Fish Tanks,93,93,2025-07-15,morning,6.14,29.2,,,,,
Fish Tank 3,Fish Tanks,93,93,2025-07-16,afternoon,6.74,32.5,,,,,
Fish Tank 3,Fish Tanks,93,93,2025-07-17,afternoon,6.14,33.2,,,,,
Fish Tank 3,Fish Tanks,93,93,2025-07-17,morning,5.14,29.4,,,,,
Fish Tank 3,Fish Tanks,93,93,2025-07-18,afternoon,6.48,33.2,,,,,
Fish Tank 3,Fish Tanks,93,93,2025-07-18,morning,5.28,29.8,,,,,
Fish Tank 3,Fish Tanks,93,93,2025-07-21,afternoon,6.29,32.8,,,,,
Fish Tank 3,Fish Tanks,93,93,2025-07-21,morning,7.02,29.0,,,,,
Fish Tank 3,Fish Tanks,93,93,2025-07-22,afternoon,6.33,32.3,,,,,
Fish Tank 3,Fish Tanks,93,93,2025-07-23,afternoon,6.38,32.0,,,,,
Fish Tank 3,Fish Tanks,93,93,2025-07-23,morning,5.42,29.0,,,,,
Fish Tank 3,Fish Tanks,93,93,2025-07-24,afternoon,7.55,33.3,,,,,
Fish Tank 3,Fish Tanks,93,93,2025-07-24,morning,6.68,29.2,,,,,
Fish Tank 3,Fish Tanks,93,93,2025-07-25,afternoon,8.34,33.6,,,,,
Fish Tank 3,Fish Tanks,93,93,2025-07-28,afternoon,4.53,33.3,,,,,
Fish Tank 3,Fish Tanks,93,93,2025-07-28,morning,5.41,29.2,,,,,
Fish Tank 3,Fish Tanks,93,93,2025-07-29,afternoon,4.21,32.7,,,,,
Fish Tank 3,Fish Tanks,93,93,2025-07-29,morning,5.21,29.9,,,,,
Fish Tank 3,Fish Tanks,93,93,2025-07-30,afternoon,5.85,30.5,,,,,
Fish Tank 3,Fish Tanks,97,97,2025-07-01,afternoon,5.25,32.8,,,,,
Fish Tank 3,Fish Tanks,97,97,2025-07-01,morning,6.54,29.6,6.82,1.03,1.0,0.09,
Fish Tank 3,Fish Tanks,97,97,2025-07-02,afternoon,4.9,31.2,,,,,
Fish Tank 3,Fish Tanks,97,97,2025-07-02,morning,5.82,29.3,,,,,
Fish Tank 3,Fish Tanks,97,97,2025-07-03,morning,5.84,28.0,,,,,
Fish Tank 3,Fish Tanks,97,97,2025-07-04,afternoon,6.25,32.1,,,,,
Fish Tank 3,Fish Tanks,97,97,2025-07-04,morning,6.44,29.0,6.99,2.5,1.4,0.062,
Fish Tank 3,Fish Tanks,97,97,2025-07-08,afternoon,5.88,31.0,,,,,
Fish Tank 3,Fish Tanks,97,97,2025-07-10,afternoon,6.11,29.2,,,,,
Fish Tank 3,Fish Tanks,97,97,2025-07-10,morning,5.98,27.8,,,,,
Fish Tank 3,Fish Tanks,97,97,2025-07-11,afternoon,6.3,32.1,,,,,
Fish Tank 3,Fish Tanks,97,97,2025-07-11,morning,6.34,27.8,,,,,
Fish Tank 3,Fish Tanks,97,97,2025-07-15,afternoon,5.41,32.2,,,,,
Fish Tank 3,Fish Tanks,97,97,2025-07-15,morning,6.24,29.2,,,,,
Fish Tank 3,Fish Tanks,97,97,2025-07-16,afternoon,6.02,32.6,,,,,
Fish Tank 3,Fish Tanks,97,97,2025-07-17,afternoon,5.78,33.3,,,,,
Fish Tank 3,Fish Tanks,97,97,2025-07-17,morning,5.05,29.5,,,,,
Fish Tank 3,Fish Tanks,97,97,2025-07-18,afternoon,5.16,33.4,,,,,
Fish Tank 3,Fish Tanks,97,97,2025-07-18,morning,5.13,29.9,,,,,
Fish Tank 3,Fish Tanks,97,97,2025-07-21,afternoon,6.51,33.1,,,,,
Fish Tank 3,Fish Tanks,97,97,2025-07-21,morning,6.65,29.1,,,,,
Fish Tank 3,Fish Tanks,97,97,2025-07-22,afternoon,6.15,32.4,,,,,
Fish Tank 3,Fish Tanks,97,97,2025-07-23,afternoon,6.59,32.2,,,,,
Fish Tank 3,Fish Tanks,97,97,2025-07-23,morning,5.53,29.2,,,,,
Fish Tank 3,Fish Tanks,97,97,2025-07-24,afternoon,6.12,33.3,,,,,
Fish Tank 3,Fish Tanks,97,97,2025-07-24,morning,6.59,29.4,,,,,
Fish Tank 3,Fish Tanks,97,97,2025-07-25,afternoon,7.72,33.7,,,,,
Fish Tank 3,Fish Tanks,97,97,2025-07-28,afternoon,4.48,33.3,,,,,
Fish Tank 3,Fish Tanks,97,97,2025-07-28,morning,5.27,29.5,,,,,
Fish Tank 3,Fish Tanks,97,97,2025-07-29,afternoon,4.62,32.7,,,,,
Fish Tank 3,Fish Tanks,97,97,2025-07-29,morning,5.52,30.0,,,,,
Fish Tank 3,Fish Tanks,97,97,2025-07-30,afternoon,6.22,30.5,,,,,
Fish Tank 3,Fish Tanks,100,100,2025-07-01,afternoon,5.17,32.5,,,,,
Fish Tank 3,Fish Tanks,100,100,2025-07-01,morning,6.56,29.6,,,,,
Fish Tank 3,Fish Tanks,100,100,2025-07-02,afternoon,4.92,31.0,,,,,
Fish Tank 3,Fish Tanks,100,100,2025-07-02,morning,5.77,29.4,,,,,
Fish Tank 3,Fish Tanks,100,100,2025-07-03,morning,6.1,27.9,,,,,
Fish Tank 3,Fish Tanks,100,100,2025-07-04,afternoon,7.11,31.8,,,,,
Fish Tank 3,Fish Tanks,100,100,2025-07-07,morning,,,7.32,2.35,5.1,0.82,
Fish Tank 3,Fish Tanks,100,100,2025-07-08,afternoon,5.68,30.8,,,,,
Fish Tank 3,Fish Tanks,100,100,2025-07-10,afternoon,7.06,30.3,,,,,
Fish Tank 3,Fish Tanks,100,100,2025-07-10,morning,6.56,29.3,,,,,
Fish Tank 3,Fish Tanks,100,100,2025-07-11,afternoon,7.23,32.2,,,,,
Fish Tank 3,Fish Tanks,100,100,2025-07-11,morning,6.34,28.2,8.62,2.24,1.8,0.028,
Fish Tank 3,Fish Tanks,100,100,2025-07-15,afternoon,5.39,32.1,,,,,
Fish Tank 3,Fish Tanks,100,100,2025-07-15,morning,5.7,29.1,,,,,
Fish Tank 3,Fish Tanks,100,100,2025-07-16,afternoon,5.62,32.4,,,,,
Fish Tank 3,Fish Tanks,100,100,2025-07-17,afternoon,4.76,33.2,,,,,
Fish Tank 3,Fish Tanks,100,100,2025-07-17,morning,4.81,29.5,,,,,
Fish Tank 3,Fish Tanks,100,100,2025-07-18,afternoon,5.24,33.5,,,,,
Fish Tank 3,Fish Tanks,100,100,2025-07-18,morning,4.82,29.9,,,,,
Fish Tank 3,Fish Tanks,100,100,2025-07-21,afternoon,6.04,33.0,,,,,
Fish Tank 3,Fish Tanks,100,100,2025-07-21,morning,6.47,29.1,,,,,
Fish Tank 3,Fish Tanks,100,100,2025-07-22,afternoon,5.6,32.5,,,,,
Fish Tank 3,Fish Tanks,100,100,2025-07-23,afternoon,6.49,32.1,,,,,
Fish Tank 3,Fish Tanks,100,100,2025-07-23,morning,5.25,29.3,,,,,
Fish Tank 3,Fish Tanks,100,100,2025-07-24,afternoon,6.68,33.2,,,,,
Fish Tank 3,Fish Tanks,100,100,2025-07-24,morning,6.65,29.4,,,,,
Fish Tank 3,Fish Tanks,100,100,2025-07-25,afternoon,7.24,33.6,,,,,
Fish Tank 3,Fish Tanks,100,100,2025-07-28,afternoon,4.48,33.0,,,,,
Fish Tank 3,Fish Tanks,100,100,2025-07-28,morning,5.34,29.4,,,,,
Fish Tank 3,Fish Tanks,100,100,2025-07-29,afternoon,4.84,32.4,,,,,
Fish Tank 3,Fish Tanks,100,100,2025-07-29,morning,5.48,29.9,,,,,
Fish Tank 3,Fish Tanks,100,100,2025-07-30,afternoon,6.71,30.4,,,,,
Fish Tank 3,Fish Tanks,104,104,2025-07-01,afternoon,4.1,32.6,,,,,
Fish Tank 3,Fish Tanks,104,104,2025-07-01,morning,5.84,29.6,,,,,
Fish Tank 3,Fish Tanks,104,104,2025-07-02,afternoon,4.1,31.4,,,,,
Fish Tank 3,Fish Tanks,104,104,2025-07-02,morning,6.0,29.3,,,,,
Fish Tank 3,Fish Tanks,104,104,2025-07-03,morning,5.0,28.0,,,,,
Fish Tank 3,Fish Tanks,104,104,2025-07-04,afternoon,8.9,32.0,,,,,
Fish Tank 3,Fish Tanks,104,104,2025-07-04,morning,5.89,29.2,,,,,
Fish Tank 3,Fish Tanks,104,104,2025-07-08,afternoon,5.65,30.9,,,,,
Fish Tank 3,Fish Tanks,104,104,2025-07-10,afternoon,6.96,,,,,,
Fish Tank 3,Fish Tanks,104,104,2025-07-10,morning,6.31,29.2,,,,,
Fish Tank 3,Fish Tanks,104,104,2025-07-11,afternoon,6.86,32.3,,,,,
Fish Tank 3,Fish Tanks,104,104,2025-07-11,morning,6.66,28.2,,,,,
Fish Tank 3,Fish Tanks,104,104,2025-07-15,afternoon,5.86,32.1,,,,,
Fish Tank 3,Fish Tanks,104,104,2025-07-15,morning,5.72,29.2,,,,,
Fish Tank 3,Fish Tanks,104,104,2025-07-16,afternoon,7.14,32.5,,,,,
Fish Tank 3,Fish Tanks,104,104,2025-07-17,afternoon,6.21,33.3,,,,,
Fish Tank 3,Fish Tanks,104,104,2025-07-17,morning,2.81,29.5,,,,,
Fish Tank 3,Fish Tanks,104,104,2025-07-18,afternoon,4.39,33.5,,,,,
Fish Tank 3,Fish Tanks,104,104,2025-07-18,morning,2.0,30.0,,,,,
Fish Tank 3,Fish Tanks,104,104,2025-07-21,afternoon,5.89,33.2,,,,,
Fish Tank 3,Fish Tanks,104,104,2025-07-21,morning,6.57,29.3,,,,,
Fish Tank 3,Fish Tanks,104,104,2025-07-22,afternoon,5.69,32.4,,,,,
Fish Tank 3,Fish Tanks,104,104,2025-07-23,afternoon,6.43,31.9,,,,,
Fish Tank 3,Fish Tanks,104,104,2025-07-23,morning,4.9,29.3,,,,,
Fish Tank 3,Fish Tanks,104,104,2025-07-24,afternoon,7.19,33.1,,,,,
Fish Tank 3,Fish Tanks,104,104,2025-07-24,morning,7.23,29.5,,,,,
Fish Tank 3,Fish Tanks,104,104,2025-07-25,afternoon,7.32,33.6,,,,,
Fish Tank 3,Fish Tanks,104,104,2025-07-28,afternoon,3.96,32.7,,,,,
Fish Tank 3,Fish Tanks,104,104,2025-07-28,morning,5.34,29.7,,,,,
Fish Tank 3,Fish Tanks,104,104,2025-07-29,afternoon,4.08,31.8,,,,,
Fish Tank 3,Fish Tanks,104,104,2025-07-29,morning,5.21,29.9,,,,,
Fish Tank 3,Fish Tanks,104,104,2025-07-30,afternoon,6.88,30.3,,,,,
Fish Tank 3,Fish Tanks,105,105,2025-07-01,afternoon,5.25,32.7,,,,,
Fish Tank 3,Fish Tanks,105,105,2025-07-01,morning,6.52,29.6,6.73,0.92,1.2,0.021,
Fish Tank 3,Fish Tanks,105,105,2025-07-02,afternoon,5.21,31.4,,,,,
Fish Tank 3,Fish Tanks,105,105,2025-07-02,morning,6.38,29.2,,,,,
Fish Tank 3,Fish Tanks,105,105,2025-07-03,morning,6.56,28.0,,,,,
Fish Tank 3,Fish Tanks,105,105,2025-07-04,afternoon,6.98,32.2,,,,,
Fish Tank 3,Fish Tanks,105,105,2025-07-04,morning,6.14,29.2,7.04,2.3,2.0,0.199,
Fish Tank 3,Fish Tanks,105,105,2025-07-08,afternoon,5.9,31.0,,,,,
Fish Tank 3,Fish Tanks,105,105,2025-07-10,afternoon,7.31,30.2,,,,,
Fish Tank 3,Fish Tanks,105,105,2025-07-10,morning,6.62,29.2,,,,,
Fish Tank 3,Fish Tanks,105,105,2025-07-11,afternoon,7.36,32.3,,,,,
Fish Tank 3,Fish Tanks,105,105,2025-07-11,morning,6.82,28.2,,,,,
Fish Tank 3,Fish Tanks,105,105,2025-07-15,afternoon,6.33,32.2,,,,,
Fish Tank 3,Fish Tanks,105,105,2025-07-15,morning,6.24,29.2,,,,,
Fish Tank 3,Fish Tanks,105,105,2025-07-16,afternoon,6.42,32.6,,,,,
Fish Tank 3,Fish Tanks,105,105,2025-07-17,afternoon,5.26,33.6,,,,,
Fish Tank 3,Fish Tanks,105,105,2025-07-17,morning,5.04,29.3,,,,,
Fish Tank 3,Fish Tanks,105,105,2025-07-18,afternoon,4.22,33.6,,,,,
Fish Tank 3,Fish Tanks,105,105,2025-07-18,morning,5.4,30.1,,,,,
Fish Tank 3,Fish Tanks,105,105,2025-07-21,afternoon,6.32,33.1,,,,,
Fish Tank 3,Fish Tanks,105,105,2025-07-21,morning,6.79,29.3,,,,,
Fish Tank 3,Fish Tanks,105,105,2025-07-22,afternoon,5.86,32.4,,,,,
Fish Tank 3,Fish Tanks,105,105,2025-07-23,afternoon,6.13,32.1,,,,,
Fish Tank 3,Fish Tanks,105,105,2025-07-23,morning,5.67,29.2,,,,,
Fish Tank 3,Fish Tanks,105,105,2025-07-24,afternoon,8.27,33.2,,,,,
Fish Tank 3,Fish Tanks,105,105,2025-07-24,morning,7.66,29.5,,,,,
Fish Tank 3,Fish Tanks,105,105,2025-07-25,afternoon,8.86,33.7,,,,,
Fish Tank 3,Fish Tanks,105,105,2025-07-28,afternoon,4.71,32.9,,,,,
Fish Tank 3,Fish Tanks,105,105,2025-07-28,morning,5.63,29.6,,,,,
Fish Tank 3,Fish Tanks,105,105,2025-07-29,afternoon,4.87,32.1,,,,,
Fish Tank 3,Fish Tanks,105,105,2025-07-29,morning,5.71,30.0,,,,,
Fish Tank 3,Fish Tanks,105,105,2025-07-30,afternoon,6.58,30.7,,,,,
Fish Tank 3,Fish Tanks,107,107,2025-07-01,afternoon,5.15,32.6,,,,,
Fish Tank 3,Fish Tanks,107,107,2025-07-01,morning,6.65,29.5,,,,,
Fish Tank 3,Fish Tanks,107,107,2025-07-02,afternoon,4.75,31.4,,,,,
Fish Tank 3,Fish Tanks,107,107,2025-07-02,morning,6.05,29.2,,,,,
Fish Tank 3,Fish Tanks,107,107,2025-07-03,morning,5.76,28.2,,,,,
Fish Tank 3,Fish Tanks,107,107,2025-07-04,afternoon,6.74,32.1,,,,,
Fish Tank 3,Fish Tanks,107,107,2025-07-04,morning,6.16,29.2,,,,,
Fish Tank 3,Fish Tanks,107,107,2025-07-08,afternoon,6.11,31.0,,,,,
Fish Tank 3,Fish Tanks,107,107,2025-07-10,afternoon,7.21,30.2,,,,,
Fish Tank 3,Fish Tanks,107,107,2025-07-10,morning,6.71,29.2,,,,,
Fish Tank 3,Fish Tanks,107,107,2025-07-11,afternoon,6.92,32.3,,,,,
Fish Tank 3,Fish Tanks,107,107,2025-07-11,morning,6.41,28.2,,,,,
Fish Tank 3,Fish Tanks,107,107,2025-07-15,afternoon,5.74,32.1,,,,,
Fish Tank 3,Fish Tanks,107,107,2025-07-15,morning,5.91,29.2,,,,,
Fish Tank 3,Fish Tanks,107,107,2025-07-16,afternoon,5.56,32.4,,,,,
Fish Tank 3,Fish Tanks,107,107,2025-07-17,afternoon,4.86,33.3,,,,,
Fish Tank 3,Fish Tanks,107,107,2025-07-17,morning,4.7,29.5,,,,,
Fish Tank 3,Fish Tanks,107,107,2025-07-18,afternoon,4.46,33.4,,,,,
Fish Tank 3,Fish Tanks,107,107,2025-07-18,morning,5.35,30.0,,,,,
Fish Tank 3,Fish Tanks,107,107,2025-07-21,afternoon,6.39,32.7,,,,,
Fish Tank 3,Fish Tanks,107,107,2025-07-21,morning,6.73,29.3,,,,,
Fish Tank 3,Fish Tanks,107,107,2025-07-22,afternoon,5.77,32.3,,,,,
Fish Tank 3,Fish Tanks,107,107,2025-07-23,afternoon,6.56,31.5,,,,,
Fish Tank 3,Fish Tanks,107,107,2025-07-23,morning,5.92,29.0,,,,,
Fish Tank 3,Fish Tanks,107,107,2025-07-24,afternoon,7.81,33.2,,,,,
Fish Tank 3,Fish Tanks,107,107,2025-07-24,morning,7.12,29.6,,,,,
Fish Tank 3,Fish Tanks,107,107,2025-07-25,afternoon,8.25,33.7,,,,,
Fish Tank 3,Fish Tanks,107,107,2025-07-28,afternoon,4.03,32.8,,,,,
Fish Tank 3,Fish Tanks,107,107,2025-07-28,morning,5.16,29.7,,,,,
Fish Tank 3,Fish Tanks,107,107,2025-07-29,afternoon,4.11,32.1,,,,,
Fish Tank 3,Fish Tanks,107,107,2025-07-29,morning,5.25,29.9,,,,,
Fish Tank 3,Fish Tanks,107,107,2025-07-30,afternoon,5.98,30.4,,,,,
Fish Tank 3,Fish Tanks,109,109,2025-07-01,afternoon,5.29,32.5,,,,,
Fish Tank 3,Fish Tanks,109,109,2025-07-01,morning,6.66,29.5,,,,,
Fish Tank 3,Fish Tanks,109,109,2025-07-02,afternoon,5.04,31.2,,,,,
Fish Tank 3,Fish Tanks,109,109,2025-07-02,morning,6.68,28.9,,,,,
Fish Tank 3,Fish Tanks,109,109,2025-07-03,morning,5.85,28.1,,,,,
Fish Tank 3,Fish Tanks,109,109,2025-07-04,afternoon,6.72,31.9,,,,,
Fish Tank 3,Fish Tanks,109,109,2025-07-04,morning,6.0,28.9,,,,,
Fish Tank 3,Fish Tanks,109,109,2025-07-08,afternoon,5.89,31.0,,,,,
Fish Tank 3,Fish Tanks,109,109,2025-07-10,afternoon,6.41,30.1,,,,,
Fish Tank 3,Fish Tanks,109,109,2025-07-10,morning,6.22,29.2,,,,,
Fish Tank 3,Fish Tanks,109,109,2025-07-11,afternoon,5.81,32.1,,,,,
Fish Tank 3,Fish Tanks,109,109,2025-07-11,morning,6.34,28.2,,,,,
Fish Tank 3,Fish Tanks,109,109,2025-07-15,afternoon,5.09,32.0,,,,,
Fish Tank 3,Fish Tanks,109,109,2025-07-15,morning,6.08,29.2,,,,,
Fish Tank 3,Fish Tanks,109,109,2025-07-16,afternoon,6.08,32.4,,,,,
Fish Tank 3,Fish Tanks,109,109,2025-07-17,afternoon,6.16,33.1,,,,,
Fish Tank 3,Fish Tanks,109,109,2025-07-17,morning,5.15,29.4,,,,,
Fish Tank 3,Fish Tanks,109,109,2025-07-18,afternoon,6.02,33.1,,,,,
Fish Tank 3,Fish Tanks,109,109,2025-07-18,morning,5.78,29.9,,,,,
Fish Tank 3,Fish Tanks,109,109,2025-07-21,afternoon,6.34,32.8,,,,,
Fish Tank 3,Fish Tanks,109,109,2025-07-21,morning,6.67,29.1,,,,,
Fish Tank 3,Fish Tanks,109,109,2025-07-22,afternoon,6.35,32.1,,,,,
Fish Tank 3,Fish Tanks,109,109,2025-07-23,afternoon,6.94,32.0,,,,,
Fish Tank 3,Fish Tanks,109,109,2025-07-23,morning,5.74,29.0,,,,,
Fish Tank 3,Fish Tanks,109,109,2025-07-24,afternoon,7.46,33.0,,,,,
Fish Tank 3,Fish Tanks,109,109,2025-07-24,morning,7.72,29.3,,,,,
Fish Tank 3,Fish Tanks,109,109,2025-07-25,afternoon,5.84,33.4,,,,,
Fish Tank 3,Fish Tanks,109,109,2025-07-28,afternoon,4.38,32.6,,,,,
Fish Tank 3,Fish Tanks,109,109,2025-07-28,morning,5.52,29.4,7.36,1.9,,,
Fish Tank 3,Fish Tanks,109,109,2025-07-29,afternoon,4.24,31.9,,,,,
Fish Tank 3,Fish Tanks,109,109,2025-07-29,morning,5.4241,29.8,,,,,
Fish Tank 3,Fish Tanks,109,109,2025-07-30,afternoon,6.64,30.2,,,,,
Fish Tank 3,Fish Tanks,113,113,2025-07-21,morning,5.41,29.1,,,,,
Fish Tank 3,Fish Tanks,114,114,2025-07-01,afternoon,5.06,32.6,,,,,
Fish Tank 3,Fish Tanks,114,114,2025-07-04,afternoon,6.99,32.0,,,,,
Fish Tank 3,Fish Tanks,114,114,2025-07-07,afternoon,4.45,33.9,,,,,
Fish Tank 3,Fish Tanks,114,114,2025-07-08,afternoon,5.32,31.3,,,,,
Fish Tank 3,Fish Tanks,114,114,2025-07-09,afternoon,5.53,32.2,,,,,
Fish Tank 3,Fish Tanks,114,114,2025-07-10,afternoon,6.25,30.3,,,,,
Fish Tank 3,Fish Tanks,114,114,2025-07-11,afternoon,5.78,32.0,,,,,
Fish Tank 3,Fish Tanks,114,114,2025-07-15,afternoon,4.33,32.4,,,,,
Fish Tank 3,Fish Tanks,114,114,2025-07-16,afternoon,4.73,32.8,,,,,
Fish Tank 3,Fish Tanks,114,114,2025-07-17,afternoon,5.85,33.3,,,,,
Fish Tank 3,Fish Tanks,114,114,2025-07-18,afternoon,5.76,33.2,,,,,
Fish Tank 3,Fish Tanks,114,114,2025-07-21,afternoon,6.12,32.7,,,,,
Fish Tank 3,Fish Tanks,114,114,2025-07-22,afternoon,5.53,32.2,,,,,
Fish Tank 3,Fish Tanks,114,114,2025-07-23,afternoon,6.52,32.1,,,,,
Fish Tank 3,Fish Tanks,114,114,2025-07-24,afternoon,7.99,33.2,,,,,
Fish Tank 3,Fish Tanks,114,114,2025-07-25,afternoon,7.94,33.1,,,,,
Fish Tank 3,Fish Tanks,114,114,2025-07-28,afternoon,3.5,31.5,,,,,
Fish Tank 3,Fish Tanks,114,114,2025-07-29,afternoon,3.62,31.3,,,,,
Fish Tank 3,Fish Tanks,114,114,2025-07-30,afternoon,5.19,30.2,,,,,
Fish Tank 3,Fish Tanks,115,115,2025-07-01,afternoon,5.12,32.3,,,,,
Fish Tank 3,Fish Tanks,115,115,2025-07-01,morning,6.54,29.7,,,,,
Fish Tank 3,Fish Tanks,115,115,2025-07-02,afternoon,5.08,30.9,,,,,
Fish Tank 3,Fish Tanks,115,115,2025-07-02,morning,5.76,29.3,,,,,
Fish Tank 3,Fish Tanks,115,115,2025-07-03,morning,6.14,27.9,,,,,
Fish Tank 3,Fish Tanks,115,115,2025-07-04,afternoon,7.44,31.8,,,,,
Fish Tank 3,Fish Tanks,115,115,2025-07-04,morning,5.93,28.7,,,,,
Fish Tank 3,Fish Tanks,115,115,2025-07-08,afternoon,5.41,31.2,,,,,
Fish Tank 3,Fish Tanks,115,115,2025-07-10,afternoon,5.97,30.3,,,,,
Fish Tank 3,Fish Tanks,115,115,2025-07-10,morning,6.15,29.3,,,,,
Fish Tank 3,Fish Tanks,115,115,2025-07-11,afternoon,5.54,31.8,,,,,
Fish Tank 3,Fish Tanks,115,115,2025-07-11,morning,5.97,28.3,,,,,
Fish Tank 3,Fish Tanks,115,115,2025-07-15,afternoon,4.89,32.1,,,,,
Fish Tank 3,Fish Tanks,115,115,2025-07-15,morning,5.63,29.2,,,,,
Fish Tank 3,Fish Tanks,115,115,2025-07-16,afternoon,4.55,32.5,,,,,
Fish Tank 3,Fish Tanks,115,115,2025-07-17,afternoon,4.72,33.1,,,,,
Fish Tank 3,Fish Tanks,115,115,2025-07-17,morning,4.63,29.7,,,,,
Fish Tank 3,Fish Tanks,115,115,2025-07-18,afternoon,5.71,33.1,,,,,
Fish Tank 3,Fish Tanks,115,115,2025-07-18,morning,8.16,30.0,,,,,
Fish Tank 3,Fish Tanks,115,115,2025-07-21,afternoon,6.15,32.7,,,,,
Fish Tank 3,Fish Tanks,115,115,2025-07-21,morning,6.54,29.2,,,,,
Fish Tank 3,Fish Tanks,115,115,2025-07-22,afternoon,5.48,32.0,,,,,
Fish Tank 3,Fish Tanks,115,115,2025-07-23,afternoon,6.65,32.1,,,,,
Fish Tank 3,Fish Tanks,115,115,2025-07-23,morning,5.54,29.1,,,,,
Fish Tank 3,Fish Tanks,115,115,2025-07-24,afternoon,7.76,32.9,,,,,
Fish Tank 3,Fish Tanks,115,115,2025-07-24,morning,6.79,29.4,,,,,
Fish Tank 3,Fish Tanks,115,115,2025-07-25,afternoon,7.64,33.1,,,,,
Fish Tank 3,Fish Tanks,115,115,2025-07-28,afternoon,4.07,31.3,,,,,
Fish Tank 3,Fish Tanks,115,115,2025-07-28,morning,5.22,29.3,,,,,
Fish Tank 3,Fish Tanks,115,115,2025-07-29,afternoon,3.44,31.2,,,,,
Fish Tank 3,Fish Tanks,115,115,2025-07-29,morning,4.83,29.3,,,,,
Fish Tank 3,Fish Tanks,115,115,2025-07-30,afternoon,5.69,30.1,,,,,
Fish Tank 3,Fish Tanks,116,116,2025-07-01,afternoon,4.93,32.3,,,,,
Fish Tank 3,Fish Tanks,116,116,2025-07-01,morning,6.41,29.7,,,,,
Fish Tank 3,Fish Tanks,116,116,2025-07-02,afternoon,4.91,30.9,,,,,
Fish Tank 3,Fish Tanks,116,116,2025-07-02,morning,5.88,29.3,,,,,
Fish Tank 3,Fish Tanks,116,116,2025-07-03,morning,5.91,27.9,,,,,
Fish Tank 3,Fish Tanks,116,116,2025-07-04,afternoon,7.03,31.7,,,,,
Fish Tank 3,Fish Tanks,116,116,2025-07-04,morning,5.64,28.7,,,,,
Fish Tank 3,Fish Tanks,116,116,2025-07-08,afternoon,5.64,31.1,,,,,
Fish Tank 3,Fish Tanks,116,116,2025-07-10,afternoon,6.43,30.2,,,,,
Fish Tank 3,Fish Tanks,116,116,2025-07-10,morning,6.15,29.3,,,,,
Fish Tank 3,Fish Tanks,116,116,2025-07-11,afternoon,6.63,31.7,,,,,
Fish Tank 3,Fish Tanks,116,116,2025-07-11,morning,6.29,28.2,,,,,
Fish Tank 3,Fish Tanks,116,116,2025-07-15,afternoon,4.49,32.2,,,,,
Fish Tank 3,Fish Tanks,116,116,2025-07-15,morning,5.36,29.4,,,,,
Fish Tank 3,Fish Tanks,116,116,2025-07-16,afternoon,4.59,32.5,,,,,
Fish Tank 3,Fish Tanks,116,116,2025-07-17,afternoon,5.26,33.1,,,,,
Fish Tank 3,Fish Tanks,116,116,2025-07-17,morning,4.72,29.6,,,,,
Fish Tank 3,Fish Tanks,116,116,2025-07-18,afternoon,6.13,33.0,,,,,
Fish Tank 3,Fish Tanks,116,116,2025-07-18,morning,5.22,30.0,,,,,
Fish Tank 3,Fish Tanks,116,116,2025-07-21,afternoon,6.32,32.8,,,,,
Fish Tank 3,Fish Tanks,116,116,2025-07-21,morning,6.51,29.1,,,,,
Fish Tank 3,Fish Tanks,116,116,2025-07-22,afternoon,5.92,32.0,,,,,
Fish Tank 3,Fish Tanks,116,116,2025-07-23,afternoon,6.8,32.1,,,,,
Fish Tank 3,Fish Tanks,116,116,2025-07-23,morning,5.99,29.0,,,,,
Fish Tank 3,Fish Tanks,116,116,2025-07-24,afternoon,7.02,32.9,,,,,
Fish Tank 3,Fish Tanks,116,116,2025-07-24,morning,6.46,29.3,,,,,
Fish Tank 3,Fish Tanks,116,116,2025-07-25,afternoon,7.91,33.2,,,,,
Fish Tank 3,Fish Tanks,116,116,2025-07-28,afternoon,3.18,31.3,,,,,
Fish Tank 3,Fish Tanks,116,116,2025-07-28,morning,4.19,29.3,,,,,
Fish Tank 3,Fish Tanks,116,116,2025-07-29,afternoon,4.09,31.1,,,,,
Fish Tank 3,Fish Tanks,116,116,2025-07-29,morning,4.03,29.3,,,,,
Fish Tank 3,Fish Tanks,116,116,2025-07-30,afternoon,5.69,30.2,,,,,
Fish Tank 3,Fish Tanks,118,118,2025-07-01,afternoon,5.31,32.7,,,,,
Fish Tank 3,Fish Tanks,118,118,2025-07-01,morning,6.48,29.7,,,,,
Fish Tank 3,Fish Tanks,118,118,2025-07-02,afternoon,4.99,31.0,,,,,
Fish Tank 3,Fish Tanks,118,118,2025-07-02,morning,6.25,29.4,,,,,
Fish Tank 3,Fish Tanks,118,118,2025-07-03,morning,6.14,28.0,,,,,
Fish Tank 3,Fish Tanks,118,118,2025-07-04,afternoon,6.95,31.8,,,,,
Fish Tank 3,Fish Tanks,118,118,2025-07-04,morning,6.79,28.9,,,,,
Fish Tank 3,Fish Tanks,118,118,2025-07-08,afternoon,5.68,31.0,,,,,
Fish Tank 3,Fish Tanks,118,118,2025-07-10,afternoon,6.42,30.3,,,,,
Fish Tank 3,Fish Tanks,118,118,2025-07-10,morning,6.34,29.3,,,,,
Fish Tank 3,Fish Tanks,118,118,2025-07-11,afternoon,6.23,31.9,,,,,
Fish Tank 3,Fish Tanks,118,118,2025-07-11,morning,6.23,28.3,,,,,
Fish Tank 3,Fish Tanks,118,118,2025-07-15,afternoon,4.85,32.1,,,,,
Fish Tank 3,Fish Tanks,118,118,2025-07-15,morning,5.45,29.4,,,,,
Fish Tank 3,Fish Tanks,118,118,2025-07-16,afternoon,5.51,32.4,,,,,
Fish Tank 3,Fish Tanks,118,118,2025-07-17,afternoon,5.3,33.1,,,,,
Fish Tank 3,Fish Tanks,118,118,2025-07-17,morning,4.92,29.6,,,,,
Fish Tank 3,Fish Tanks,118,118,2025-07-18,afternoon,5.96,33.1,,,,,
Fish Tank 3,Fish Tanks,118,118,2025-07-18,morning,5.17,30.1,,,,,
Fish Tank 3,Fish Tanks,118,118,2025-07-21,afternoon,6.41,32.9,,,,,
Fish Tank 3,Fish Tanks,118,118,2025-07-21,morning,6.7,29.2,,,,,
Fish Tank 3,Fish Tanks,118,118,2025-07-22,afternoon,6.2,32.1,,,,,
Fish Tank 3,Fish Tanks,118,118,2025-07-23,afternoon,6.02,32.2,,,,,
Fish Tank 3,Fish Tanks,118,118,2025-07-23,morning,5.09,29.4,,,,,
Fish Tank 3,Fish Tanks,118,118,2025-07-24,afternoon,7.28,32.9,,,,,
Fish Tank 3,Fish Tanks,118,118,2025-07-24,morning,7.0,29.5,,,,,
Fish Tank 3,Fish Tanks,118,118,2025-07-25,afternoon,8.42,33.3,,,,,
Fish Tank 3,Fish Tanks,118,118,2025-07-28,afternoon,4.23,31.4,,,,,
Fish Tank 3,Fish Tanks,118,118,2025-07-28,morning,5.25,29.5,,,,,
Fish Tank 3,Fish Tanks,118,118,2025-07-29,afternoon,4.21,31.1,,,,,
Fish Tank 3,Fish Tanks,118,118,2025-07-29,morning,5.32,29.5,,,,,
Fish Tank 3,Fish Tanks,118,118,2025-07-30,afternoon,6.14,30.0,,,,,
Fish Tank 3,Fish Tanks,119,119,2025-07-01,afternoon,5.13,32.4,,,,,
Fish Tank 3,Fish Tanks,119,119,2025-07-01,morning,6.49,29.6,,,,,
Fish Tank 3,Fish Tanks,119,119,2025-07-02,afternoon,5.05,31.1,,,,,
Fish Tank 3,Fish Tanks,119,119,2025-07-02,morning,5.95,29.4,,,,,
Fish Tank 3,Fish Tanks,119,119,2025-07-03,morning,6.15,28.1,,,,,
Fish Tank 3,Fish Tanks,119,119,2025-07-04,afternoon,6.91,31.8,,,,,
Fish Tank 3,Fish Tanks,119,119,2025-07-04,morning,6.3,29.0,,,,,
Fish Tank 3,Fish Tanks,119,119,2025-07-08,afternoon,5.5,31.0,,,,,
Fish Tank 3,Fish Tanks,119,119,2025-07-10,afternoon,6.38,30.3,,,,,
Fish Tank 3,Fish Tanks,119,119,2025-07-10,morning,6.17,29.4,,,,,
Fish Tank 3,Fish Tanks,119,119,2025-07-11,afternoon,5.81,32.0,,,,,
Fish Tank 3,Fish Tanks,119,119,2025-07-11,morning,6.13,28.3,,,,,
Fish Tank 3,Fish Tanks,119,119,2025-07-15,afternoon,4.48,32.2,,,,,
Fish Tank 3,Fish Tanks,119,119,2025-07-15,morning,5.39,29.4,,,,,
Fish Tank 3,Fish Tanks,119,119,2025-07-16,afternoon,5.42,32.5,,,,,
Fish Tank 3,Fish Tanks,119,119,2025-07-17,afternoon,5.78,33.2,,,,,
Fish Tank 3,Fish Tanks,119,119,2025-07-17,morning,5.11,29.7,,,,,
Fish Tank 3,Fish Tanks,119,119,2025-07-18,afternoon,6.28,33.3,,,,,
Fish Tank 3,Fish Tanks,119,119,2025-07-18,morning,5.03,30.1,,,,,
Fish Tank 3,Fish Tanks,119,119,2025-07-21,afternoon,6.24,33.1,,,,,
Fish Tank 3,Fish Tanks,119,119,2025-07-21,morning,6.64,29.3,,,,,
Fish Tank 3,Fish Tanks,119,119,2025-07-22,afternoon,5.83,32.5,,,,,
Fish Tank 3,Fish Tanks,119,119,2025-07-23,afternoon,6.04,32.1,,,,,
Fish Tank 3,Fish Tanks,119,119,2025-07-23,morning,5.02,29.1,,,,,
Fish Tank 3,Fish Tanks,119,119,2025-07-24,afternoon,7.79,33.0,,,,,
Fish Tank 3,Fish Tanks,119,119,2025-07-24,morning,7.2,29.5,,,,,
Fish Tank 3,Fish Tanks,119,119,2025-07-25,afternoon,8.12,33.4,,,,,
Fish Tank 3,Fish Tanks,119,119,2025-07-28,afternoon,4.3,31.5,,,,,
Fish Tank 3,Fish Tanks,119,119,2025-07-28,morning,4.81,29.7,,,,,
Fish Tank 3,Fish Tanks,119,119,2025-07-29,afternoon,4.42,31.3,,,,,
Fish Tank 3,Fish Tanks,119,119,2025-07-29,morning,5.24,29.6,,,,,
Fish Tank 3,Fish Tanks,119,119,2025-07-30,afternoon,5.99,30.1,,,,,
Fish Tank 3,Fish Tanks,121,121,2025-07-01,afternoon,5.58,32.4,,,,,
Fish Tank 3,Fish Tanks,121,121,2025-07-01,morning,6.61,29.5,,,,,
Fish Tank 3,Fish Tanks,121,121,2025-07-02,afternoon,5.72,31.0,,,,,
Fish Tank 3,Fish Tanks,121,121,2025-07-02,morning,6.58,29.0,,,,,
Fish Tank 3,Fish Tanks,121,121,2025-07-03,morning,6.31,28.0,,,,,
Fish Tank 3,Fish Tanks,121,121,2025-07-04,afternoon,7.4,31.8,,,,,
Fish Tank 3,Fish Tanks,121,121,2025-07-04,morning,6.45,29.0,,,,,
Fish Tank 3,Fish Tanks,121,121,2025-07-07,afternoon,5.45,33.4,,,,,
Fish Tank 3,Fish Tanks,121,121,2025-07-08,afternoon,8.4,31.0,,,,,
Fish Tank 3,Fish Tanks,121,121,2025-07-09,afternoon,5.97,31.7,,,,,
Fish Tank 3,Fish Tanks,121,121,2025-07-10,afternoon,6.19,30.3,,,,,
Fish Tank 3,Fish Tanks,121,121,2025-07-10,morning,6.32,29.4,,,,,
Fish Tank 3,Fish Tanks,121,121,2025-07-11,afternoon,6.23,32.0,,,,,
Fish Tank 3,Fish Tanks,121,121,2025-07-11,morning,6.49,28.3,,,,,
Fish Tank 3,Fish Tanks,121,121,2025-07-15,afternoon,4.71,32.0,,,,,
Fish Tank 3,Fish Tanks,121,121,2025-07-15,morning,5.77,29.3,,,,,
Fish Tank 3,Fish Tanks,121,121,2025-07-16,afternoon,5.63,32.4,,,,,
Fish Tank 3,Fish Tanks,121,121,2025-07-16,morning,5.49,29.0,,,,,
Fish Tank 3,Fish Tanks,121,121,2025-07-17,afternoon,6.32,33.2,,,,,
Fish Tank 3,Fish Tanks,121,121,2025-07-17,morning,4.75,29.7,,,,,
Fish Tank 3,Fish Tanks,121,121,2025-07-18,afternoon,6.09,33.4,,,,,
Fish Tank 3,Fish Tanks,121,121,2025-07-18,morning,5.39,30.1,,,,,
Fish Tank 3,Fish Tanks,121,121,2025-07-21,afternoon,6.41,33.0,,,,,
Fish Tank 3,Fish Tanks,121,121,2025-07-21,morning,6.39,29.3,,,,,
Fish Tank 3,Fish Tanks,121,121,2025-07-22,afternoon,6.33,32.2,,,,,
Fish Tank 3,Fish Tanks,121,121,2025-07-23,afternoon,6.34,32.1,,,,,
Fish Tank 3,Fish Tanks,121,121,2025-07-23,morning,4.76,29.5,,,,,
Fish Tank 3,Fish Tanks,121,121,2025-07-24,afternoon,8.05,33.0,,,,,
Fish Tank 3,Fish Tanks,121,121,2025-07-24,morning,7.19,29.6,,,,,
Fish Tank 3,Fish Tanks,121,121,2025-07-25,afternoon,8.68,33.3,,,,,
Fish Tank 3,Fish Tanks,121,121,2025-07-28,afternoon,4.19,31.4,,,,,
Fish Tank 3,Fish Tanks,121,121,2025-07-28,morning,5.17,29.6,,,,,
Fish Tank 3,Fish Tanks,121,121,2025-07-29,afternoon,4.82,31.1,,,,,
Fish Tank 3,Fish Tanks,121,121,2025-07-29,morning,5.48,29.5,,,,,
Fish Tank 3,Fish Tanks,121,121,2025-07-30,afternoon,5.33,30.1,,,,,
Fish Tank 3,Fish Tanks,122,122,2025-07-01,afternoon,5.25,32.3,,,,,
Fish Tank 3,Fish Tanks,122,122,2025-07-01,morning,6.56,29.5,,,,,
Fish Tank 3,Fish Tanks,122,122,2025-07-02,afternoon,5.03,31.0,,,,,
Fish Tank 3,Fish Tanks,122,122,2025-07-02,morning,5.97,29.3,,,,,
Fish Tank 3,Fish Tanks,122,122,2025-07-03,morning,6.26,28.0,,,,,
Fish Tank 3,Fish Tanks,122,122,2025-07-04,afternoon,7.21,31.8,,,,,
Fish Tank 3,Fish Tanks,122,122,2025-07-04,morning,5.76,29.0,,,,,
Fish Tank 3,Fish Tanks,122,122,2025-07-07,afternoon,5.06,33.3,,,,,
Fish Tank 3,Fish Tanks,122,122,2025-07-08,afternoon,5.52,30.9,,,,,
Fish Tank 3,Fish Tanks,122,122,2025-07-09,afternoon,5.57,31.6,,,,,
Fish Tank 3,Fish Tanks,122,122,2025-07-10,afternoon,6.73,30.3,,,,,
Fish Tank 3,Fish Tanks,122,122,2025-07-10,morning,6.24,29.3,,,,,
Fish Tank 3,Fish Tanks,122,122,2025-07-11,afternoon,6.74,32.0,,,,,
Fish Tank 3,Fish Tanks,122,122,2025-07-11,morning,6.47,28.3,,,,,
Fish Tank 3,Fish Tanks,122,122,2025-07-15,afternoon,4.8,32.0,,,,,
Fish Tank 3,Fish Tanks,122,122,2025-07-15,morning,5.59,29.2,,,,,
Fish Tank 3,Fish Tanks,122,122,2025-07-16,afternoon,5.79,32.5,,,,,
Fish Tank 3,Fish Tanks,122,122,2025-07-16,morning,5.46,29.0,,,,,
Fish Tank 3,Fish Tanks,122,122,2025-07-17,afternoon,5.96,33.1,,,,,
Fish Tank 3,Fish Tanks,122,122,2025-07-17,morning,5.36,29.6,,,,,
Fish Tank 3,Fish Tanks,122,122,2025-07-18,afternoon,5.94,33.4,,,,,
Fish Tank 3,Fish Tanks,122,122,2025-07-18,morning,5.31,30.1,,,,,
Fish Tank 3,Fish Tanks,122,122,2025-07-21,afternoon,6.25,33.0,,,,,
Fish Tank 3,Fish Tanks,122,122,2025-07-21,morning,6.69,29.3,,,,,
Fish Tank 3,Fish Tanks,122,122,2025-07-22,afternoon,6.15,32.3,,,,,
Fish Tank 3,Fish Tanks,122,122,2025-07-23,afternoon,6.25,32.1,,,,,
Fish Tank 3,Fish Tanks,122,122,2025-07-23,morning,4.95,29.5,,,,,
Fish Tank 3,Fish Tanks,122,122,2025-07-24,afternoon,7.47,32.9,,,,,
Fish Tank 3,Fish Tanks,122,122,2025-07-24,morning,7.28,29.6,,,,,
Fish Tank 3,Fish Tanks,122,122,2025-07-25,afternoon,8.12,33.3,,,,,
Fish Tank 3,Fish Tanks,122,122,2025-07-28,afternoon,4.45,31.3,,,,,
Fish Tank 3,Fish Tanks,122,122,2025-07-28,morning,4.89,29.6,7.32,2.3,,,
Fish Tank 3,Fish Tanks,122,122,2025-07-29,afternoon,4.36,31.0,,,,,
Fish Tank 3,Fish Tanks,122,122,2025-07-29,morning,5.42,29.5,,,,,
Fish Tank 3,Fish Tanks,122,122,2025-07-30,afternoon,5.62,30.1,,,,,
Fish Tank 3,Fish Tanks,123,123,2025-07-01,afternoon,5.62,32.4,,,,,
Fish Tank 3,Fish Tanks,123,123,2025-07-01,morning,7.03,29.7,6.82,0.39,1.0,0.023,
Fish Tank 3,Fish Tanks,123,123,2025-07-02,afternoon,6.04,30.9,,,,,
Fish Tank 3,Fish Tanks,123,123,2025-07-02,morning,6.39,29.2,,,,,
Fish Tank 3,Fish Tanks,123,123,2025-07-03,morning,6.45,27.9,,,,,
Fish Tank 3,Fish Tanks,123,123,2025-07-04,afternoon,6.29,31.8,,,,,
Fish Tank 3,Fish Tanks,123,123,2025-07-04,morning,5.94,28.9,7.04,1.9,2.1,0.069,
Fish Tank 3,Fish Tanks,123,123,2025-07-08,afternoon,6.38,30.8,,,,,
Fish Tank 3,Fish Tanks,123,123,2025-07-10,afternoon,7.05,30.3,,,,,
Fish Tank 3,Fish Tanks,123,123,2025-07-10,morning,6.25,29.3,,,,,
Fish Tank 3,Fish Tanks,123,123,2025-07-11,afternoon,7.9,31.9,,,,,
Fish Tank 3,Fish Tanks,123,123,2025-07-11,morning,7.24,28.2,,,,,
Fish Tank 3,Fish Tanks,123,123,2025-07-15,afternoon,5.61,32.1,,,,,
Fish Tank 3,Fish Tanks,123,123,2025-07-15,morning,5.96,29.2,,,,,
Fish Tank 3,Fish Tanks,123,123,2025-07-16,afternoon,6.13,32.4,,,,,
Fish Tank 3,Fish Tanks,123,123,2025-07-17,afternoon,6.61,33.1,,,,,
Fish Tank 3,Fish Tanks,123,123,2025-07-17,morning,5.7,29.6,,,,,
Fish Tank 3,Fish Tanks,123,123,2025-07-18,afternoon,6.73,33.3,,,,,
Fish Tank 3,Fish Tanks,123,123,2025-07-18,morning,5.8,30.0,,,,,
Fish Tank 3,Fish Tanks,123,123,2025-07-21,afternoon,6.33,33.1,,,,,
Fish Tank 3,Fish Tanks,123,123,2025-07-21,morning,6.75,29.2,,,,,
Fish Tank 3,Fish Tanks,123,123,2025-07-22,afternoon,6.45,32.2,,,,,
Fish Tank 3,Fish Tanks,123,123,2025-07-23,afternoon,6.06,32.1,,,,,
Fish Tank 3,Fish Tanks,123,123,2025-07-23,morning,5.13,29.4,,,,,
Fish Tank 3,Fish Tanks,123,123,2025-07-24,afternoon,9.11,32.9,,,,,
Fish Tank 3,Fish Tanks,123,123,2025-07-24,morning,8.35,29.5,,,,,
Fish Tank 3,Fish Tanks,123,123,2025-07-25,afternoon,9.26,33.2,,,,,
Fish Tank 3,Fish Tanks,123,123,2025-07-28,afternoon,5.42,31.2,,,,,
Fish Tank 3,Fish Tanks,123,123,2025-07-28,morning,5.54,29.5,,,,,
Fish Tank 3,Fish Tanks,123,123,2025-07-29,afternoon,5.11,31.0,,,,,
Fish Tank 3,Fish Tanks,123,123,2025-07-29,morning,5.89,29.4,,,,,
Fish Tank 3,Fish Tanks,123,123,2025-07-30,afternoon,6.42,30.1,,,,,
Fish Tank 3,Fish Tanks,124,124,2025-07-01,afternoon,5.51,32.2,,,,,
Fish Tank 3,Fish Tanks,124,124,2025-07-01,morning,6.56,29.5,,,,,
Fish Tank 3,Fish Tanks,124,124,2025-07-02,afternoon,5.13,30.9,,,,,
Fish Tank 3,Fish Tanks,124,124,2025-07-02,morning,6.19,29.4,,,,,
Fish Tank 3,Fish Tanks,124,124,2025-07-03,morning,6.23,27.9,,,,,
Fish Tank 3,Fish Tanks,124,124,2025-07-04,afternoon,7.15,31.6,,,,,
Fish Tank 3,Fish Tanks,124,124,2025-07-04,morning,6.43,28.9,,,,,
Fish Tank 3,Fish Tanks,124,124,2025-07-08,afternoon,5.45,30.8,,,,,
Fish Tank 3,Fish Tanks,124,124,2025-07-10,afternoon,6.86,30.3,,,,,
Fish Tank 3,Fish Tanks,124,124,2025-07-10,morning,6.05,29.3,,,,,
Fish Tank 3,Fish Tanks,124,124,2025-07-11,afternoon,7.13,31.9,,,,,
Fish Tank 3,Fish Tanks,124,124,2025-07-11,morning,6.45,28.3,,,,,
Fish Tank 3,Fish Tanks,124,124,2025-07-15,afternoon,5.28,31.9,,,,,
Fish Tank 3,Fish Tanks,124,124,2025-07-15,morning,5.79,29.1,,,,,
Fish Tank 3,Fish Tanks,124,124,2025-07-16,afternoon,5.93,32.3,,,,,
Fish Tank 3,Fish Tanks,124,124,2025-07-17,afternoon,5.75,33.0,,,,,
Fish Tank 3,Fish Tanks,124,124,2025-07-17,morning,5.1,29.6,,,,,
Fish Tank 3,Fish Tanks,124,124,2025-07-18,afternoon,6.02,33.2,,,,,
Fish Tank 3,Fish Tanks,124,124,2025-07-18,morning,5.19,30.0,,,,,
Fish Tank 3,Fish Tanks,124,124,2025-07-21,afternoon,6.36,32.8,,,,,
Fish Tank 3,Fish Tanks,124,124,2025-07-21,morning,6.67,29.2,,,,,
Fish Tank 3,Fish Tanks,124,124,2025-07-22,afternoon,6.09,32.1,,,,,
Fish Tank 3,Fish Tanks,124,124,2025-07-23,afternoon,6.66,32.0,,,,,
Fish Tank 3,Fish Tanks,124,124,2025-07-23,morning,5.2,29.4,,,,,
Fish Tank 3,Fish Tanks,124,124,2025-07-24,afternoon,8.31,32.8,,,,,
Fish Tank 3,Fish Tanks,124,124,2025-07-24,morning,7.0,29.5,,,,,
Fish Tank 3,Fish Tanks,124,124,2025-07-25,afternoon,7.78,33.2,,,,,
Fish Tank 3,Fish Tanks,124,124,2025-07-28,afternoon,4.63,31.2,,,,,
Fish Tank 3,Fish Tanks,124,124,2025-07-28,morning,5.26,29.5,,,,,
Fish Tank 3,Fish Tanks,124,124,2025-07-29,afternoon,4.16,31.2,,,,,
Fish Tank 3,Fish Tanks,124,124,2025-07-29,morning,5.42,29.4,,,,,
Fish Tank 3,Fish Tanks,124,124,2025-07-30,afternoon,5.58,30.4,,,,,
Fish Tank 3,Fish Tanks,125,125,2025-07-01,afternoon,4.94,32.5,,,,,
Fish Tank 3,Fish Tanks,125,125,2025-07-01,morning,6.41,29.8,,,,,
Fish Tank 3,Fish Tanks,125,125,2025-07-02,afternoon,4.77,31.1,,,,,
Fish Tank 3,Fish Tanks,125,125,2025-07-02,morning,6.0,29.4,,,,,
Fish Tank 3,Fish Tanks,125,125,2025-07-03,morning,5.84,28.0,,,,,
Fish Tank 3,Fish Tanks,125,125,2025-07-04,afternoon,6.74,31.9,,,,,
Fish Tank 3,Fish Tanks,125,125,2025-07-04,morning,5.81,29.0,,,,,
Fish Tank 3,Fish Tanks,125,125,2025-07-08,afternoon,5.37,30.9,,,,,
Fish Tank 3,Fish Tanks,125,125,2025-07-10,afternoon,6.59,30.5,,,,,
Fish Tank 3,Fish Tanks,125,125,2025-07-10,morning,6.26,29.5,,,,,
Fish Tank 3,Fish Tanks,125,125,2025-07-11,afternoon,7.1,32.2,,,,,
Fish Tank 3,Fish Tanks,125,125,2025-07-11,morning,6.5,28.4,,,,,
Fish Tank 3,Fish Tanks,125,125,2025-07-15,afternoon,4.73,32.2,,,,,
Fish Tank 3,Fish Tanks,125,125,2025-07-15,morning,5.43,29.2,,,,,
Fish Tank 3,Fish Tanks,125,125,2025-07-16,afternoon,6.12,32.5,,,,,
Fish Tank 3,Fish Tanks,125,125,2025-07-17,afternoon,6.55,33.3,,,,,
Fish Tank 3,Fish Tanks,125,125,2025-07-17,morning,4.79,29.7,,,,,
Fish Tank 3,Fish Tanks,125,125,2025-07-18,afternoon,6.22,33.5,,,,,
Fish Tank 3,Fish Tanks,125,125,2025-07-18,morning,5.03,30.2,,,,,
Fish Tank 3,Fish Tanks,125,125,2025-07-21,afternoon,5.93,33.1,,,,,
Fish Tank 3,Fish Tanks,125,125,2025-07-21,morning,6.62,29.3,,,,,
Fish Tank 3,Fish Tanks,125,125,2025-07-22,afternoon,6.05,32.4,,,,,
Fish Tank 3,Fish Tanks,125,125,2025-07-23,afternoon,6.63,32.3,,,,,
Fish Tank 3,Fish Tanks,125,125,2025-07-23,morning,5.55,29.5,,,,,
Fish Tank 3,Fish Tanks,125,125,2025-07-24,afternoon,7.18,33.0,,,,,
Fish Tank 3,Fish Tanks,125,125,2025-07-24,morning,6.4,29.7,,,,,
Fish Tank 3,Fish Tanks,125,125,2025-07-25,afternoon,6.27,33.4,,,,,
Fish Tank 3,Fish Tanks,125,125,2025-07-28,afternoon,4.34,31.6,,,,,
Fish Tank 3,Fish Tanks,125,125,2025-07-28,morning,5.05,29.6,,,,,
Fish Tank 3,Fish Tanks,125,125,2025-07-29,afternoon,5.15,32.1,,,,,
Fish Tank 3,Fish Tanks,125,125,2025-07-29,morning,5.21,29.7,,,,,
Fish Tank 3,Fish Tanks,125,125,2025-07-30,afternoon,6.66,31.0,,,,,
Fish Tank 3,Fish Tanks,126,126,2025-07-01,afternoon,6.13,32.5,,,,,
Fish Tank 3,Fish Tanks,126,126,2025-07-01,morning,6.93,29.8,,,,,
Fish Tank 3,Fish Tanks,126,126,2025-07-02,afternoon,5.99,31.1,,,,,
Fish Tank 3,Fish Tanks,126,126,2025-07-02,morning,6.49,29.2,,,,,
Fish Tank 3,Fish Tanks,126,126,2025-07-03,morning,6.57,27.9,,,,,
Fish Tank 3,Fish Tanks,126,126,2025-07-04,afternoon,7.01,31.8,,,,,
Fish Tank 3,Fish Tanks,126,126,2025-07-04,morning,6.15,29.2,,,,,
Fish Tank 3,Fish Tanks,126,126,2025-07-08,afternoon,6.28,30.9,,,,,
Fish Tank 3,Fish Tanks,126,126,2025-07-10,afternoon,6.85,30.5,,,,,
Fish Tank 3,Fish Tanks,126,126,2025-07-10,morning,6.78,29.5,,,,,
Fish Tank 3,Fish Tanks,126,126,2025-07-11,afternoon,7.41,32.3,,,,,
Fish Tank 3,Fish Tanks,126,126,2025-07-11,morning,6.78,28.5,,,,,
Fish Tank 3,Fish Tanks,126,126,2025-07-15,afternoon,5.22,32.1,,,,,
Fish Tank 3,Fish Tanks,126,126,2025-07-15,morning,6.33,29.1,,,,,
Fish Tank 3,Fish Tanks,126,126,2025-07-16,afternoon,5.84,32.4,,,,,
Fish Tank 3,Fish Tanks,126,126,2025-07-17,afternoon,6.25,33.2,,,,,
Fish Tank 3,Fish Tanks,126,126,2025-07-17,morning,5.55,29.7,,,,,
Fish Tank 3,Fish Tanks,126,126,2025-07-18,afternoon,5.32,33.5,,,,,
Fish Tank 3,Fish Tanks,126,126,2025-07-18,morning,5.56,30.1,,,,,
Fish Tank 3,Fish Tanks,126,126,2025-07-21,afternoon,6.02,33.4,,,,,
Fish Tank 3,Fish Tanks,126,126,2025-07-21,morning,6.53,29.3,,,,,
Fish Tank 3,Fish Tanks,126,126,2025-07-22,afternoon,6.57,32.5,,,,,
Fish Tank 3,Fish Tanks,126,126,2025-07-23,afternoon,6.72,32.0,,,,,
Fish Tank 3,Fish Tanks,126,126,2025-07-23,morning,5.1,29.4,,,,,
Fish Tank 3,Fish Tanks,126,126,2025-07-24,afternoon,8.58,33.0,,,,,
Fish Tank 3,Fish Tanks,126,126,2025-07-24,morning,8.03,29.7,,,,,
Fish Tank 3,Fish Tanks,126,126,2025-07-25,afternoon,8.88,33.4,,,,,
Fish Tank 3,Fish Tanks,126,126,2025-07-28,afternoon,5.5,31.8,,,,,
Fish Tank 3,Fish Tanks,126,126,2025-07-28,morning,5.7,29.7,,,,,
Fish Tank 3,Fish Tanks,126,126,2025-07-29,afternoon,5.9,32.3,,,,,
Fish Tank 3,Fish Tanks,126,126,2025-07-29,morning,5.43,29.8,,,,,
Fish Tank 3,Fish Tanks,126,126,2025-07-30,afternoon,6.32,31.1,,,,,
Fish Tank 3,Fish Tanks,127,127,2025-07-01,afternoon,5.41,32.1,,,,,
Fish Tank 3,Fish Tanks,127,127,2025-07-01,morning,6.56,29.5,,,,,
Fish Tank 3,Fish Tanks,127,127,2025-07-02,afternoon,4.5,30.9,,,,,
Fish Tank 3,Fish Tanks,127,127,2025-07-02,morning,5.93,29.0,,,,,
Fish Tank 3,Fish Tanks,127,127,2025-07-03,morning,5.76,,,,,,
Fish Tank 3,Fish Tanks,127,127,2025-07-04,afternoon,7.09,31.6,,,,,
Fish Tank 3,Fish Tanks,127,127,2025-07-04,morning,5.66,28.8,,,,,
Fish Tank 3,Fish Tanks,127,127,2025-07-08,afternoon,5.24,30.8,,,,,
Fish Tank 3,Fish Tanks,127,127,2025-07-10,afternoon,6.32,30.5,,,,,
Fish Tank 3,Fish Tanks,127,127,2025-07-10,morning,6.12,29.5,,,,,
Fish Tank 3,Fish Tanks,127,127,2025-07-11,afternoon,6.96,32.1,,,,,
Fish Tank 3,Fish Tanks,127,127,2025-07-11,morning,6.11,28.7,,,,,
Fish Tank 3,Fish Tanks,127,127,2025-07-15,afternoon,5.11,32.7,,,,,
Fish Tank 3,Fish Tanks,127,127,2025-07-15,morning,5.14,26.1,,,,,
Fish Tank 3,Fish Tanks,127,127,2025-07-16,afternoon,4.41,32.4,,,,,
Fish Tank 3,Fish Tanks,127,127,2025-07-17,afternoon,4.64,33.0,,,,,
Fish Tank 3,Fish Tanks,127,127,2025-07-17,morning,4.73,29.7,,,,,
Fish Tank 3,Fish Tanks,127,127,2025-07-18,afternoon,6.29,33.3,,,,,
Fish Tank 3,Fish Tanks,127,127,2025-07-18,morning,4.86,30.0,,,,,
Fish Tank 3,Fish Tanks,127,127,2025-07-21,afternoon,5.12,34.0,,,,,
Fish Tank 3,Fish Tanks,127,127,2025-07-21,morning,6.2,29.1,,,,,
Fish Tank 3,Fish Tanks,127,127,2025-07-22,afternoon,4.06,32.6,,,,,
Fish Tank 3,Fish Tanks,127,127,2025-07-23,afternoon,5.78,32.3,,,,,
Fish Tank 3,Fish Tanks,127,127,2025-07-23,morning,5.3,28.9,,,,,
Fish Tank 3,Fish Tanks,127,127,2025-07-24,afternoon,9.03,32.9,,,,,
Fish Tank 3,Fish Tanks,127,127,2025-07-24,morning,6.3,29.5,,,,,
Fish Tank 3,Fish Tanks,127,127,2025-07-25,afternoon,9.0,33.1,,,,,
Fish Tank 3,Fish Tanks,127,127,2025-07-28,afternoon,4.05,31.9,,,,,
Fish Tank 3,Fish Tanks,127,127,2025-07-28,morning,4.64,29.7,,,,,
Fish Tank 3,Fish Tanks,127,127,2025-07-29,afternoon,4.83,32.3,,,,,
Fish Tank 3,Fish Tanks,127,127,2025-07-29,morning,4.42,29.7,,,,,
Fish Tank 3,Fish Tanks,127,127,2025-07-30,afternoon,6.48,31.1,,,,,
Fish Tank 3,Fish Tanks,128,128,2025-07-01,afternoon,5.81,32.2,,,,,
Fish Tank 3,Fish Tanks,128,128,2025-07-01,morning,6.68,29.4,,,,,
Fish Tank 3,Fish Tanks,128,128,2025-07-02,afternoon,5.11,30.9,,,,,
Fish Tank 3,Fish Tanks,128,128,2025-07-02,morning,5.64,29.3,,,,,
Fish Tank 3,Fish Tanks,128,128,2025-07-03,morning,6.18,27.9,,,,,
Fish Tank 3,Fish Tanks,128,128,2025-07-04,afternoon,6.83,31.8,,,,,
Fish Tank 3,Fish Tanks,128,128,2025-07-04,morning,5.56,28.9,,,,,
Fish Tank 3,Fish Tanks,128,128,2025-07-08,afternoon,5.75,30.9,,,,,
Fish Tank 3,Fish Tanks,128,128,2025-07-10,afternoon,6.17,30.5,,,,,
Fish Tank 3,Fish Tanks,128,128,2025-07-10,morning,6.15,29.4,,,,,
Fish Tank 3,Fish Tanks,128,128,2025-07-11,afternoon,7.05,32.2,,,,,
Fish Tank 3,Fish Tanks,128,128,2025-07-11,morning,6.29,28.4,7.43,3.05,1.2,0.137,
Fish Tank 3,Fish Tanks,128,128,2025-07-15,afternoon,5.54,32.8,,,,,
Fish Tank 3,Fish Tanks,128,128,2025-07-15,morning,5.45,29.1,,,,,
Fish Tank 3,Fish Tanks,128,128,2025-07-16,afternoon,4.81,32.5,,,,,
Fish Tank 3,Fish Tanks,128,128,2025-07-17,afternoon,5.31,33.2,,,,,
Fish Tank 3,Fish Tanks,128,128,2025-07-17,morning,5.27,29.6,,,,,
Fish Tank 3,Fish Tanks,128,128,2025-07-18,afternoon,6.39,33.5,,,,,
Fish Tank 3,Fish Tanks,128,128,2025-07-18,morning,5.33,30.0,,,,,
Fish Tank 3,Fish Tanks,128,128,2025-07-21,afternoon,5.52,34.2,,,,,
Fish Tank 3,Fish Tanks,128,128,2025-07-21,morning,5.95,29.1,,,,,
Fish Tank 3,Fish Tanks,128,128,2025-07-22,afternoon,4.41,32.7,,,,,
Fish Tank 3,Fish Tanks,128,128,2025-07-23,afternoon,5.28,32.5,,,,,
Fish Tank 3,Fish Tanks,128,128,2025-07-23,morning,4.92,29.4,,,,,
Fish Tank 3,Fish Tanks,128,128,2025-07-24,afternoon,7.17,33.1,,,,,
Fish Tank 3,Fish Tanks,128,128,2025-07-24,morning,6.54,29.4,,,,,
Fish Tank 3,Fish Tanks,128,128,2025-07-25,afternoon,8.91,33.4,,,,,
Fish Tank 3,Fish Tanks,128,128,2025-07-28,afternoon,4.61,32.1,,,,,
Fish Tank 3,Fish Tanks,128,128,2025-07-28,morning,5.23,29.7,,,,,
Fish Tank 3,Fish Tanks,128,128,2025-07-29,afternoon,5.01,32.3,,,,,
Fish Tank 3,Fish Tanks,128,128,2025-07-29,morning,5.52,29.8,,,,,
Fish Tank 3,Fish Tanks,128,128,2025-07-30,afternoon,6.6,31.1,,,,,
Fish Tank 3,Fish Tanks,129,129,2025-07-07,morning,,,7.08,4.5,3.0,0.32,
Fish Tank 3,Fish Tanks,131,131,2025-07-01,afternoon,5.27,32.3,,,,,
Fish Tank 3,Fish Tanks,131,131,2025-07-01,morning,6.52,29.5,,,,,
Fish Tank 3,Fish Tanks,131,131,2025-07-02,afternoon,4.91,31.0,,,,,
Fish Tank 3,Fish Tanks,131,131,2025-07-02,morning,6.02,29.4,,,,,
Fish Tank 3,Fish Tanks,131,131,2025-07-03,morning,6.17,27.9,,,,,
Fish Tank 3,Fish Tanks,131,131,2025-07-04,afternoon,7.21,31.7,,,,,
Fish Tank 3,Fish Tanks,131,131,2025-07-04,morning,6.16,29.1,,,,,
Fish Tank 3,Fish Tanks,131,131,2025-07-08,afternoon,5.35,30.8,,,,,
Fish Tank 3,Fish Tanks,131,131,2025-07-10,afternoon,6.08,30.3,,,,,
Fish Tank 3,Fish Tanks,131,131,2025-07-10,morning,6.28,29.4,,,,,
Fish Tank 3,Fish Tanks,131,131,2025-07-11,afternoon,6.46,32.1,,,,,
Fish Tank 3,Fish Tanks,131,131,2025-07-11,morning,6.26,28.4,,,,,
Fish Tank 3,Fish Tanks,131,131,2025-07-15,afternoon,5.55,32.6,,,,,
Fish Tank 3,Fish Tanks,131,131,2025-07-15,morning,5.8,29.1,,,,,
Fish Tank 3,Fish Tanks,131,131,2025-07-16,afternoon,4.57,32.4,,,,,
Fish Tank 3,Fish Tanks,131,131,2025-07-17,afternoon,4.42,33.1,,,,,
Fish Tank 3,Fish Tanks,131,131,2025-07-17,morning,4.87,29.7,,,,,
Fish Tank 3,Fish Tanks,131,131,2025-07-18,afternoon,5.2,33.4,,,,,
Fish Tank 3,Fish Tanks,131,131,2025-07-18,morning,5.15,30.1,,,,,
Fish Tank 3,Fish Tanks,131,131,2025-07-21,afternoon,5.22,33.8,,,,,
Fish Tank 3,Fish Tanks,131,131,2025-07-21,morning,6.51,29.2,,,,,
Fish Tank 3,Fish Tanks,131,131,2025-07-22,afternoon,4.47,32.5,,,,,
Fish Tank 3,Fish Tanks,131,131,2025-07-23,afternoon,5.3,32.2,,,,,
Fish Tank 3,Fish Tanks,131,131,2025-07-23,morning,5.49,29.8,,,,,
Fish Tank 3,Fish Tanks,131,131,2025-07-24,afternoon,7.7,32.8,,,,,
Fish Tank 3,Fish Tanks,131,131,2025-07-24,morning,6.92,29.6,,,,,
Fish Tank 3,Fish Tanks,131,131,2025-07-25,afternoon,9.1,33.2,,,,,
Fish Tank 3,Fish Tanks,131,131,2025-07-28,afternoon,4.31,32.3,,,,,
Fish Tank 3,Fish Tanks,131,131,2025-07-28,morning,5.19,29.8,,,,,
Fish Tank 3,Fish Tanks,131,131,2025-07-29,afternoon,4.89,32.3,,,,,
Fish Tank 3,Fish Tanks,131,131,2025-07-29,morning,5.38,29.9,,,,,
Fish Tank 3,Fish Tanks,131,131,2025-07-30,afternoon,6.55,31.1,,,,,
Fish Tank 3,Fish Tanks,132,132,2025-07-01,afternoon,5.55,32.3,,,,,
Fish Tank 3,Fish Tanks,132,132,2025-07-01,morning,6.44,29.5,,,,,
Fish Tank 3,Fish Tanks,132,132,2025-07-02,afternoon,4.81,31.1,,,,,
Fish Tank 3,Fish Tanks,132,132,2025-07-02,morning,5.78,29.4,,,,,
Fish Tank 3,Fish Tanks,132,132,2025-07-03,morning,6.35,27.9,,,,,
Fish Tank 3,Fish Tanks,132,132,2025-07-04,afternoon,7.19,31.9,,,,,
Fish Tank 3,Fish Tanks,132,132,2025-07-04,morning,6.47,29.1,,,,,
Fish Tank 3,Fish Tanks,132,132,2025-07-08,afternoon,5.53,30.8,,,,,
Fish Tank 3,Fish Tanks,132,132,2025-07-10,afternoon,6.22,30.3,,,,,
Fish Tank 3,Fish Tanks,132,132,2025-07-10,morning,6.07,29.4,,,,,
Fish Tank 3,Fish Tanks,132,132,2025-07-11,afternoon,6.27,32.0,,,,,
Fish Tank 3,Fish Tanks,132,132,2025-07-11,morning,6.13,28.4,,,,,
Fish Tank 3,Fish Tanks,132,132,2025-07-15,afternoon,5.33,32.7,,,,,
Fish Tank 3,Fish Tanks,132,132,2025-07-15,morning,5.51,29.2,,,,,
Fish Tank 3,Fish Tanks,132,132,2025-07-16,afternoon,4.44,32.4,,,,,
Fish Tank 3,Fish Tanks,132,132,2025-07-17,afternoon,4.63,33.2,,,,,
Fish Tank 3,Fish Tanks,132,132,2025-07-17,morning,5.07,29.7,,,,,
Fish Tank 3,Fish Tanks,132,132,2025-07-18,afternoon,5.88,33.4,,,,,
Fish Tank 3,Fish Tanks,132,132,2025-07-18,morning,5.11,30.2,,,,,
Fish Tank 3,Fish Tanks,132,132,2025-07-21,afternoon,5.27,33.9,,,,,
Fish Tank 3,Fish Tanks,132,132,2025-07-21,morning,6.25,29.2,,,,,
Fish Tank 3,Fish Tanks,132,132,2025-07-22,afternoon,4.32,32.4,,,,,
Fish Tank 3,Fish Tanks,132,132,2025-07-23,afternoon,5.07,32.5,,,,,
Fish Tank 3,Fish Tanks,132,132,2025-07-23,morning,5.46,29.8,,,,,
Fish Tank 3,Fish Tanks,132,132,2025-07-24,afternoon,6.81,32.9,,,,,
Fish Tank 3,Fish Tanks,132,132,2025-07-24,morning,6.68,29.6,,,,,
Fish Tank 3,Fish Tanks,132,132,2025-07-25,afternoon,8.62,33.2,,,,,
Fish Tank 3,Fish Tanks,132,132,2025-07-28,afternoon,4.55,31.9,,,,,
Fish Tank 3,Fish Tanks,132,132,2025-07-28,morning,5.09,29.8,,,,,
Fish Tank 3,Fish Tanks,132,132,2025-07-29,afternoon,4.64,32.2,,,,,
Fish Tank 3,Fish Tanks,132,132,2025-07-29,morning,5.35,29.8,,,,,
Fish Tank 3,Fish Tanks,132,132,2025-07-30,afternoon,6.17,30.9,,,,,
Fish Tank 3,Fish Tanks,133,133,2025-07-01,afternoon,5.51,32.3,,,,,
Fish Tank 3,Fish Tanks,133,133,2025-07-01,morning,6.7,29.5,,,,,
Fish Tank 3,Fish Tanks,133,133,2025-07-02,afternoon,4.85,31.0,,,,,
Fish Tank 3,Fish Tanks,133,133,2025-07-02,morning,6.39,29.3,,,,,
Fish Tank 3,Fish Tanks,133,133,2025-07-03,morning,5.99,27.9,,,,,
Fish Tank 3,Fish Tanks,133,133,2025-07-04,afternoon,6.56,31.6,,,,,
Fish Tank 3,Fish Tanks,133,133,2025-07-04,morning,5.83,29.0,,,,,
Fish Tank 3,Fish Tanks,133,133,2025-07-08,afternoon,5.66,30.7,,,,,
Fish Tank 3,Fish Tanks,133,133,2025-07-10,afternoon,6.25,30.2,,,,,
Fish Tank 3,Fish Tanks,133,133,2025-07-10,morning,6.14,29.3,,,,,
Fish Tank 3,Fish Tanks,133,133,2025-07-11,afternoon,6.65,31.8,,,,,
Fish Tank 3,Fish Tanks,133,133,2025-07-11,morning,6.36,28.3,,,,,
Fish Tank 3,Fish Tanks,133,133,2025-07-15,afternoon,5.17,32.6,,,,,
Fish Tank 3,Fish Tanks,133,133,2025-07-15,morning,5.72,29.1,,,,,
Fish Tank 3,Fish Tanks,133,133,2025-07-16,afternoon,4.72,32.2,,,,,
Fish Tank 3,Fish Tanks,133,133,2025-07-17,afternoon,4.56,32.9,,,,,
Fish Tank 3,Fish Tanks,133,133,2025-07-17,morning,5.23,29.6,,,,,
Fish Tank 3,Fish Tanks,133,133,2025-07-18,afternoon,5.93,33.2,,,,,
Fish Tank 3,Fish Tanks,133,133,2025-07-18,morning,5.41,30.1,,,,,
Fish Tank 3,Fish Tanks,133,133,2025-07-21,afternoon,5.33,33.6,,,,,
Fish Tank 3,Fish Tanks,133,133,2025-07-21,morning,6.4,29.2,,,,,
Fish Tank 3,Fish Tanks,133,133,2025-07-22,afternoon,4.2,32.2,,,,,
Fish Tank 3,Fish Tanks,133,133,2025-07-23,afternoon,6.69,31.6,,,,,
Fish Tank 3,Fish Tanks,133,133,2025-07-23,morning,5.79,29.3,,,,,
Fish Tank 3,Fish Tanks,133,133,2025-07-24,afternoon,7.97,32.7,,,,,
Fish Tank 3,Fish Tanks,133,133,2025-07-24,morning,6.97,29.5,,,,,
Fish Tank 3,Fish Tanks,133,133,2025-07-25,afternoon,9.57,33.1,,,,,
Fish Tank 3,Fish Tanks,133,133,2025-07-28,afternoon,4.41,31.5,,,,,
Fish Tank 3,Fish Tanks,133,133,2025-07-28,morning,4.82,29.7,,,,,
Fish Tank 3,Fish Tanks,133,133,2025-07-29,afternoon,4.6,31.6,,,,,
Fish Tank 3,Fish Tanks,133,133,2025-07-29,morning,5.18,29.6,,,,,
Fish Tank 3,Fish Tanks,133,133,2025-07-30,afternoon,6.82,30.9,,,,,
Fish Tank 3,Fish Tanks,134,134,2025-07-01,afternoon,4.94,32.4,,,,,
Fish Tank 3,Fish Tanks,134,134,2025-07-01,morning,6.76,29.5,,,,,
Fish Tank 3,Fish Tanks,134,134,2025-07-02,afternoon,4.15,31.2,,,,,
Fish Tank 3,Fish Tanks,134,134,2025-07-02,morning,5.97,29.4,,,,,
Fish Tank 3,Fish Tanks,134,134,2025-07-03,morning,5.61,28.2,,,,,
Fish Tank 3,Fish Tanks,134,134,2025-07-04,afternoon,7.1,31.8,,,,,
Fish Tank 3,Fish Tanks,134,134,2025-07-04,morning,6.19,29.1,,,,,
Fish Tank 3,Fish Tanks,134,134,2025-07-08,afternoon,5.9,30.8,,,,,
Fish Tank 3,Fish Tanks,134,134,2025-07-10,afternoon,6.39,30.3,,,,,
Fish Tank 3,Fish Tanks,134,134,2025-07-10,morning,5.94,29.4,,,,,
Fish Tank 3,Fish Tanks,134,134,2025-07-11,afternoon,6.39,32.0,,,,,
Fish Tank 3,Fish Tanks,134,134,2025-07-11,morning,6.54,28.4,,,,,
Fish Tank 3,Fish Tanks,134,134,2025-07-15,afternoon,5.49,32.7,,,,,
Fish Tank 3,Fish Tanks,134,134,2025-07-15,morning,6.27,29.2,,,,,
Fish Tank 3,Fish Tanks,134,134,2025-07-16,afternoon,4.83,32.4,,,,,
Fish Tank 3,Fish Tanks,134,134,2025-07-17,afternoon,4.54,33.2,,,,,
Fish Tank 3,Fish Tanks,134,134,2025-07-17,morning,5.6,29.7,,,,,
Fish Tank 3,Fish Tanks,134,134,2025-07-18,afternoon,5.84,33.4,,,,,
Fish Tank 3,Fish Tanks,134,134,2025-07-18,morning,5.87,30.2,,,,,
Fish Tank 3,Fish Tanks,134,134,2025-07-21,afternoon,5.63,33.8,,,,,
Fish Tank 3,Fish Tanks,134,134,2025-07-21,morning,6.46,29.3,,,,,
Fish Tank 3,Fish Tanks,134,134,2025-07-22,afternoon,4.67,32.3,,,,,
Fish Tank 3,Fish Tanks,134,134,2025-07-23,afternoon,6.32,31.9,,,,,
Fish Tank 3,Fish Tanks,134,134,2025-07-23,morning,5.37,29.4,,,,,
Fish Tank 3,Fish Tanks,134,134,2025-07-24,afternoon,8.12,32.9,,,,,
Fish Tank 3,Fish Tanks,134,134,2025-07-24,morning,7.48,29.6,,,,,
Fish Tank 3,Fish Tanks,134,134,2025-07-25,afternoon,9.14,33.2,,,,,
Fish Tank 3,Fish Tanks,134,134,2025-07-28,afternoon,4.6,31.7,,,,,
Fish Tank 3,Fish Tanks,134,134,2025-07-28,morning,5.43,29.7,,,,,
Fish Tank 3,Fish Tanks,134,134,2025-07-29,afternoon,4.71,31.5,,,,,
Fish Tank 3,Fish Tanks,134,134,2025-07-29,morning,5.54,29.6,,,,,
Fish Tank 3,Fish Tanks,134,134,2025-07-30,afternoon,6.1,30.5,,,,,
Fish Tank 3,Fish Tanks,136,136,2025-07-01,afternoon,4.91,32.7,,,,,
Fish Tank 3,Fish Tanks,136,136,2025-07-02,afternoon,4.83,31.2,,,,,
Fish Tank 3,Fish Tanks,136,136,2025-07-02,morning,5.98,29.3,,,,,
Fish Tank 3,Fish Tanks,136,136,2025-07-03,morning,5.93,28.1,,,,,
Fish Tank 3,Fish Tanks,136,136,2025-07-04,afternoon,7.15,31.9,,,,,
Fish Tank 3,Fish Tanks,136,136,2025-07-04,morning,5.8,29.1,,,,,
Fish Tank 3,Fish Tanks,136,136,2025-07-08,afternoon,5.56,30.9,,,,,
Fish Tank 3,Fish Tanks,136,136,2025-07-10,afternoon,6.56,30.3,,,,,
Fish Tank 3,Fish Tanks,136,136,2025-07-10,morning,6.27,29.4,,,,,
Fish Tank 3,Fish Tanks,136,136,2025-07-11,afternoon,6.7,32.0,,,,,
Fish Tank 3,Fish Tanks,136,136,2025-07-11,morning,6.12,28.4,,,,,
Fish Tank 3,Fish Tanks,136,136,2025-07-15,afternoon,5.28,32.7,,,,,
Fish Tank 3,Fish Tanks,136,136,2025-07-15,morning,5.78,29.3,,,,,
Fish Tank 3,Fish Tanks,136,136,2025-07-16,afternoon,4.43,32.5,,,,,
Fish Tank 3,Fish Tanks,136,136,2025-07-17,afternoon,4.14,33.3,,,,,
Fish Tank 3,Fish Tanks,136,136,2025-07-17,morning,5.24,29.7,,,,,
Fish Tank 3,Fish Tanks,136,136,2025-07-18,afternoon,5.44,33.4,,,,,
Fish Tank 3,Fish Tanks,136,136,2025-07-18,morning,5.28,30.2,,,,,
Fish Tank 3,Fish Tanks,136,136,2025-07-21,afternoon,5.1,33.8,,,,,
Fish Tank 3,Fish Tanks,136,136,2025-07-21,morning,6.19,29.3,,,,,
Fish Tank 3,Fish Tanks,136,136,2025-07-22,afternoon,4.31,32.5,,,,,
Fish Tank 3,Fish Tanks,136,136,2025-07-23,afternoon,6.82,31.7,,,,,
Fish Tank 3,Fish Tanks,136,136,2025-07-23,morning,5.35,29.2,,,,,
Fish Tank 3,Fish Tanks,136,136,2025-07-24,afternoon,7.13,32.9,,,,,
Fish Tank 3,Fish Tanks,136,136,2025-07-24,morning,6.55,29.6,,,,,
Fish Tank 3,Fish Tanks,136,136,2025-07-25,afternoon,9.44,33.3,,,,,
Fish Tank 3,Fish Tanks,136,136,2025-07-28,afternoon,4.34,31.8,,,,,
Fish Tank 3,Fish Tanks,136,136,2025-07-28,morning,4.71,29.8,,,,,
Fish Tank 3,Fish Tanks,136,136,2025-07-29,afternoon,4.47,31.6,,,,,
Fish Tank 3,Fish Tanks,136,136,2025-07-29,morning,5.02,29.7,,,,,
Fish Tank 3,Fish Tanks,136,136,2025-07-30,afternoon,6.76,30.1,,,,,
Fish Tank 3,Fish Tanks,137,137,2025-07-17,morning,5.14,29.8,,,,,
Fish Tank 3,Fish Tanks,138,138,2025-07-01,afternoon,5.17,32.4,,,,,
Fish Tank 3,Fish Tanks,138,138,2025-07-01,morning,6.57,29.7,,,,,
Fish Tank 3,Fish Tanks,138,138,2025-07-02,afternoon,4.77,31.2,,,,,
Fish Tank 3,Fish Tanks,138,138,2025-07-02,morning,6.14,29.2,,,,,
Fish Tank 3,Fish Tanks,138,138,2025-07-03,morning,5.91,28.1,,,,,
Fish Tank 3,Fish Tanks,138,138,2025-07-04,afternoon,7.06,31.9,,,,,
Fish Tank 3,Fish Tanks,138,138,2025-07-04,morning,5.81,29.1,,,,,
Fish Tank 3,Fish Tanks,138,138,2025-07-08,afternoon,5.61,30.9,,,,,
Fish Tank 3,Fish Tanks,138,138,2025-07-10,afternoon,6.81,30.2,,,,,
Fish Tank 3,Fish Tanks,138,138,2025-07-10,morning,6.08,29.3,,,,,
Fish Tank 3,Fish Tanks,138,138,2025-07-11,afternoon,6.89,31.8,,,,,
Fish Tank 3,Fish Tanks,138,138,2025-07-11,morning,6.3,28.3,,,,,
Fish Tank 3,Fish Tanks,138,138,2025-07-15,afternoon,5.47,32.7,,,,,
Fish Tank 3,Fish Tanks,138,138,2025-07-15,morning,5.57,29.3,,,,,
Fish Tank 3,Fish Tanks,138,138,2025-07-16,afternoon,4.85,32.5,,,,,
Fish Tank 3,Fish Tanks,138,138,2025-07-17,afternoon,4.86,33.2,,,,,
Fish Tank 3,Fish Tanks,138,138,2025-07-18,afternoon,6.33,33.3,,,,,
Fish Tank 3,Fish Tanks,138,138,2025-07-18,morning,5.5,30.2,,,,,
Fish Tank 3,Fish Tanks,138,138,2025-07-21,afternoon,5.04,33.9,,,,,
Fish Tank 3,Fish Tanks,138,138,2025-07-21,morning,6.09,29.3,,,,,
Fish Tank 3,Fish Tanks,138,138,2025-07-22,afternoon,4.39,32.3,,,,,
Fish Tank 3,Fish Tanks,138,138,2025-07-23,afternoon,6.75,31.8,,,,,
Fish Tank 3,Fish Tanks,138,138,2025-07-23,morning,5.25,29.3,,,,,
Fish Tank 3,Fish Tanks,138,138,2025-07-24,afternoon,7.26,33.0,,,,,
Fish Tank 3,Fish Tanks,138,138,2025-07-24,morning,6.42,29.6,,,,,
Fish Tank 3,Fish Tanks,138,138,2025-07-25,afternoon,9.38,33.3,,,,,
Fish Tank 3,Fish Tanks,138,138,2025-07-28,afternoon,4.29,31.9,,,,,
Fish Tank 3,Fish Tanks,138,138,2025-07-28,morning,4.55,29.8,7.2,1.67,,,
Fish Tank 3,Fish Tanks,138,138,2025-07-29,afternoon,4.63,31.7,,,,,
Fish Tank 3,Fish Tanks,138,138,2025-07-29,morning,5.12,29.7,,,,,
Fish Tank 3,Fish Tanks,138,138,2025-07-30,afternoon,5.71,30.2,,,,,
Fish Tank 3,Fish Tanks,139,139,2025-07-05,morning,,114.0,,,,,
Fish Tank 3,Fish Tanks,140,140,2025-07-01,afternoon,5.01,32.3,,,,,
Fish Tank 3,Fish Tanks,140,140,2025-07-01,morning,6.53,29.7,,,,,
Fish Tank 3,Fish Tanks,140,140,2025-07-02,afternoon,5.02,31.1,,,,,
Fish Tank 3,Fish Tanks,140,140,2025-07-02,morning,6.15,29.2,,,,,
Fish Tank 3,Fish Tanks,140,140,2025-07-03,morning,6.05,28.1,,,,,
Fish Tank 3,Fish Tanks,140,140,2025-07-04,afternoon,6.6,31.8,,,,,
Fish Tank 3,Fish Tanks,140,140,2025-07-04,morning,5.93,28.8,,,,,
Fish Tank 3,Fish Tanks,140,140,2025-07-08,afternoon,5.56,31.0,,,,,
Fish Tank 3,Fish Tanks,140,140,2025-07-10,afternoon,6.82,30.2,,,,,
Fish Tank 3,Fish Tanks,140,140,2025-07-10,morning,6.39,29.3,,,,,
Fish Tank 3,Fish Tanks,140,140,2025-07-11,afternoon,6.25,31.8,,,,,
Fish Tank 3,Fish Tanks,140,140,2025-07-11,morning,6.33,28.2,,,,,
Fish Tank 3,Fish Tanks,140,140,2025-07-15,afternoon,5.11,32.8,,,,,
Fish Tank 3,Fish Tanks,140,140,2025-07-15,morning,5.04,29.3,,,,,
Fish Tank 3,Fish Tanks,140,140,2025-07-16,afternoon,4.31,32.5,,,,,
Fish Tank 3,Fish Tanks,140,140,2025-07-17,afternoon,3.95,33.2,,,,,
Fish Tank 3,Fish Tanks,140,140,2025-07-17,morning,5.25,29.6,,,,,
Fish Tank 3,Fish Tanks,140,140,2025-07-18,afternoon,5.02,33.1,,,,,
Fish Tank 3,Fish Tanks,140,140,2025-07-18,morning,5.24,30.0,,,,,
Fish Tank 3,Fish Tanks,140,140,2025-07-21,afternoon,5.1,33.7,,,,,
Fish Tank 3,Fish Tanks,140,140,2025-07-21,morning,6.08,29.2,,,,,
Fish Tank 3,Fish Tanks,140,140,2025-07-22,afternoon,4.19,32.3,,,,,
Fish Tank 3,Fish Tanks,140,140,2025-07-23,afternoon,6.18,32.0,,,,,
Fish Tank 3,Fish Tanks,140,140,2025-07-23,morning,5.3,29.2,,,,,
Fish Tank 3,Fish Tanks,140,140,2025-07-24,afternoon,7.47,32.8,,,,,
Fish Tank 3,Fish Tanks,140,140,2025-07-24,morning,7.3,29.4,,,,,
Fish Tank 3,Fish Tanks,140,140,2025-07-25,afternoon,9.84,33.1,,,,,
Fish Tank 3,Fish Tanks,140,140,2025-07-28,afternoon,4.42,31.6,,,,,
Fish Tank 3,Fish Tanks,140,140,2025-07-28,morning,5.33,29.7,,,,,
Fish Tank 3,Fish Tanks,140,140,2025-07-29,afternoon,4.63,31.4,,,,,
Fish Tank 3,Fish Tanks,140,140,2025-07-29,morning,5.48,29.5,,,,,
Fish Tank 3,Fish Tanks,140,140,2025-07-30,afternoon,5.33,30.2,,,,,
Fish Tank 3,Fish Tanks,141,141,2025-07-01,afternoon,5.25,32.3,,,,,
Fish Tank 3,Fish Tanks,141,141,2025-07-01,morning,6.55,29.7,6.71,0.87,1.1,0.029,
Fish Tank 3,Fish Tanks,141,141,2025-07-02,afternoon,5.11,31.1,,,,,
Fish Tank 3,Fish Tanks,141,141,2025-07-02,morning,5.99,29.3,,,,,
Fish Tank 3,Fish Tanks,141,141,2025-07-03,morning,6.07,28.0,,,,,
Fish Tank 3,Fish Tanks,141,141,2025-07-04,afternoon,6.51,31.8,,,,,
Fish Tank 3,Fish Tanks,141,141,2025-07-04,morning,5.89,28.8,6.97,2.7,1.9,0.137,
Fish Tank 3,Fish Tanks,141,141,2025-07-08,afternoon,5.82,31.1,,,,,
Fish Tank 3,Fish Tanks,141,141,2025-07-10,afternoon,6.68,30.2,,,,,
Fish Tank 3,Fish Tanks,141,141,2025-07-10,morning,6.13,29.3,,,,,
Fish Tank 3,Fish Tanks,141,141,2025-07-11,afternoon,6.69,31.8,,,,,
Fish Tank 3,Fish Tanks,141,141,2025-07-11,morning,6.35,28.2,,,,,
Fish Tank 3,Fish Tanks,141,141,2025-07-15,afternoon,5.65,32.7,,,,,
Fish Tank 3,Fish Tanks,141,141,2025-07-15,morning,5.4,29.3,,,,,
Fish Tank 3,Fish Tanks,141,141,2025-07-16,afternoon,4.64,32.5,,,,,
Fish Tank 3,Fish Tanks,141,141,2025-07-17,afternoon,4.12,33.2,,,,,
Fish Tank 3,Fish Tanks,141,141,2025-07-17,morning,4.89,29.7,,,,,
Fish Tank 3,Fish Tanks,141,141,2025-07-18,afternoon,4.86,33.1,,,,,
Fish Tank 3,Fish Tanks,141,141,2025-07-18,morning,5.22,30.1,,,,,
Fish Tank 3,Fish Tanks,141,141,2025-07-21,afternoon,5.56,33.8,,,,,
Fish Tank 3,Fish Tanks,141,141,2025-07-21,morning,5.88,29.2,,,,,
Fish Tank 3,Fish Tanks,141,141,2025-07-22,afternoon,4.62,32.3,,,,,
Fish Tank 3,Fish Tanks,141,141,2025-07-23,afternoon,6.34,32.0,,,,,
Fish Tank 3,Fish Tanks,141,141,2025-07-23,morning,5.15,29.2,,,,,
Fish Tank 3,Fish Tanks,141,141,2025-07-24,afternoon,6.21,32.9,,,,,
Fish Tank 3,Fish Tanks,141,141,2025-07-24,morning,7.09,29.3,,,,,
Fish Tank 3,Fish Tanks,141,141,2025-07-25,afternoon,8.51,33.1,,,,,
Fish Tank 3,Fish Tanks,141,141,2025-07-28,afternoon,4.45,31.7,,,,,
Fish Tank 3,Fish Tanks,141,141,2025-07-28,morning,5.29,29.6,,,,,
Fish Tank 3,Fish Tanks,141,141,2025-07-29,afternoon,4.23,31.5,,,,,
Fish Tank 3,Fish Tanks,141,141,2025-07-29,morning,5.14,29.5,,,,,
Fish Tank 3,Fish Tanks,141,141,2025-07-30,afternoon,5.36,30.2,,,,,
Fish Tank 3,Fish Tanks,143,143,2025-07-01,afternoon,4.76,32.6,,,,,
Fish Tank 3,Fish Tanks,143,143,2025-07-01,morning,6.41,29.7,,,,,
Fish Tank 3,Fish Tanks,143,143,2025-07-02,afternoon,4.87,31.2,,,,,
Fish Tank 3,Fish Tanks,143,143,2025-07-02,morning,6.18,29.3,,,,,
Fish Tank 3,Fish Tanks,143,143,2025-07-03,morning,5.84,27.9,,,,,
Fish Tank 3,Fish Tanks,143,143,2025-07-04,afternoon,6.97,32.1,,,,,
Fish Tank 3,Fish Tanks,143,143,2025-07-04,morning,6.07,28.9,,,,,
Fish Tank 3,Fish Tanks,143,143,2025-07-07,morning,,,7.1,5.2,2.5,0.35,
Fish Tank 3,Fish Tanks,143,143,2025-07-08,afternoon,5.49,31.3,,,,,
Fish Tank 3,Fish Tanks,143,143,2025-07-10,afternoon,6.24,30.3,,,,,
Fish Tank 3,Fish Tanks,143,143,2025-07-10,morning,6.29,29.3,,,,,
Fish Tank 3,Fish Tanks,143,143,2025-07-11,afternoon,6.83,32.0,,,,,
Fish Tank 3,Fish Tanks,143,143,2025-07-11,morning,6.28,28.2,7.38,4.72,1.9,0.179,
Fish Tank 3,Fish Tanks,143,143,2025-07-15,afternoon,4.81,33.0,,,,,
Fish Tank 3,Fish Tanks,143,143,2025-07-15,morning,5.19,29.3,,,,,
Fish Tank 3,Fish Tanks,143,143,2025-07-16,afternoon,4.35,32.8,,,,,
Fish Tank 3,Fish Tanks,143,143,2025-07-17,afternoon,4.27,33.3,,,,,
Fish Tank 3,Fish Tanks,143,143,2025-07-17,morning,5.44,29.6,,,,,
Fish Tank 3,Fish Tanks,143,143,2025-07-18,afternoon,5.42,33.2,,,,,
Fish Tank 3,Fish Tanks,143,143,2025-07-18,morning,5.19,29.9,,,,,
Fish Tank 3,Fish Tanks,143,143,2025-07-21,afternoon,5.15,33.7,,,,,
Fish Tank 3,Fish Tanks,143,143,2025-07-22,afternoon,4.21,32.3,,,,,
Fish Tank 3,Fish Tanks,143,143,2025-07-23,afternoon,6.9,32.0,,,,,
Fish Tank 3,Fish Tanks,143,143,2025-07-23,morning,5.92,28.9,,,,,
Fish Tank 3,Fish Tanks,143,143,2025-07-24,afternoon,6.43,33.1,,,,,
Fish Tank 3,Fish Tanks,143,143,2025-07-24,morning,6.97,29.3,,,,,
Fish Tank 3,Fish Tanks,143,143,2025-07-25,afternoon,8.82,33.2,,,,,
Fish Tank 3,Fish Tanks,143,143,2025-07-28,afternoon,4.02,31.7,,,,,
Fish Tank 3,Fish Tanks,143,143,2025-07-28,morning,4.98,29.6,,,,,
Fish Tank 3,Fish Tanks,143,143,2025-07-29,afternoon,,31.5,,,,,
Fish Tank 3,Fish Tanks,143,143,2025-07-29,morning,5.16,29.5,,,,,
Fish Tank 3,Fish Tanks,143,143,2025-07-30,afternoon,5.74,30.3,,,,,
Fish Tank 3,Fish Tanks,145,145,2025-07-01,afternoon,5.11,32.6,,,,,
Fish Tank 3,Fish Tanks,145,145,2025-07-01,morning,6.52,29.7,,,,,
Fish Tank 3,Fish Tanks,145,145,2025-07-02,afternoon,4.56,31.4,,,,,
Fish Tank 3,Fish Tanks,145,145,2025-07-02,morning,6.12,29.0,,,,,
Fish Tank 3,Fish Tanks,145,145,2025-07-03,morning,5.84,27.9,,,,,
Fish Tank 3,Fish Tanks,145,145,2025-07-04,afternoon,6.1,31.8,,,,,
Fish Tank 3,Fish Tanks,145,145,2025-07-04,morning,5.8,29.0,,,,,
Fish Tank 3,Fish Tanks,145,145,2025-07-08,afternoon,5.4,31.0,,,,,
Fish Tank 3,Fish Tanks,145,145,2025-07-10,afternoon,6.16,30.3,,,,,
Fish Tank 3,Fish Tanks,145,145,2025-07-10,morning,6.28,29.3,,,,,
Fish Tank 3,Fish Tanks,145,145,2025-07-11,afternoon,6.55,31.8,,,,,
Fish Tank 3,Fish Tanks,145,145,2025-07-11,morning,6.07,28.2,,,,,
Fish Tank 3,Fish Tanks,145,145,2025-07-15,afternoon,5.3,32.8,,,,,
Fish Tank 3,Fish Tanks,145,145,2025-07-15,morning,5.64,29.3,,,,,
Fish Tank 3,Fish Tanks,145,145,2025-07-16,afternoon,4.34,32.4,,,,,
Fish Tank 3,Fish Tanks,145,145,2025-07-17,afternoon,4.46,33.0,,,,,
Fish Tank 3,Fish Tanks,145,145,2025-07-17,morning,5.12,29.5,,,,,
Fish Tank 3,Fish Tanks,145,145,2025-07-18,afternoon,5.71,33.1,,,,,
Fish Tank 3,Fish Tanks,145,145,2025-07-18,morning,5.05,29.9,,,,,
Fish Tank 3,Fish Tanks,145,145,2025-07-21,afternoon,5.7,33.3,,,,,
Fish Tank 3,Fish Tanks,145,145,2025-07-21,morning,6.83,29.1,,,,,
Fish Tank 3,Fish Tanks,145,145,2025-07-22,afternoon,4.39,32.2,,,,,
Fish Tank 3,Fish Tanks,145,145,2025-07-23,afternoon,5.28,31.9,,,,,
Fish Tank 3,Fish Tanks,145,145,2025-07-23,morning,5.57,28.8,,,,,
Fish Tank 3,Fish Tanks,145,145,2025-07-24,afternoon,6.84,32.9,,,,,
Fish Tank 3,Fish Tanks,145,145,2025-07-24,morning,6.6,29.2,,,,,
Fish Tank 3,Fish Tanks,145,145,2025-07-25,afternoon,8.44,33.0,,,,,
Fish Tank 3,Fish Tanks,145,145,2025-07-28,afternoon,4.19,32.4,,,,,
Fish Tank 3,Fish Tanks,145,145,2025-07-28,morning,5.0,29.6,,,,,
Fish Tank 3,Fish Tanks,145,145,2025-07-29,afternoon,4.61,32.4,,,,,
Fish Tank 3,Fish Tanks,145,145,2025-07-29,morning,5.04,29.7,,,,,
Fish Tank 3,Fish Tanks,145,145,2025-07-30,afternoon,6.85,30.0,,,,,
Fish Tank 3,Fish Tanks,147,147,2025-07-01,afternoon,4.62,32.3,,,,,
Fish Tank 3,Fish Tanks,147,147,2025-07-01,morning,6.33,29.7,,,,,
Fish Tank 3,Fish Tanks,147,147,2025-07-02,afternoon,4.58,30.9,,,,,
Fish Tank 3,Fish Tanks,147,147,2025-07-02,morning,6.0,29.3,,,,,
Fish Tank 3,Fish Tanks,147,147,2025-07-03,morning,5.65,27.9,,,,,
Fish Tank 3,Fish Tanks,147,147,2025-07-04,afternoon,7.09,31.7,,,,,
Fish Tank 3,Fish Tanks,147,147,2025-07-04,morning,5.7,28.7,,,,,
Fish Tank 3,Fish Tanks,147,147,2025-07-08,afternoon,5.27,31.1,,,,,
Fish Tank 3,Fish Tanks,147,147,2025-07-10,afternoon,6.41,30.2,,,,,
Fish Tank 3,Fish Tanks,147,147,2025-07-10,morning,6.25,29.2,,,,,
Fish Tank 3,Fish Tanks,147,147,2025-07-11,afternoon,6.19,31.6,,,,,
Fish Tank 3,Fish Tanks,147,147,2025-07-11,morning,5.98,28.2,,,,,
Fish Tank 3,Fish Tanks,147,147,2025-07-15,afternoon,5.02,32.8,,,,,
Fish Tank 3,Fish Tanks,147,147,2025-07-15,morning,5.52,29.3,,,,,
Fish Tank 3,Fish Tanks,147,147,2025-07-16,afternoon,4.24,32.6,,,,,
Fish Tank 3,Fish Tanks,147,147,2025-07-17,afternoon,4.05,33.1,,,,,
Fish Tank 3,Fish Tanks,147,147,2025-07-17,morning,4.89,29.6,,,,,
Fish Tank 3,Fish Tanks,147,147,2025-07-18,afternoon,5.22,33.1,,,,,
Fish Tank 3,Fish Tanks,147,147,2025-07-18,morning,4.61,30.0,,,,,
Fish Tank 3,Fish Tanks,147,147,2025-07-21,afternoon,5.15,33.8,,,,,
Fish Tank 3,Fish Tanks,147,147,2025-07-21,morning,5.56,29.2,,,,,
Fish Tank 3,Fish Tanks,147,147,2025-07-22,afternoon,4.33,32.4,,,,,
Fish Tank 3,Fish Tanks,147,147,2025-07-23,afternoon,4.7,32.1,,,,,
Fish Tank 3,Fish Tanks,147,147,2025-07-23,morning,4.95,29.3,,,,,
Fish Tank 3,Fish Tanks,147,147,2025-07-24,afternoon,6.3,32.9,,,,,
Fish Tank 3,Fish Tanks,147,147,2025-07-24,morning,6.48,29.3,,,,,
Fish Tank 3,Fish Tanks,147,147,2025-07-25,afternoon,9.71,33.0,,,,,
Fish Tank 3,Fish Tanks,147,147,2025-07-28,afternoon,4.07,32.8,,,,,
Fish Tank 3,Fish Tanks,147,147,2025-07-28,morning,4.83,29.7,,,,,
Fish Tank 3,Fish Tanks,147,147,2025-07-29,afternoon,4.88,32.4,,,,,
Fish Tank 3,Fish Tanks,147,147,2025-07-29,morning,5.05,29.9,,,,,
Fish Tank 3,Fish Tanks,147,147,2025-07-30,afternoon,5.84,30.4,,,,,
Fish Tank 3,Fish Tanks,148,148,2025-07-01,afternoon,5.02,32.2,,,,,
Fish Tank 3,Fish Tanks,148,148,2025-07-01,morning,6.47,29.7,,,,,
Fish Tank 3,Fish Tanks,148,148,2025-07-02,afternoon,5.1,30.8,,,,,
Fish Tank 3,Fish Tanks,148,148,2025-07-02,morning,5.79,29.3,,,,,
Fish Tank 3,Fish Tanks,148,148,2025-07-03,morning,6.05,27.9,,,,,
Fish Tank 3,Fish Tanks,148,148,2025-07-04,afternoon,7.22,31.5,,,,,
Fish Tank 3,Fish Tanks,148,148,2025-07-04,morning,6.17,28.7,,,,,
Fish Tank 3,Fish Tanks,148,148,2025-07-08,afternoon,5.66,31.1,,,,,
Fish Tank 3,Fish Tanks,148,148,2025-07-10,afternoon,6.54,30.1,,,,,
Fish Tank 3,Fish Tanks,148,148,2025-07-10,morning,6.12,29.2,,,,,
Fish Tank 3,Fish Tanks,148,148,2025-07-11,afternoon,6.69,31.6,,,,,
Fish Tank 3,Fish Tanks,148,148,2025-07-11,morning,6.29,28.2,,,,,
Fish Tank 3,Fish Tanks,148,148,2025-07-15,afternoon,4.91,32.8,,,,,
Fish Tank 3,Fish Tanks,148,148,2025-07-15,morning,5.74,29.2,,,,,
Fish Tank 3,Fish Tanks,148,148,2025-07-16,afternoon,4.37,32.5,,,,,
Fish Tank 3,Fish Tanks,148,148,2025-07-17,afternoon,4.52,33.0,,,,,
Fish Tank 3,Fish Tanks,148,148,2025-07-17,morning,4.95,29.6,,,,,
Fish Tank 3,Fish Tanks,148,148,2025-07-18,afternoon,5.72,33.0,,,,,
Fish Tank 3,Fish Tanks,148,148,2025-07-18,morning,4.99,30.0,,,,,
Fish Tank 3,Fish Tanks,148,148,2025-07-21,afternoon,5.34,33.9,,,,,
Fish Tank 3,Fish Tanks,148,148,2025-07-21,morning,6.47,29.1,,,,,
Fish Tank 3,Fish Tanks,148,148,2025-07-22,afternoon,4.38,32.3,,,,,
Fish Tank 3,Fish Tanks,148,148,2025-07-23,afternoon,5.47,32.0,,,,,
Fish Tank 3,Fish Tanks,148,148,2025-07-23,morning,4.36,29.3,,,,,
Fish Tank 3,Fish Tanks,148,148,2025-07-24,afternoon,7.03,32.8,,,,,
Fish Tank 3,Fish Tanks,148,148,2025-07-24,morning,6.93,29.3,,,,,
Fish Tank 3,Fish Tanks,148,148,2025-07-25,afternoon,9.43,33.0,,,,,
Fish Tank 3,Fish Tanks,148,148,2025-07-28,afternoon,4.33,32.6,,,,,
Fish Tank 3,Fish Tanks,148,148,2025-07-28,morning,5.13,29.7,,,,,
Fish Tank 3,Fish Tanks,148,148,2025-07-29,afternoon,5.14,32.3,,,,,
Fish Tank 3,Fish Tanks,148,148,2025-07-29,morning,5.15,29.8,,,,,
Fish Tank 3,Fish Tanks,148,148,2025-07-30,afternoon,5.4,30.4,,,,,
Fish Tank 3,Fish Tanks,149,149,2025-07-01,afternoon,4.98,32.4,,,,,
Fish Tank 3,Fish Tanks,149,149,2025-07-01,morning,6.46,29.8,,,,,
Fish Tank 3,Fish Tanks,149,149,2025-07-02,afternoon,4.62,31.0,,,,,
Fish Tank 3,Fish Tanks,149,149,2025-07-02,morning,6.28,29.1,,,,,
Fish Tank 3,Fish Tanks,149,149,2025-07-03,morning,5.8,28.0,,,,,
Fish Tank 3,Fish Tanks,149,149,2025-07-04,afternoon,6.93,31.8,,,,,
Fish Tank 3,Fish Tanks,149,149,2025-07-04,morning,6.21,28.8,,,,,
Fish Tank 3,Fish Tanks,149,149,2025-07-08,afternoon,5.35,31.0,,,,,
Fish Tank 3,Fish Tanks,149,149,2025-07-10,afternoon,5.99,30.2,,,,,
Fish Tank 3,Fish Tanks,149,149,2025-07-10,morning,6.09,29.3,,,,,
Fish Tank 3,Fish Tanks,149,149,2025-07-11,afternoon,6.67,31.8,,,,,
Fish Tank 3,Fish Tanks,149,149,2025-07-11,morning,6.27,28.3,,,,,
Fish Tank 3,Fish Tanks,149,149,2025-07-15,afternoon,5.08,32.8,,,,,
Fish Tank 3,Fish Tanks,149,149,2025-07-15,morning,5.72,29.4,,,,,
Fish Tank 3,Fish Tanks,149,149,2025-07-16,afternoon,4.63,32.5,,,,,
Fish Tank 3,Fish Tanks,149,149,2025-07-17,afternoon,4.41,33.1,,,,,
Fish Tank 3,Fish Tanks,149,149,2025-07-17,morning,5.05,29.7,,,,,
Fish Tank 3,Fish Tanks,149,149,2025-07-18,afternoon,6.04,33.1,,,,,
Fish Tank 3,Fish Tanks,149,149,2025-07-18,morning,5.14,30.0,,,,,
Fish Tank 3,Fish Tanks,149,149,2025-07-21,afternoon,5.16,33.6,,,,,
Fish Tank 3,Fish Tanks,149,149,2025-07-21,morning,5.81,29.2,,,,,
Fish Tank 3,Fish Tanks,149,149,2025-07-22,afternoon,4.34,32.4,,,,,
Fish Tank 3,Fish Tanks,149,149,2025-07-23,afternoon,5.83,32.1,,,,,
Fish Tank 3,Fish Tanks,149,149,2025-07-23,morning,4.98,29.3,,,,,
Fish Tank 3,Fish Tanks,149,149,2025-07-24,afternoon,7.61,32.9,,,,,
Fish Tank 3,Fish Tanks,149,149,2025-07-24,morning,6.71,29.4,,,,,
Fish Tank 3,Fish Tanks,149,149,2025-07-25,afternoon,9.23,33.1,,,,,
Fish Tank 3,Fish Tanks,149,149,2025-07-28,afternoon,4.15,32.9,,,,,
Fish Tank 3,Fish Tanks,149,149,2025-07-28,morning,4.91,29.8,7.14,1.76,,,
Fish Tank 3,Fish Tanks,149,149,2025-07-29,afternoon,4.51,32.6,,,,,
Fish Tank 3,Fish Tanks,149,149,2025-07-29,morning,4.85,29.9,,,,,
Fish Tank 3,Fish Tanks,149,149,2025-07-30,afternoon,4.66,30.5,,,,,
Fish Tank 3,Fish Tanks,150,150,2025-07-01,afternoon,5.63,32.2,,,,,
Fish Tank 3,Fish Tanks,150,150,2025-07-01,morning,6.89,29.8,6.71,0.45,1.3,0.011,
Fish Tank 3,Fish Tanks,150,150,2025-07-02,afternoon,5.61,30.9,,,,,
Fish Tank 3,Fish Tanks,150,150,2025-07-02,morning,5.94,29.3,,,,,
Fish Tank 3,Fish Tanks,150,150,2025-07-03,morning,6.23,28.1,,,,,
Fish Tank 3,Fish Tanks,150,150,2025-07-04,afternoon,7.16,31.7,,,,,
Fish Tank 3,Fish Tanks,150,150,2025-07-04,morning,6.15,28.8,6.99,1.2,1.6,0.079,
Fish Tank 3,Fish Tanks,150,150,2025-07-08,afternoon,5.87,30.8,,,,,
Fish Tank 3,Fish Tanks,150,150,2025-07-10,afternoon,6.56,30.0,,,,,
Fish Tank 3,Fish Tanks,150,150,2025-07-10,morning,6.35,29.0,,,,,
Fish Tank 3,Fish Tanks,150,150,2025-07-11,afternoon,6.45,31.7,,,,,
Fish Tank 3,Fish Tanks,150,150,2025-07-11,morning,6.51,28.2,,,,,
Fish Tank 3,Fish Tanks,150,150,2025-07-15,afternoon,5.86,32.7,,,,,
Fish Tank 3,Fish Tanks,150,150,2025-07-15,morning,6.01,29.3,,,,,
Fish Tank 3,Fish Tanks,150,150,2025-07-16,afternoon,4.64,32.5,,,,,
Fish Tank 3,Fish Tanks,150,150,2025-07-17,afternoon,4.38,33.1,,,,,
Fish Tank 3,Fish Tanks,150,150,2025-07-17,morning,5.4,29.7,,,,,
Fish Tank 3,Fish Tanks,150,150,2025-07-18,afternoon,5.7,33.1,,,,,
Fish Tank 3,Fish Tanks,150,150,2025-07-18,morning,5.6,30.1,,,,,
Fish Tank 3,Fish Tanks,150,150,2025-07-21,afternoon,5.63,33.8,,,,,
Fish Tank 3,Fish Tanks,150,150,2025-07-21,morning,6.33,29.2,,,,,
Fish Tank 3,Fish Tanks,150,150,2025-07-22,afternoon,4.55,32.3,,,,,
Fish Tank 3,Fish Tanks,150,150,2025-07-23,afternoon,6.7,32.1,,,,,
Fish Tank 3,Fish Tanks,150,150,2025-07-23,morning,6.73,29.4,,,,,
Fish Tank 3,Fish Tanks,150,150,2025-07-24,afternoon,8.09,32.8,,,,,
Fish Tank 3,Fish Tanks,150,150,2025-07-24,morning,7.47,29.4,,,,,
Fish Tank 3,Fish Tanks,150,150,2025-07-25,afternoon,8.56,33.1,,,,,
Fish Tank 3,Fish Tanks,150,150,2025-07-28,afternoon,4.92,32.6,,,,,
Fish Tank 3,Fish Tanks,150,150,2025-07-28,morning,5.6,29.8,,,,,
Fish Tank 3,Fish Tanks,150,150,2025-07-29,afternoon,5.94,32.4,,,,,
Fish Tank 3,Fish Tanks,150,150,2025-07-29,morning,5.24,29.9,,,,,
Fish Tank 3,Fish Tanks,150,150,2025-07-30,afternoon,5.35,30.4,,,,,
Fish Tank 3,Fish Tanks,152,152,2025-07-01,afternoon,5.78,32.3,,,,,
Fish Tank 3,Fish Tanks,152,152,2025-07-01,morning,6.73,29.7,,,,,
Fish Tank 3,Fish Tanks,152,152,2025-07-02,afternoon,5.75,30.8,,,,,
Fish Tank 3,Fish Tanks,152,152,2025-07-02,morning,6.5,29.3,,,,,
Fish Tank 3,Fish Tanks,152,152,2025-07-03,morning,6.5,28.0,,,,,
Fish Tank 3,Fish Tanks,152,152,2025-07-04,afternoon,6.85,31.8,,,,,
Fish Tank 3,Fish Tanks,152,152,2025-07-04,morning,6.28,28.8,,,,,
Fish Tank 3,Fish Tanks,152,152,2025-07-08,afternoon,6.09,30.9,,,,,
Fish Tank 3,Fish Tanks,152,152,2025-07-10,afternoon,6.52,30.2,,,,,
Fish Tank 3,Fish Tanks,152,152,2025-07-10,morning,6.38,29.3,,,,,
Fish Tank 3,Fish Tanks,152,152,2025-07-11,afternoon,6.72,31.9,,,,,
Fish Tank 3,Fish Tanks,152,152,2025-07-11,morning,6.57,28.3,,,,,
Fish Tank 3,Fish Tanks,152,152,2025-07-15,afternoon,5.61,32.9,,,,,
Fish Tank 3,Fish Tanks,152,152,2025-07-15,morning,6.26,29.2,,,,,
Fish Tank 3,Fish Tanks,152,152,2025-07-16,afternoon,5.27,32.6,,,,,
Fish Tank 3,Fish Tanks,152,152,2025-07-17,afternoon,4.71,33.3,,,,,
Fish Tank 3,Fish Tanks,152,152,2025-07-17,morning,5.42,29.6,,,,,
Fish Tank 3,Fish Tanks,152,152,2025-07-18,afternoon,6.44,33.3,,,,,
Fish Tank 3,Fish Tanks,152,152,2025-07-18,morning,5.62,30.0,,,,,
Fish Tank 3,Fish Tanks,152,152,2025-07-21,afternoon,5.78,33.7,,,,,
Fish Tank 3,Fish Tanks,152,152,2025-07-21,morning,6.07,29.1,,,,,
Fish Tank 3,Fish Tanks,152,152,2025-07-22,afternoon,4.6,32.5,,,,,
Fish Tank 3,Fish Tanks,152,152,2025-07-23,afternoon,6.66,32.1,,,,,
Fish Tank 3,Fish Tanks,152,152,2025-07-23,morning,5.59,29.4,,,,,
Fish Tank 3,Fish Tanks,152,152,2025-07-24,afternoon,8.76,32.9,,,,,
Fish Tank 3,Fish Tanks,152,152,2025-07-24,morning,6.49,29.4,,,,,
Fish Tank 3,Fish Tanks,152,152,2025-07-25,afternoon,9.8,33.3,,,,,
Fish Tank 3,Fish Tanks,152,152,2025-07-28,afternoon,4.67,33.0,,,,,
Fish Tank 3,Fish Tanks,152,152,2025-07-28,morning,4.98,29.9,,,,,
Fish Tank 3,Fish Tanks,152,152,2025-07-29,afternoon,5.81,32.7,,,,,
Fish Tank 3,Fish Tanks,152,152,2025-07-29,morning,4.77,30.1,,,,,
Fish Tank 3,Fish Tanks,152,152,2025-07-30,afternoon,6.31,30.2,,,,,
Fish Tank 3,Fish Tanks,153,153,2025-07-01,afternoon,5.23,32.3,,,,,
Fish Tank 3,Fish Tanks,153,153,2025-07-01,morning,6.48,29.7,,,,,
Fish Tank 3,Fish Tanks,153,153,2025-07-02,afternoon,4.89,30.9,,,,,
Fish Tank 3,Fish Tanks,153,153,2025-07-02,morning,6.42,29.3,,,,,
Fish Tank 3,Fish Tanks,153,153,2025-07-03,morning,5.84,28.0,,,,,
Fish Tank 3,Fish Tanks,153,153,2025-07-04,afternoon,7.08,31.7,,,,,
Fish Tank 3,Fish Tanks,153,153,2025-07-04,morning,5.69,28.8,,,,,
Fish Tank 3,Fish Tanks,153,153,2025-07-08,afternoon,5.81,30.9,,,,,
Fish Tank 3,Fish Tanks,153,153,2025-07-10,afternoon,6.32,30.3,,,,,
Fish Tank 3,Fish Tanks,153,153,2025-07-10,morning,6.13,29.3,,,,,
Fish Tank 3,Fish Tanks,153,153,2025-07-11,afternoon,6.79,31.9,,,,,
Fish Tank 3,Fish Tanks,153,153,2025-07-11,morning,6.45,28.3,,,,,
Fish Tank 3,Fish Tanks,153,153,2025-07-15,afternoon,5.21,32.9,,,,,
Fish Tank 3,Fish Tanks,153,153,2025-07-15,morning,5.9,29.2,,,,,
Fish Tank 3,Fish Tanks,153,153,2025-07-16,afternoon,4.76,32.6,,,,,
Fish Tank 3,Fish Tanks,153,153,2025-07-17,afternoon,4.9,33.1,,,,,
Fish Tank 3,Fish Tanks,153,153,2025-07-17,morning,4.55,29.7,,,,,
Fish Tank 3,Fish Tanks,153,153,2025-07-18,afternoon,6.89,33.3,,,,,
Fish Tank 3,Fish Tanks,153,153,2025-07-18,morning,5.44,30.1,,,,,
Fish Tank 3,Fish Tanks,153,153,2025-07-21,afternoon,5.07,34.0,,,,,
Fish Tank 3,Fish Tanks,153,153,2025-07-21,morning,5.89,29.2,,,,,
Fish Tank 3,Fish Tanks,153,153,2025-07-22,afternoon,4.08,32.5,,,,,
Fish Tank 3,Fish Tanks,153,153,2025-07-23,afternoon,6.65,32.2,,,,,
Fish Tank 3,Fish Tanks,153,153,2025-07-23,morning,5.43,29.4,,,,,
Fish Tank 3,Fish Tanks,153,153,2025-07-24,afternoon,6.28,32.9,,,,,
Fish Tank 3,Fish Tanks,153,153,2025-07-24,morning,6.41,29.5,,,,,
Fish Tank 3,Fish Tanks,153,153,2025-07-25,afternoon,8.52,33.3,,,,,
Fish Tank 3,Fish Tanks,153,153,2025-07-28,afternoon,4.24,32.8,,,,,
Fish Tank 3,Fish Tanks,153,153,2025-07-28,morning,5.07,,,,,,
Fish Tank 3,Fish Tanks,153,153,2025-07-29,afternoon,5.07,32.5,,,,,
Fish Tank 3,Fish Tanks,153,153,2025-07-29,morning,5.14,30.0,,,,,
Fish Tank 3,Fish Tanks,153,153,2025-07-30,afternoon,5.52,30.3,,,,,
Fish Tank 3,Fish Tanks,155,155,2025-07-01,afternoon,5.24,32.2,,,,,
Fish Tank 3,Fish Tanks,155,155,2025-07-01,morning,6.4,29.7,,,,,
Fish Tank 3,Fish Tanks,155,155,2025-07-02,afternoon,4.89,30.8,,,,,
Fish Tank 3,Fish Tanks,155,155,2025-07-02,morning,6.29,29.1,,,,,
Fish Tank 3,Fish Tanks,155,155,2025-07-03,morning,5.82,28.0,,,,,
Fish Tank 3,Fish Tanks,155,155,2025-07-04,afternoon,6.67,31.7,,,,,
Fish Tank 3,Fish Tanks,155,155,2025-07-04,morning,6.29,28.8,,,,,
Fish Tank 3,Fish Tanks,155,155,2025-07-08,afternoon,5.41,30.8,,,,,
Fish Tank 3,Fish Tanks,155,155,2025-07-10,afternoon,6.57,30.3,,,,,
Fish Tank 3,Fish Tanks,155,155,2025-07-10,morning,6.33,29.4,,,,,
Fish Tank 3,Fish Tanks,155,155,2025-07-11,afternoon,6.71,31.8,,,,,
Fish Tank 3,Fish Tanks,155,155,2025-07-11,morning,6.3,28.3,,,,,
Fish Tank 3,Fish Tanks,155,155,2025-07-15,afternoon,5.69,32.8,,,,,
Fish Tank 3,Fish Tanks,155,155,2025-07-15,morning,5.5,29.2,,,,,
Fish Tank 3,Fish Tanks,155,155,2025-07-16,afternoon,4.63,32.5,,,,,
Fish Tank 3,Fish Tanks,155,155,2025-07-17,afternoon,4.49,33.1,,,,,
Fish Tank 3,Fish Tanks,155,155,2025-07-17,morning,5.22,30.1,,,,,
Fish Tank 3,Fish Tanks,155,155,2025-07-18,afternoon,6.2,33.3,,,,,
Fish Tank 3,Fish Tanks,155,155,2025-07-18,morning,5.17,30.1,,,,,
Fish Tank 3,Fish Tanks,155,155,2025-07-21,afternoon,5.36,33.8,,,,,
Fish Tank 3,Fish Tanks,155,155,2025-07-21,morning,6.21,29.2,,,,,
Fish Tank 3,Fish Tanks,155,155,2025-07-22,afternoon,4.43,32.5,,,,,
Fish Tank 3,Fish Tanks,155,155,2025-07-23,morning,5.09,29.9,,,,,
Fish Tank 3,Fish Tanks,155,155,2025-07-24,afternoon,7.58,32.9,,,,,
Fish Tank 3,Fish Tanks,155,155,2025-07-24,morning,6.95,29.5,,,,,
Fish Tank 3,Fish Tanks,155,155,2025-07-25,afternoon,9.43,33.2,,,,,
Fish Tank 3,Fish Tanks,155,155,2025-07-28,afternoon,4.49,32.7,,,,,
Fish Tank 3,Fish Tanks,155,155,2025-07-28,morning,5.45,29.6,,,,,
Fish Tank 3,Fish Tanks,155,155,2025-07-29,afternoon,5.04,32.4,,,,,
Fish Tank 3,Fish Tanks,155,155,2025-07-29,morning,5.33,29.9,,,,,
Fish Tank 3,Fish Tanks,155,155,2025-07-30,afternoon,6.08,30.4,,,,,
Fish Tank 3,Fish Tanks,156,156,2025-07-01,afternoon,5.17,32.1,,,,,
Fish Tank 3,Fish Tanks,156,156,2025-07-01,morning,6.55,29.7,,,,,
Fish Tank 3,Fish Tanks,156,156,2025-07-02,afternoon,4.83,30.8,,,,,
Fish Tank 3,Fish Tanks,156,156,2025-07-02,morning,6.18,29.3,,,,,
Fish Tank 3,Fish Tanks,156,156,2025-07-03,morning,5.73,28.0,,,,,
Fish Tank 3,Fish Tanks,156,156,2025-07-04,afternoon,6.76,31.5,,,,,
Fish Tank 3,Fish Tanks,156,156,2025-07-04,morning,5.73,28.8,,,,,
Fish Tank 3,Fish Tanks,156,156,2025-07-08,afternoon,6.14,30.8,,,,,
Fish Tank 3,Fish Tanks,156,156,2025-07-10,afternoon,7.37,30.3,,,,,
Fish Tank 3,Fish Tanks,156,156,2025-07-10,morning,6.56,29.4,,,,,
Fish Tank 3,Fish Tanks,156,156,2025-07-11,afternoon,6.7,31.8,,,,,
Fish Tank 3,Fish Tanks,156,156,2025-07-11,morning,6.42,28.3,,,,,
Fish Tank 3,Fish Tanks,156,156,2025-07-15,afternoon,5.05,32.6,,,,,
Fish Tank 3,Fish Tanks,156,156,2025-07-15,morning,5.5,29.1,,,,,
Fish Tank 3,Fish Tanks,156,156,2025-07-16,afternoon,4.43,32.3,,,,,
Fish Tank 3,Fish Tanks,156,156,2025-07-17,afternoon,4.64,32.9,,,,,
Fish Tank 3,Fish Tanks,156,156,2025-07-17,morning,5.15,30.0,,,,,
Fish Tank 3,Fish Tanks,156,156,2025-07-18,afternoon,6.0,33.2,,,,,
Fish Tank 3,Fish Tanks,156,156,2025-07-18,morning,4.78,30.1,,,,,
Fish Tank 3,Fish Tanks,156,156,2025-07-21,afternoon,5.18,33.8,,,,,
Fish Tank 3,Fish Tanks,156,156,2025-07-21,morning,6.11,29.2,,,,,
Fish Tank 3,Fish Tanks,156,156,2025-07-22,afternoon,4.56,32.3,,,,,
Fish Tank 3,Fish Tanks,156,156,2025-07-23,afternoon,5.98,32.1,,,,,
Fish Tank 3,Fish Tanks,156,156,2025-07-23,morning,5.11,29.5,,,,,
Fish Tank 3,Fish Tanks,156,156,2025-07-24,afternoon,7.44,32.7,,,,,
Fish Tank 3,Fish Tanks,156,156,2025-07-24,morning,6.72,29.5,,,,,
Fish Tank 3,Fish Tanks,156,156,2025-07-25,afternoon,8.93,33.0,,,,,
Fish Tank 3,Fish Tanks,156,156,2025-07-28,afternoon,4.09,32.5,,,,,
Fish Tank 3,Fish Tanks,156,156,2025-07-28,morning,5.11,29.6,,,,,
Fish Tank 3,Fish Tanks,156,156,2025-07-29,afternoon,4.63,32.3,,,,,
Fish Tank 3,Fish Tanks,156,156,2025-07-29,morning,5.18,29.8,,,,,
Fish Tank 3,Fish Tanks,156,156,2025-07-30,afternoon,5.63,30.4,,,,,
Fish Tank 3,Fish Tanks,157,157,2025-07-01,afternoon,4.92,32.2,,,,,
Fish Tank 3,Fish Tanks,157,157,2025-07-01,morning,6.44,29.7,,,,,
Fish Tank 3,Fish Tanks,157,157,2025-07-02,afternoon,4.9,30.8,,,,,
Fish Tank 3,Fish Tanks,157,157,2025-07-02,morning,5.85,29.4,,,,,
Fish Tank 3,Fish Tanks,157,157,2025-07-03,morning,5.65,28.0,,,,,
Fish Tank 3,Fish Tanks,157,157,2025-07-04,afternoon,6.92,31.6,,,,,
Fish Tank 3,Fish Tanks,157,157,2025-07-04,morning,5.97,28.8,,,,,
Fish Tank 3,Fish Tanks,157,157,2025-07-08,afternoon,5.8,30.8,,,,,
Fish Tank 3,Fish Tanks,157,157,2025-07-10,morning,6.24,29.4,,,,,
Fish Tank 3,Fish Tanks,157,157,2025-07-11,afternoon,7.34,31.9,,,,,
Fish Tank 3,Fish Tanks,157,157,2025-07-11,morning,6.53,28.3,,,,,
Fish Tank 3,Fish Tanks,157,157,2025-07-15,afternoon,5.12,32.7,,,,,
Fish Tank 3,Fish Tanks,157,157,2025-07-15,morning,5.95,29.1,,,,,
Fish Tank 3,Fish Tanks,157,157,2025-07-16,afternoon,4.64,32.4,,,,,
Fish Tank 3,Fish Tanks,157,157,2025-07-17,afternoon,5.5,33.0,,,,,
Fish Tank 3,Fish Tanks,157,157,2025-07-17,morning,5.31,30.1,,,,,
Fish Tank 3,Fish Tanks,157,157,2025-07-18,afternoon,6.49,33.2,,,,,
Fish Tank 3,Fish Tanks,157,157,2025-07-18,morning,5.15,30.1,,,,,
Fish Tank 3,Fish Tanks,157,157,2025-07-21,afternoon,5.26,33.7,,,,,
Fish Tank 3,Fish Tanks,157,157,2025-07-21,morning,6.13,29.2,,,,,
Fish Tank 3,Fish Tanks,157,157,2025-07-22,afternoon,4.3,32.5,,,,,
Fish Tank 3,Fish Tanks,157,157,2025-07-23,afternoon,5.65,32.1,,,,,
Fish Tank 3,Fish Tanks,157,157,2025-07-23,morning,5.92,29.4,,,,,
Fish Tank 3,Fish Tanks,157,157,2025-07-24,afternoon,7.45,32.7,,,,,
Fish Tank 3,Fish Tanks,157,157,2025-07-24,morning,6.71,29.6,,,,,
Fish Tank 3,Fish Tanks,157,157,2025-07-25,afternoon,8.81,33.1,,,,,
Fish Tank 3,Fish Tanks,157,157,2025-07-28,afternoon,5.29,33.5,,,,,
Fish Tank 3,Fish Tanks,157,157,2025-07-28,morning,5.6,29.4,,,,,
Fish Tank 3,Fish Tanks,157,157,2025-07-29,afternoon,4.17,32.6,,,,,
Fish Tank 3,Fish Tanks,157,157,2025-07-29,morning,5.25,30.1,,,,,
Fish Tank 3,Fish Tanks,157,157,2025-07-30,afternoon,5.59,30.3,,,,,
Fish Tank 3,Fish Tanks,158,158,2025-07-01,afternoon,4.93,32.2,,,,,
Fish Tank 3,Fish Tanks,158,158,2025-07-01,morning,6.47,29.7,,,,,
Fish Tank 3,Fish Tanks,158,158,2025-07-02,afternoon,4.66,30.8,,,,,
Fish Tank 3,Fish Tanks,158,158,2025-07-02,morning,6.25,29.4,,,,,
Fish Tank 3,Fish Tanks,158,158,2025-07-03,morning,5.86,28.0,,,,,
Fish Tank 3,Fish Tanks,158,158,2025-07-04,afternoon,7.02,31.6,,,,,
Fish Tank 3,Fish Tanks,158,158,2025-07-04,morning,5.39,28.8,,,,,
Fish Tank 3,Fish Tanks,158,158,2025-07-07,morning,,,7.04,3.2,4.4,0.15,
Fish Tank 3,Fish Tanks,158,158,2025-07-08,afternoon,5.51,30.8,,,,,
Fish Tank 3,Fish Tanks,158,158,2025-07-10,afternoon,6.17,30.3,,,,,
Fish Tank 3,Fish Tanks,158,158,2025-07-10,morning,6.8,29.4,,,,,
Fish Tank 3,Fish Tanks,158,158,2025-07-11,afternoon,7.16,32.0,,,,,
Fish Tank 3,Fish Tanks,158,158,2025-07-11,morning,6.4,28.4,7.26,2.89,1.4,0.158,
Fish Tank 3,Fish Tanks,158,158,2025-07-15,afternoon,5.1,32.7,,,,,
Fish Tank 3,Fish Tanks,158,158,2025-07-15,morning,5.84,29.3,,,,,
Fish Tank 3,Fish Tanks,158,158,2025-07-16,afternoon,3.87,32.4,,,,,
Fish Tank 3,Fish Tanks,158,158,2025-07-17,afternoon,4.64,33.0,,,,,
Fish Tank 3,Fish Tanks,158,158,2025-07-17,morning,4.81,30.1,,,,,
Fish Tank 3,Fish Tanks,158,158,2025-07-18,afternoon,6.27,33.3,,,,,
Fish Tank 3,Fish Tanks,158,158,2025-07-18,morning,4.56,30.1,,,,,
Fish Tank 3,Fish Tanks,158,158,2025-07-21,afternoon,6.25,33.1,,,,,
Fish Tank 3,Fish Tanks,158,158,2025-07-21,morning,5.9,29.2,,,,,
Fish Tank 3,Fish Tanks,158,158,2025-07-22,afternoon,4.93,33.3,,,,,
Fish Tank 3,Fish Tanks,158,158,2025-07-23,afternoon,5.56,32.1,,,,,
Fish Tank 3,Fish Tanks,158,158,2025-07-23,morning,5.36,29.6,,,,,
Fish Tank 3,Fish Tanks,158,158,2025-07-24,afternoon,6.25,32.8,,,,,
Fish Tank 3,Fish Tanks,158,158,2025-07-24,morning,6.37,29.6,,,,,
Fish Tank 3,Fish Tanks,158,158,2025-07-25,afternoon,9.63,33.1,,,,,
Fish Tank 3,Fish Tanks,158,158,2025-07-28,afternoon,4.74,33.6,,,,,
Fish Tank 3,Fish Tanks,158,158,2025-07-28,morning,5.23,29.4,,,,,
Fish Tank 3,Fish Tanks,158,158,2025-07-29,afternoon,3.89,32.7,,,,,
Fish Tank 3,Fish Tanks,158,158,2025-07-29,morning,4.92,30.1,,,,,
Fish Tank 3,Fish Tanks,158,158,2025-07-30,afternoon,5.31,30.3,,,,,
Fish Tank 3,Fish Tanks,159,159,2025-07-29,morning,5.85,30.2,,,,,
Fish Tank 3,Fish Tanks,160,160,2025-07-01,afternoon,6.02,32.4,,,,,
Fish Tank 3,Fish Tanks,160,160,2025-07-01,morning,7.08,29.7,,,,,
Fish Tank 3,Fish Tanks,160,160,2025-07-02,afternoon,5.87,31.1,,,,,
Fish Tank 3,Fish Tanks,160,160,2025-07-02,morning,6.47,29.2,,,,,
Fish Tank 3,Fish Tanks,160,160,2025-07-03,morning,6.57,28.1,,,,,
Fish Tank 3,Fish Tanks,160,160,2025-07-04,afternoon,6.75,31.9,,,,,
Fish Tank 3,Fish Tanks,160,160,2025-07-04,morning,6.09,28.9,,,,,
Fish Tank 3,Fish Tanks,160,160,2025-07-08,afternoon,6.41,30.9,,,,,
Fish Tank 3,Fish Tanks,160,160,2025-07-10,afternoon,6.53,30.6,,,,,
Fish Tank 3,Fish Tanks,160,160,2025-07-10,morning,6.62,29.5,,,,,
Fish Tank 3,Fish Tanks,160,160,2025-07-11,afternoon,6.93,32.2,,,,,
Fish Tank 3,Fish Tanks,160,160,2025-07-11,morning,6.78,28.4,,,,,
Fish Tank 3,Fish Tanks,160,160,2025-07-15,afternoon,5.18,32.7,,,,,
Fish Tank 3,Fish Tanks,160,160,2025-07-15,morning,6.12,30.1,,,,,
Fish Tank 3,Fish Tanks,160,160,2025-07-16,afternoon,4.71,32.6,,,,,
Fish Tank 3,Fish Tanks,160,160,2025-07-17,afternoon,4.47,33.4,,,,,
Fish Tank 3,Fish Tanks,160,160,2025-07-17,morning,5.42,30.0,,,,,
Fish Tank 3,Fish Tanks,160,160,2025-07-18,afternoon,6.33,33.4,,,,,
Fish Tank 3,Fish Tanks,160,160,2025-07-18,morning,4.99,30.1,,,,,
Fish Tank 3,Fish Tanks,160,160,2025-07-21,afternoon,6.01,33.2,,,,,
Fish Tank 3,Fish Tanks,160,160,2025-07-21,morning,6.07,29.1,,,,,
Fish Tank 3,Fish Tanks,160,160,2025-07-22,afternoon,5.23,33.5,,,,,
Fish Tank 3,Fish Tanks,160,160,2025-07-23,afternoon,6.27,31.4,,,,,
Fish Tank 3,Fish Tanks,160,160,2025-07-23,morning,5.68,29.5,,,,,
Fish Tank 3,Fish Tanks,160,160,2025-07-24,afternoon,7.74,33.2,,,,,
Fish Tank 3,Fish Tanks,160,160,2025-07-24,morning,8.0,29.5,,,,,
Fish Tank 3,Fish Tanks,160,160,2025-07-25,afternoon,9.61,33.4,,,,,
Fish Tank 3,Fish Tanks,160,160,2025-07-28,afternoon,5.61,34.0,,,,,
Fish Tank 3,Fish Tanks,160,160,2025-07-28,morning,6.32,29.4,,,,,
Fish Tank 3,Fish Tanks,160,160,2025-07-29,afternoon,4.61,33.1,,,,,
Fish Tank 3,Fish Tanks,160,160,2025-07-29,morning,5.43,30.1,,,,,
Fish Tank 3,Fish Tanks,160,160,2025-07-30,afternoon,5.63,30.4,,,,,
Fish Tank 3,Fish Tanks,161,161,2025-07-01,afternoon,5.42,35.3,,,,,
Fish Tank 3,Fish Tanks,161,161,2025-07-01,morning,6.71,29.5,,,,,
Fish Tank 3,Fish Tanks,161,161,2025-07-02,afternoon,5.06,31.0,,,,,
Fish Tank 3,Fish Tanks,161,161,2025-07-02,morning,6.23,29.5,,,,,
Fish Tank 3,Fish Tanks,161,161,2025-07-03,morning,6.31,27.9,,,,,
Fish Tank 3,Fish Tanks,161,161,2025-07-04,afternoon,7.75,31.7,,,,,
Fish Tank 3,Fish Tanks,161,161,2025-07-04,morning,6.24,28.9,,,,,
Fish Tank 3,Fish Tanks,161,161,2025-07-08,afternoon,5.76,30.8,,,,,
Fish Tank 3,Fish Tanks,161,161,2025-07-10,afternoon,5.72,30.5,,,,,
Fish Tank 3,Fish Tanks,161,161,2025-07-10,morning,6.27,29.4,,,,,
Fish Tank 3,Fish Tanks,161,161,2025-07-11,afternoon,6.7,32.2,,,,,
Fish Tank 3,Fish Tanks,161,161,2025-07-11,morning,6.33,28.3,,,,,
Fish Tank 3,Fish Tanks,161,161,2025-07-15,afternoon,5.61,32.7,,,,,
Fish Tank 3,Fish Tanks,161,161,2025-07-15,morning,6.15,30.2,,,,,
Fish Tank 3,Fish Tanks,161,161,2025-07-16,afternoon,5.1,32.5,,,,,
Fish Tank 3,Fish Tanks,161,161,2025-07-17,afternoon,4.89,33.1,,,,,
Fish Tank 3,Fish Tanks,161,161,2025-07-17,morning,5.61,29.9,,,,,
Fish Tank 3,Fish Tanks,161,161,2025-07-18,afternoon,6.54,33.4,,,,,
Fish Tank 3,Fish Tanks,161,161,2025-07-18,morning,5.2,29.9,,,,,
Fish Tank 3,Fish Tanks,161,161,2025-07-21,afternoon,6.64,33.1,,,,,
Fish Tank 3,Fish Tanks,161,161,2025-07-21,morning,6.83,29.1,,,,,
Fish Tank 3,Fish Tanks,161,161,2025-07-22,afternoon,4.94,33.4,,,,,
Fish Tank 3,Fish Tanks,161,161,2025-07-23,afternoon,6.76,32.0,,,,,
Fish Tank 3,Fish Tanks,161,161,2025-07-23,morning,6.26,29.3,,,,,
Fish Tank 3,Fish Tanks,161,161,2025-07-24,afternoon,6.3,32.9,,,,,
Fish Tank 3,Fish Tanks,161,161,2025-07-24,morning,6.8,29.5,,,,,
Fish Tank 3,Fish Tanks,161,161,2025-07-25,afternoon,8.64,33.2,,,,,
Fish Tank 3,Fish Tanks,161,161,2025-07-28,afternoon,5.61,33.8,,,,,
Fish Tank 3,Fish Tanks,161,161,2025-07-28,morning,6.06,29.4,,,,,
Fish Tank 3,Fish Tanks,161,161,2025-07-29,afternoon,4.52,32.9,,,,,
Fish Tank 3,Fish Tanks,161,161,2025-07-30,afternoon,5.79,30.4,,,,,
Fish Tank 3,Fish Tanks,163,163,2025-07-01,afternoon,5.19,32.2,,,,,
Fish Tank 3,Fish Tanks,163,163,2025-07-01,morning,6.43,29.6,,,,,
Fish Tank 3,Fish Tanks,163,163,2025-07-02,afternoon,4.82,30.9,,,,,
Fish Tank 3,Fish Tanks,163,163,2025-07-02,morning,5.98,29.4,,,,,
Fish Tank 3,Fish Tanks,163,163,2025-07-03,morning,5.94,27.9,,,,,
Fish Tank 3,Fish Tanks,163,163,2025-07-04,afternoon,5.79,31.5,,,,,
Fish Tank 3,Fish Tanks,163,163,2025-07-04,morning,5.43,28.8,,,,,
Fish Tank 3,Fish Tanks,163,163,2025-07-08,afternoon,5.77,30.7,,,,,
Fish Tank 3,Fish Tanks,163,163,2025-07-10,afternoon,7.06,30.2,,,,,
Fish Tank 3,Fish Tanks,163,163,2025-07-10,morning,6.44,29.3,,,,,
Fish Tank 3,Fish Tanks,163,163,2025-07-11,afternoon,7.17,31.9,,,,,
Fish Tank 3,Fish Tanks,163,163,2025-07-11,morning,6.57,28.2,,,,,
Fish Tank 3,Fish Tanks,163,163,2025-07-15,afternoon,5.26,32.5,,,,,
Fish Tank 3,Fish Tanks,163,163,2025-07-15,morning,6.1,30.3,,,,,
Fish Tank 3,Fish Tanks,163,163,2025-07-16,afternoon,4.79,32.2,,,,,
Fish Tank 3,Fish Tanks,163,163,2025-07-17,afternoon,4.47,32.9,,,,,
Fish Tank 3,Fish Tanks,163,163,2025-07-17,morning,5.51,30.0,,,,,
Fish Tank 3,Fish Tanks,163,163,2025-07-18,afternoon,5.4,33.2,,,,,
Fish Tank 3,Fish Tanks,163,163,2025-07-18,morning,5.1,30.0,,,,,
Fish Tank 3,Fish Tanks,163,163,2025-07-21,afternoon,6.13,33.0,,,,,
Fish Tank 3,Fish Tanks,163,163,2025-07-21,morning,6.5,29.2,,,,,
Fish Tank 3,Fish Tanks,163,163,2025-07-22,afternoon,5.39,33.2,,,,,
Fish Tank 3,Fish Tanks,163,163,2025-07-23,afternoon,5.5,32.0,,,,,
Fish Tank 3,Fish Tanks,163,163,2025-07-23,morning,5.9,29.7,,,,,
Fish Tank 3,Fish Tanks,163,163,2025-07-24,afternoon,6.91,32.6,,,,,
Fish Tank 3,Fish Tanks,163,163,2025-07-24,morning,6.85,29.4,,,,,
Fish Tank 3,Fish Tanks,163,163,2025-07-25,afternoon,8.6,32.9,,,,,
Fish Tank 3,Fish Tanks,163,163,2025-07-28,afternoon,5.27,33.5,,,,,
Fish Tank 3,Fish Tanks,163,163,2025-07-28,morning,5.99,29.4,,,,,
Fish Tank 3,Fish Tanks,163,163,2025-07-29,afternoon,4.64,32.6,,,,,
Fish Tank 3,Fish Tanks,163,163,2025-07-29,morning,5.77,30.0,,,,,
Fish Tank 3,Fish Tanks,163,163,2025-07-30,afternoon,6.0,30.3,,,,,
Fish Tank 3,Fish Tanks,164,164,2025-07-01,morning,6.6,29.7,,,,,
Fish Tank 3,Fish Tanks,164,164,2025-07-02,afternoon,4.87,30.9,,,,,
Fish Tank 3,Fish Tanks,164,164,2025-07-02,morning,5.97,29.4,,,,,
Fish Tank 3,Fish Tanks,164,164,2025-07-03,morning,6.02,28.0,,,,,
Fish Tank 3,Fish Tanks,164,164,2025-07-04,afternoon,6.76,31.6,,,,,
Fish Tank 3,Fish Tanks,164,164,2025-07-04,morning,5.82,28.8,,,,,
Fish Tank 3,Fish Tanks,164,164,2025-07-08,afternoon,5.84,30.8,,,,,
Fish Tank 3,Fish Tanks,164,164,2025-07-10,afternoon,6.84,30.2,,,,,
Fish Tank 3,Fish Tanks,164,164,2025-07-10,morning,6.41,29.3,,,,,
Fish Tank 3,Fish Tanks,164,164,2025-07-11,afternoon,7.12,31.9,,,,,
Fish Tank 3,Fish Tanks,164,164,2025-07-11,morning,6.43,28.3,,,,,
Fish Tank 3,Fish Tanks,164,164,2025-07-15,afternoon,5.59,32.7,,,,,
Fish Tank 3,Fish Tanks,164,164,2025-07-15,morning,6.35,30.4,,,,,
Fish Tank 3,Fish Tanks,164,164,2025-07-16,afternoon,4.82,32.3,,,,,
Fish Tank 3,Fish Tanks,164,164,2025-07-17,afternoon,4.56,33.0,,,,,
Fish Tank 3,Fish Tanks,164,164,2025-07-17,morning,5.54,30.1,,,,,
Fish Tank 3,Fish Tanks,164,164,2025-07-18,afternoon,5.27,33.3,,,,,
Fish Tank 3,Fish Tanks,164,164,2025-07-18,morning,5.13,30.1,,,,,
Fish Tank 3,Fish Tanks,164,164,2025-07-21,afternoon,6.7,33.0,,,,,
Fish Tank 3,Fish Tanks,164,164,2025-07-21,morning,6.68,29.2,,,,,
Fish Tank 3,Fish Tanks,164,164,2025-07-22,afternoon,5.5,33.2,,,,,
Fish Tank 3,Fish Tanks,164,164,2025-07-23,afternoon,6.35,31.9,,,,,
Fish Tank 3,Fish Tanks,164,164,2025-07-23,morning,5.76,29.6,,,,,
Fish Tank 3,Fish Tanks,164,164,2025-07-24,afternoon,6.1,32.7,,,,,
Fish Tank 3,Fish Tanks,164,164,2025-07-24,morning,6.49,29.5,,,,,
Fish Tank 3,Fish Tanks,164,164,2025-07-25,afternoon,8.95,33.0,,,,,
Fish Tank 3,Fish Tanks,164,164,2025-07-28,afternoon,5.16,33.7,,,,,
Fish Tank 3,Fish Tanks,164,164,2025-07-28,morning,5.98,29.4,,,,,
Fish Tank 3,Fish Tanks,164,164,2025-07-29,afternoon,4.57,32.7,,,,,
Fish Tank 3,Fish Tanks,164,164,2025-07-29,morning,5.74,30.1,,,,,
Fish Tank 3,Fish Tanks,164,164,2025-07-30,afternoon,5.26,30.4,,,,,
Fish Tank 3,Fish Tanks,165,165,2025-07-01,afternoon,4.89,32.2,,,,,
Fish Tank 3,Fish Tanks,165,165,2025-07-01,morning,6.51,29.7,,,,,
Fish Tank 3,Fish Tanks,165,165,2025-07-02,afternoon,4.86,30.9,,,,,
Fish Tank 3,Fish Tanks,165,165,2025-07-02,morning,6.33,29.3,,,,,
Fish Tank 3,Fish Tanks,165,165,2025-07-03,morning,5.79,28.1,,,,,
Fish Tank 3,Fish Tanks,165,165,2025-07-04,afternoon,6.99,31.6,,,,,
Fish Tank 3,Fish Tanks,165,165,2025-07-04,morning,6.01,28.9,,,,,
Fish Tank 3,Fish Tanks,165,165,2025-07-08,afternoon,6.33,30.8,,,,,
Fish Tank 3,Fish Tanks,165,165,2025-07-10,afternoon,6.87,30.3,,,,,
Fish Tank 3,Fish Tanks,165,165,2025-07-10,morning,6.34,29.3,,,,,
Fish Tank 3,Fish Tanks,165,165,2025-07-11,afternoon,7.16,31.9,,,,,
Fish Tank 3,Fish Tanks,165,165,2025-07-11,morning,6.37,28.3,,,,,
Fish Tank 3,Fish Tanks,165,165,2025-07-15,afternoon,5.13,32.7,,,,,
Fish Tank 3,Fish Tanks,165,165,2025-07-16,afternoon,4.36,32.3,,,,,
Fish Tank 3,Fish Tanks,165,165,2025-07-17,afternoon,4.02,33.0,,,,,
Fish Tank 3,Fish Tanks,165,165,2025-07-17,morning,4.89,30.1,,,,,
Fish Tank 3,Fish Tanks,165,165,2025-07-18,afternoon,4.9,33.3,,,,,
Fish Tank 3,Fish Tanks,165,165,2025-07-18,morning,4.91,30.1,,,,,
Fish Tank 3,Fish Tanks,165,165,2025-07-21,afternoon,6.14,33.1,,,,,
Fish Tank 3,Fish Tanks,165,165,2025-07-21,morning,6.42,29.2,,,,,
Fish Tank 3,Fish Tanks,165,165,2025-07-22,afternoon,5.19,33.2,,,,,
Fish Tank 3,Fish Tanks,165,165,2025-07-23,afternoon,5.98,32.0,,,,,
Fish Tank 3,Fish Tanks,165,165,2025-07-23,morning,5.58,29.6,,,,,
Fish Tank 3,Fish Tanks,165,165,2025-07-24,afternoon,5.83,32.7,,,,,
Fish Tank 3,Fish Tanks,165,165,2025-07-24,morning,6.57,29.5,,,,,
Fish Tank 3,Fish Tanks,165,165,2025-07-25,afternoon,9.06,33.0,,,,,
Fish Tank 3,Fish Tanks,165,165,2025-07-28,afternoon,4.99,33.6,,,,,
Fish Tank 3,Fish Tanks,165,165,2025-07-28,morning,5.6,29.5,,,,,
Fish Tank 3,Fish Tanks,165,165,2025-07-29,afternoon,4.04,32.7,,,,,
Fish Tank 3,Fish Tanks,165,165,2025-07-29,morning,5.49,30.0,,,,,
Fish Tank 3,Fish Tanks,165,165,2025-07-30,afternoon,5.86,30.3,,,,,
Fish Tank 3,Fish Tanks,167,167,2025-07-01,afternoon,5.16,32.3,,,,,
Fish Tank 3,Fish Tanks,167,167,2025-07-01,morning,6.27,29.6,,,,,
Fish Tank 3,Fish Tanks,167,167,2025-07-02,afternoon,4.79,30.9,,,,,
Fish Tank 3,Fish Tanks,167,167,2025-07-02,morning,6.06,29.3,,,,,
Fish Tank 3,Fish Tanks,167,167,2025-07-03,morning,5.83,27.9,,,,,
Fish Tank 3,Fish Tanks,167,167,2025-07-04,afternoon,6.95,31.7,,,,,
Fish Tank 3,Fish Tanks,167,167,2025-07-04,morning,6.2,28.8,,,,,
Fish Tank 3,Fish Tanks,167,167,2025-07-08,afternoon,5.51,30.9,,,,,
Fish Tank 3,Fish Tanks,167,167,2025-07-10,afternoon,6.75,30.2,,,,,
Fish Tank 3,Fish Tanks,167,167,2025-07-10,morning,6.13,29.3,,,,,
Fish Tank 3,Fish Tanks,167,167,2025-07-11,afternoon,6.88,32.0,,,,,
Fish Tank 3,Fish Tanks,167,167,2025-07-11,morning,6.6,28.2,,,,,
Fish Tank 3,Fish Tanks,167,167,2025-07-15,afternoon,5.37,32.8,,,,,
Fish Tank 3,Fish Tanks,167,167,2025-07-16,afternoon,4.73,32.5,,,,,
Fish Tank 3,Fish Tanks,167,167,2025-07-17,afternoon,4.52,33.2,,,,,
Fish Tank 3,Fish Tanks,167,167,2025-07-17,morning,5.05,29.6,,,,,
Fish Tank 3,Fish Tanks,167,167,2025-07-18,afternoon,5.53,33.4,,,,,
Fish Tank 3,Fish Tanks,167,167,2025-07-18,morning,5.29,30.1,,,,,
Fish Tank 3,Fish Tanks,167,167,2025-07-21,afternoon,5.88,33.4,,,,,
Fish Tank 3,Fish Tanks,167,167,2025-07-21,morning,6.45,29.2,,,,,
Fish Tank 3,Fish Tanks,167,167,2025-07-22,afternoon,4.78,33.4,,,,,
Fish Tank 3,Fish Tanks,167,167,2025-07-23,afternoon,6.26,32.1,,,,,
Fish Tank 3,Fish Tanks,167,167,2025-07-23,morning,5.93,29.5,,,,,
Fish Tank 3,Fish Tanks,167,167,2025-07-24,afternoon,5.32,33.0,,,,,
Fish Tank 3,Fish Tanks,167,167,2025-07-24,morning,6.37,29.0,,,,,
Fish Tank 3,Fish Tanks,167,167,2025-07-25,afternoon,7.9,33.3,,,,,
Fish Tank 3,Fish Tanks,167,167,2025-07-28,afternoon,5.0,34.0,,,,,
Fish Tank 3,Fish Tanks,167,167,2025-07-28,morning,6.7,31.4,,,,,
Fish Tank 3,Fish Tanks,167,167,2025-07-29,afternoon,4.17,32.8,,,,,
Fish Tank 3,Fish Tanks,167,167,2025-07-29,morning,5.53,30.1,,,,,
Fish Tank 3,Fish Tanks,167,167,2025-07-30,afternoon,5.36,30.5,,,,,
Fish Tank 3,Fish Tanks,168,168,2025-07-01,afternoon,5.18,32.3,,,,,
Fish Tank 3,Fish Tanks,168,168,2025-07-01,morning,6.55,29.6,,,,,
Fish Tank 3,Fish Tanks,168,168,2025-07-02,afternoon,4.71,30.9,,,,,
Fish Tank 3,Fish Tanks,168,168,2025-07-02,morning,6.22,29.3,,,,,
Fish Tank 3,Fish Tanks,168,168,2025-07-03,morning,5.72,28.0,,,,,
Fish Tank 3,Fish Tanks,168,168,2025-07-04,afternoon,6.42,31.7,,,,,
Fish Tank 3,Fish Tanks,168,168,2025-07-04,morning,5.66,28.8,,,,,
Fish Tank 3,Fish Tanks,168,168,2025-07-08,afternoon,5.52,30.9,,,,,
Fish Tank 3,Fish Tanks,168,168,2025-07-10,afternoon,5.69,30.2,,,,,
Fish Tank 3,Fish Tanks,168,168,2025-07-10,morning,5.92,29.3,,,,,
Fish Tank 3,Fish Tanks,168,168,2025-07-11,afternoon,5.94,31.9,,,,,
Fish Tank 3,Fish Tanks,168,168,2025-07-11,morning,6.13,28.2,,,,,
Fish Tank 3,Fish Tanks,168,168,2025-07-15,afternoon,5.49,32.8,,,,,
Fish Tank 3,Fish Tanks,168,168,2025-07-15,morning,5.73,29.2,,,,,
Fish Tank 3,Fish Tanks,168,168,2025-07-16,afternoon,4.69,32.4,,,,,
Fish Tank 3,Fish Tanks,168,168,2025-07-17,afternoon,3.96,33.1,,,,,
Fish Tank 3,Fish Tanks,168,168,2025-07-17,morning,5.0,29.6,,,,,
Fish Tank 3,Fish Tanks,168,168,2025-07-18,afternoon,5.34,33.3,,,,,
Fish Tank 3,Fish Tanks,168,168,2025-07-18,morning,5.03,30.1,,,,,
Fish Tank 3,Fish Tanks,168,168,2025-07-21,afternoon,6.21,33.1,,,,,
Fish Tank 3,Fish Tanks,168,168,2025-07-21,morning,6.44,29.2,,,,,
Fish Tank 3,Fish Tanks,168,168,2025-07-22,afternoon,5.1,33.2,,,,,
Fish Tank 3,Fish Tanks,168,168,2025-07-23,afternoon,6.49,32.0,,,,,
Fish Tank 3,Fish Tanks,168,168,2025-07-23,morning,6.23,29.4,,,,,
Fish Tank 3,Fish Tanks,168,168,2025-07-24,afternoon,5.75,32.9,,,,,
Fish Tank 3,Fish Tanks,168,168,2025-07-24,morning,6.7,29.4,,,,,
Fish Tank 3,Fish Tanks,168,168,2025-07-25,afternoon,8.53,33.2,,,,,
Fish Tank 3,Fish Tanks,168,168,2025-07-28,afternoon,5.21,33.8,,,,,
Fish Tank 3,Fish Tanks,168,168,2025-07-28,morning,6.69,31.3,,,,,
Fish Tank 3,Fish Tanks,168,168,2025-07-29,afternoon,4.1,32.9,,,,,
Fish Tank 3,Fish Tanks,168,168,2025-07-29,morning,5.53,30.1,,,,,
Fish Tank 3,Fish Tanks,168,168,2025-07-30,afternoon,5.85,30.4,,,,,
Fish Tank 3,Fish Tanks,169,169,2025-07-01,afternoon,5.24,32.3,,,,,
Fish Tank 3,Fish Tanks,169,169,2025-07-01,morning,6.59,29.7,6.69,1.03,1.4,0.013,
Fish Tank 3,Fish Tanks,169,169,2025-07-02,afternoon,4.96,30.9,,,,,
Fish Tank 3,Fish Tanks,169,169,2025-07-02,morning,6.14,29.2,,,,,
Fish Tank 3,Fish Tanks,169,169,2025-07-03,morning,5.92,28.0,,,,,
Fish Tank 3,Fish Tanks,169,169,2025-07-04,afternoon,7.31,31.6,,,,,
Fish Tank 3,Fish Tanks,169,169,2025-07-04,morning,6.11,28.8,6.97,3.5,1.2,0.066,
Fish Tank 3,Fish Tanks,169,169,2025-07-08,afternoon,5.75,30.8,,,,,
Fish Tank 3,Fish Tanks,169,169,2025-07-10,afternoon,6.73,30.1,,,,,
Fish Tank 3,Fish Tanks,169,169,2025-07-10,morning,6.17,29.2,,,,,
Fish Tank 3,Fish Tanks,169,169,2025-07-11,afternoon,6.88,31.8,,,,,
Fish Tank 3,Fish Tanks,169,169,2025-07-11,morning,6.48,28.2,,,,,
Fish Tank 3,Fish Tanks,169,169,2025-07-15,afternoon,5.81,32.7,,,,,
Fish Tank 3,Fish Tanks,169,169,2025-07-15,morning,5.65,29.2,,,,,
Fish Tank 3,Fish Tanks,169,169,2025-07-16,afternoon,4.88,32.4,,,,,
Fish Tank 3,Fish Tanks,169,169,2025-07-17,afternoon,4.05,33.1,,,,,
Fish Tank 3,Fish Tanks,169,169,2025-07-17,morning,4.79,29.6,,,,,
Fish Tank 3,Fish Tanks,169,169,2025-07-18,afternoon,5.0,33.2,,,,,
Fish Tank 3,Fish Tanks,169,169,2025-07-18,morning,4.99,30.1,,,,,
Fish Tank 3,Fish Tanks,169,169,2025-07-21,afternoon,6.54,32.9,,,,,
Fish Tank 3,Fish Tanks,169,169,2025-07-21,morning,6.41,29.1,,,,,
Fish Tank 3,Fish Tanks,169,169,2025-07-22,afternoon,5.23,33.2,,,,,
Fish Tank 3,Fish Tanks,169,169,2025-07-23,afternoon,6.98,31.7,,,,,
Fish Tank 3,Fish Tanks,169,169,2025-07-23,morning,5.56,29.4,,,,,
Fish Tank 3,Fish Tanks,169,169,2025-07-24,afternoon,6.72,32.8,,,,,
Fish Tank 3,Fish Tanks,169,169,2025-07-24,morning,6.99,29.4,,,,,
Fish Tank 3,Fish Tanks,169,169,2025-07-25,afternoon,9.77,33.0,,,,,
Fish Tank 3,Fish Tanks,169,169,2025-07-28,afternoon,5.0,33.9,,,,,
Fish Tank 3,Fish Tanks,169,169,2025-07-28,morning,6.7,31.4,,,,,
Fish Tank 3,Fish Tanks,169,169,2025-07-29,afternoon,4.33,32.8,,,,,
Fish Tank 3,Fish Tanks,169,169,2025-07-29,morning,5.61,30.1,,,,,
Fish Tank 3,Fish Tanks,169,169,2025-07-30,afternoon,5.18,30.5,,,,,
Fish Tank 3,Fish Tanks,170,170,2025-07-01,afternoon,5.23,32.3,,,,,
Fish Tank 3,Fish Tanks,170,170,2025-07-01,morning,6.48,29.5,,,,,
Fish Tank 3,Fish Tanks,170,170,2025-07-02,afternoon,4.91,30.9,,,,,
Fish Tank 3,Fish Tanks,170,170,2025-07-02,morning,6.49,29.0,,,,,
Fish Tank 3,Fish Tanks,170,170,2025-07-03,morning,5.86,27.9,,,,,
Fish Tank 3,Fish Tanks,170,170,2025-07-04,afternoon,6.38,31.8,,,,,
Fish Tank 3,Fish Tanks,170,170,2025-07-04,morning,5.87,28.8,,,,,
Fish Tank 3,Fish Tanks,170,170,2025-07-07,morning,,,7.07,4.2,2.2,0.68,
Fish Tank 3,Fish Tanks,170,170,2025-07-08,afternoon,5.77,30.8,,,,,
Fish Tank 3,Fish Tanks,170,170,2025-07-10,afternoon,6.12,30.1,,,,,
Fish Tank 3,Fish Tanks,170,170,2025-07-10,morning,6.27,29.1,,,,,
Fish Tank 3,Fish Tanks,170,170,2025-07-11,afternoon,6.47,31.8,,,,,
Fish Tank 3,Fish Tanks,170,170,2025-07-11,morning,6.4,28.2,7.12,4.4,2.0,0.036,
Fish Tank 3,Fish Tanks,170,170,2025-07-15,afternoon,5.78,32.7,,,,,
Fish Tank 3,Fish Tanks,170,170,2025-07-15,morning,6.0,29.2,,,,,
Fish Tank 3,Fish Tanks,170,170,2025-07-16,afternoon,4.71,32.4,,,,,
Fish Tank 3,Fish Tanks,170,170,2025-07-17,afternoon,4.33,33.1,,,,,
Fish Tank 3,Fish Tanks,170,170,2025-07-17,morning,5.42,29.5,,,,,
Fish Tank 3,Fish Tanks,170,170,2025-07-18,afternoon,5.74,33.2,,,,,
Fish Tank 3,Fish Tanks,170,170,2025-07-18,morning,5.27,30.0,,,,,
Fish Tank 3,Fish Tanks,170,170,2025-07-21,afternoon,6.53,32.9,,,,,
Fish Tank 3,Fish Tanks,170,170,2025-07-21,morning,6.49,29.1,,,,,
Fish Tank 3,Fish Tanks,170,170,2025-07-22,afternoon,5.39,33.2,,,,,
Fish Tank 3,Fish Tanks,170,170,2025-07-23,afternoon,6.03,32.0,,,,,
Fish Tank 3,Fish Tanks,170,170,2025-07-23,morning,5.6,29.3,,,,,
Fish Tank 3,Fish Tanks,170,170,2025-07-24,afternoon,6.09,32.9,,,,,
Fish Tank 3,Fish Tanks,170,170,2025-07-24,morning,6.87,29.4,,,,,
Fish Tank 3,Fish Tanks,170,170,2025-07-25,afternoon,9.43,33.0,,,,,
Fish Tank 3,Fish Tanks,170,170,2025-07-28,afternoon,4.91,33.9,,,,,
Fish Tank 3,Fish Tanks,170,170,2025-07-28,morning,6.72,31.4,,,,,
Fish Tank 3,Fish Tanks,170,170,2025-07-29,morning,5.73,30.0,,,,,
Fish Tank 3,Fish Tanks,170,170,2025-07-30,afternoon,5.09,30.5,,,,,
Fish Tank 3,Fish Tanks,171,171,2025-07-01,afternoon,5.32,32.3,,,,,
Fish Tank 3,Fish Tanks,171,171,2025-07-01,morning,6.54,29.6,,,,,
Fish Tank 3,Fish Tanks,171,171,2025-07-02,afternoon,4.85,30.9,,,,,
Fish Tank 3,Fish Tanks,171,171,2025-07-02,morning,5.99,29.3,,,,,
Fish Tank 3,Fish Tanks,171,171,2025-07-03,morning,5.84,28.0,,,,,
Fish Tank 3,Fish Tanks,171,171,2025-07-04,afternoon,6.71,31.6,,,,,
Fish Tank 3,Fish Tanks,171,171,2025-07-04,morning,6.0,28.8,,,,,
Fish Tank 3,Fish Tanks,171,171,2025-07-08,afternoon,5.12,30.6,,,,,
Fish Tank 3,Fish Tanks,171,171,2025-07-10,afternoon,5.82,29.8,,,,,
Fish Tank 3,Fish Tanks,171,171,2025-07-10,morning,5.68,28.9,,,,,
Fish Tank 3,Fish Tanks,171,171,2025-07-11,afternoon,6.62,31.7,,,,,
Fish Tank 3,Fish Tanks,171,171,2025-07-11,morning,6.77,28.1,,,,,
Fish Tank 3,Fish Tanks,171,171,2025-07-15,afternoon,5.45,32.6,,,,,
Fish Tank 3,Fish Tanks,171,171,2025-07-15,morning,6.27,29.2,,,,,
Fish Tank 3,Fish Tanks,171,171,2025-07-16,afternoon,4.99,32.3,,,,,
Fish Tank 3,Fish Tanks,171,171,2025-07-17,afternoon,4.7,32.9,,,,,
Fish Tank 3,Fish Tanks,171,171,2025-07-17,morning,5.33,29.6,,,,,
Fish Tank 3,Fish Tanks,171,171,2025-07-18,afternoon,8.66,33.0,,,,,
Fish Tank 3,Fish Tanks,171,171,2025-07-18,morning,5.54,30.0,,,,,
Fish Tank 3,Fish Tanks,171,171,2025-07-21,afternoon,6.5,33.0,,,,,
Fish Tank 3,Fish Tanks,171,171,2025-07-21,morning,6.45,29.1,,,,,
Fish Tank 3,Fish Tanks,171,171,2025-07-22,afternoon,4.98,33.1,,,,,
Fish Tank 3,Fish Tanks,171,171,2025-07-23,afternoon,6.74,31.6,,,,,
Fish Tank 3,Fish Tanks,171,171,2025-07-23,morning,5.77,29.2,,,,,
Fish Tank 3,Fish Tanks,171,171,2025-07-24,afternoon,6.63,32.7,,,,,
Fish Tank 3,Fish Tanks,171,171,2025-07-24,morning,7.33,29.4,,,,,
Fish Tank 3,Fish Tanks,171,171,2025-07-25,afternoon,8.34,32.9,,,,,
Fish Tank 3,Fish Tanks,171,171,2025-07-28,afternoon,5.57,33.7,,,,,
Fish Tank 3,Fish Tanks,171,171,2025-07-28,morning,6.7,31.3,,,,,
Fish Tank 3,Fish Tanks,171,171,2025-07-29,afternoon,4.16,32.7,,,,,
Fish Tank 3,Fish Tanks,171,171,2025-07-29,morning,5.87,30.0,,,,,
Fish Tank 3,Fish Tanks,171,171,2025-07-30,afternoon,4.99,30.5,,,,,
Fish Tank 3,Fish Tanks,172,172,2025-07-01,afternoon,5.12,32.2,,,,,
Fish Tank 3,Fish Tanks,172,172,2025-07-01,morning,6.52,29.6,,,,,
Fish Tank 3,Fish Tanks,172,172,2025-07-02,afternoon,5.06,30.8,,,,,
Fish Tank 3,Fish Tanks,172,172,2025-07-02,morning,6.25,29.3,,,,,
Fish Tank 3,Fish Tanks,172,172,2025-07-03,morning,6.12,27.8,,,,,
Fish Tank 3,Fish Tanks,172,172,2025-07-04,afternoon,7.11,31.5,,,,,
Fish Tank 3,Fish Tanks,172,172,2025-07-04,morning,5.95,28.7,,,,,
Fish Tank 3,Fish Tanks,172,172,2025-07-08,afternoon,5.86,30.8,,,,,
Fish Tank 3,Fish Tanks,172,172,2025-07-10,afternoon,6.36,30.0,,,,,
Fish Tank 3,Fish Tanks,172,172,2025-07-10,morning,5.96,29.2,,,,,
Fish Tank 3,Fish Tanks,172,172,2025-07-11,afternoon,6.45,31.7,,,,,
Fish Tank 3,Fish Tanks,172,172,2025-07-11,morning,6.25,28.1,,,,,
Fish Tank 3,Fish Tanks,172,172,2025-07-15,afternoon,5.08,32.6,,,,,
Fish Tank 3,Fish Tanks,172,172,2025-07-15,morning,5.4,29.3,,,,,
Fish Tank 3,Fish Tanks,172,172,2025-07-16,afternoon,4.82,32.3,,,,,
Fish Tank 3,Fish Tanks,172,172,2025-07-17,afternoon,4.25,33.0,,,,,
Fish Tank 3,Fish Tanks,172,172,2025-07-17,morning,5.14,29.5,,,,,
Fish Tank 3,Fish Tanks,172,172,2025-07-18,afternoon,5.7,33.0,,,,,
Fish Tank 3,Fish Tanks,172,172,2025-07-18,morning,5.08,29.9,,,,,
Fish Tank 3,Fish Tanks,172,172,2025-07-21,afternoon,6.37,32.7,,,,,
Fish Tank 3,Fish Tanks,172,172,2025-07-21,morning,6.46,29.1,,,,,
Fish Tank 3,Fish Tanks,172,172,2025-07-22,afternoon,5.17,33.2,,,,,
Fish Tank 3,Fish Tanks,172,172,2025-07-23,afternoon,5.5,32.1,,,,,
Fish Tank 3,Fish Tanks,172,172,2025-07-23,morning,5.18,29.2,,,,,
Fish Tank 3,Fish Tanks,172,172,2025-07-24,afternoon,6.63,32.7,,,,,
Fish Tank 3,Fish Tanks,172,172,2025-07-24,morning,7.07,29.3,,,,,
Fish Tank 3,Fish Tanks,172,172,2025-07-25,afternoon,8.93,32.8,,,,,
Fish Tank 3,Fish Tanks,172,172,2025-07-28,afternoon,5.3,33.9,,,,,
Fish Tank 3,Fish Tanks,172,172,2025-07-28,morning,6.6,31.2,,,,,
Fish Tank 3,Fish Tanks,172,172,2025-07-29,afternoon,4.57,32.8,,,,,
Fish Tank 3,Fish Tanks,172,172,2025-07-29,morning,5.64,30.1,,,,,
Fish Tank 3,Fish Tanks,172,172,2025-07-30,afternoon,4.83,30.5,,,,,
Fish Tank 3,Fish Tanks,173,173,2025-07-01,afternoon,4.91,32.2,,,,,
Fish Tank 3,Fish Tanks,173,173,2025-07-01,morning,6.46,29.6,,,,,
Fish Tank 3,Fish Tanks,173,173,2025-07-02,afternoon,4.64,30.9,,,,,
Fish Tank 3,Fish Tanks,173,173,2025-07-02,morning,6.13,29.1,,,,,
Fish Tank 3,Fish Tanks,173,173,2025-07-03,morning,5.91,27.9,,,,,
Fish Tank 3,Fish Tanks,173,173,2025-07-04,afternoon,6.1,31.6,,,,,
Fish Tank 3,Fish Tanks,173,173,2025-07-04,morning,5.91,28.7,,,,,
Fish Tank 3,Fish Tanks,173,173,2025-07-08,afternoon,5.28,30.9,,,,,
Fish Tank 3,Fish Tanks,173,173,2025-07-10,afternoon,5.83,30.1,,,,,
Fish Tank 3,Fish Tanks,173,173,2025-07-10,morning,5.87,29.2,,,,,
Fish Tank 3,Fish Tanks,173,173,2025-07-11,afternoon,5.88,31.7,,,,,
Fish Tank 3,Fish Tanks,173,173,2025-07-11,morning,5.96,28.2,,,,,
Fish Tank 3,Fish Tanks,173,173,2025-07-15,afternoon,5.49,32.6,,,,,
Fish Tank 3,Fish Tanks,173,173,2025-07-15,morning,5.47,29.3,,,,,
Fish Tank 3,Fish Tanks,173,173,2025-07-16,afternoon,4.35,32.4,,,,,
Fish Tank 3,Fish Tanks,173,173,2025-07-17,afternoon,3.67,33.0,,,,,
Fish Tank 3,Fish Tanks,173,173,2025-07-17,morning,4.73,29.6,,,,,
Fish Tank 3,Fish Tanks,173,173,2025-07-18,afternoon,5.3,33.0,,,,,
Fish Tank 3,Fish Tanks,173,173,2025-07-18,morning,4.75,30.0,,,,,
Fish Tank 3,Fish Tanks,173,173,2025-07-21,afternoon,6.44,32.9,,,,,
Fish Tank 3,Fish Tanks,173,173,2025-07-21,morning,6.37,29.1,,,,,
Fish Tank 3,Fish Tanks,173,173,2025-07-22,afternoon,4.68,33.1,,,,,
Fish Tank 3,Fish Tanks,173,173,2025-07-23,afternoon,5.47,32.1,,,,,
Fish Tank 3,Fish Tanks,173,173,2025-07-23,morning,5.38,29.1,,,,,
Fish Tank 3,Fish Tanks,173,173,2025-07-24,afternoon,5.64,32.8,,,,,
Fish Tank 3,Fish Tanks,173,173,2025-07-24,morning,6.19,29.3,,,,,
Fish Tank 3,Fish Tanks,173,173,2025-07-25,afternoon,8.91,32.9,,,,,
Fish Tank 3,Fish Tanks,173,173,2025-07-28,afternoon,5.16,33.7,,,,,
Fish Tank 3,Fish Tanks,173,173,2025-07-28,morning,6.42,31.1,,,,,
Fish Tank 3,Fish Tanks,173,173,2025-07-29,afternoon,3.91,32.8,,,,,
Fish Tank 3,Fish Tanks,173,173,2025-07-29,morning,5.32,30.0,,,,,
Fish Tank 3,Fish Tanks,173,173,2025-07-30,afternoon,4.82,30.5,,,,,
Fish Tank 3,Fish Tanks,174,174,2025-07-01,afternoon,4.81,32.3,,,,,
Fish Tank 3,Fish Tanks,174,174,2025-07-01,morning,6.4,29.6,,,,,
Fish Tank 3,Fish Tanks,174,174,2025-07-02,afternoon,4.51,31.0,,,,,
Fish Tank 3,Fish Tanks,174,174,2025-07-02,morning,6.45,28.8,,,,,
Fish Tank 3,Fish Tanks,174,174,2025-07-03,morning,5.81,27.9,,,,,
Fish Tank 3,Fish Tanks,174,174,2025-07-04,afternoon,6.71,31.6,,,,,
Fish Tank 3,Fish Tanks,174,174,2025-07-04,morning,5.66,28.8,,,,,
Fish Tank 3,Fish Tanks,174,174,2025-07-08,afternoon,5.25,31.0,,,,,
Fish Tank 3,Fish Tanks,174,174,2025-07-10,afternoon,7.04,30.1,,,,,
Fish Tank 3,Fish Tanks,174,174,2025-07-10,morning,6.28,29.2,,,,,
Fish Tank 3,Fish Tanks,174,174,2025-07-11,afternoon,6.39,31.8,,,,,
Fish Tank 3,Fish Tanks,174,174,2025-07-11,morning,6.02,28.2,,,,,
Fish Tank 3,Fish Tanks,174,174,2025-07-15,afternoon,5.25,32.7,,,,,
Fish Tank 3,Fish Tanks,174,174,2025-07-15,morning,5.56,29.3,,,,,
Fish Tank 3,Fish Tanks,174,174,2025-07-16,afternoon,4.18,32.4,,,,,
Fish Tank 3,Fish Tanks,174,174,2025-07-17,afternoon,3.66,33.0,,,,,
Fish Tank 3,Fish Tanks,174,174,2025-07-17,morning,5.15,29.6,,,,,
Fish Tank 3,Fish Tanks,174,174,2025-07-18,afternoon,5.09,33.0,,,,,
Fish Tank 3,Fish Tanks,174,174,2025-07-18,morning,4.88,30.1,,,,,
Fish Tank 3,Fish Tanks,174,174,2025-07-21,afternoon,6.31,32.7,,,,,
Fish Tank 3,Fish Tanks,174,174,2025-07-21,morning,6.1,29.2,,,,,
Fish Tank 3,Fish Tanks,174,174,2025-07-22,afternoon,4.46,33.2,,,,,
Fish Tank 3,Fish Tanks,174,174,2025-07-23,afternoon,4.9,32.1,,,,,
Fish Tank 3,Fish Tanks,174,174,2025-07-23,morning,4.8,29.2,,,,,
Fish Tank 3,Fish Tanks,174,174,2025-07-24,afternoon,6.26,32.8,,,,,
Fish Tank 3,Fish Tanks,174,174,2025-07-24,morning,6.37,29.4,,,,,
Fish Tank 3,Fish Tanks,174,174,2025-07-25,afternoon,8.06,32.8,,,,,
Fish Tank 3,Fish Tanks,174,174,2025-07-28,afternoon,4.74,33.8,,,,,
Fish Tank 3,Fish Tanks,174,174,2025-07-28,morning,6.22,31.4,,,,,
Fish Tank 3,Fish Tanks,174,174,2025-07-29,afternoon,4.11,32.8,,,,,
Fish Tank 3,Fish Tanks,174,174,2025-07-29,morning,5.35,30.0,,,,,
Fish Tank 3,Fish Tanks,174,174,2025-07-30,afternoon,5.75,30.6,,,,,
Fish Tank 3,Fish Tanks,175,175,2025-07-01,afternoon,5.08,32.4,,,,,
Fish Tank 3,Fish Tanks,175,175,2025-07-01,morning,6.65,29.5,,,,,
Fish Tank 3,Fish Tanks,175,175,2025-07-02,afternoon,5.11,31.1,,,,,
Fish Tank 3,Fish Tanks,175,175,2025-07-02,morning,5.66,29.3,,,,,
Fish Tank 3,Fish Tanks,175,175,2025-07-03,morning,6.24,27.9,,,,,
Fish Tank 3,Fish Tanks,175,175,2025-07-04,afternoon,7.16,31.7,,,,,
Fish Tank 3,Fish Tanks,175,175,2025-07-04,morning,5.68,28.9,,,,,
Fish Tank 3,Fish Tanks,175,175,2025-07-08,afternoon,5.62,31.1,,,,,
Fish Tank 3,Fish Tanks,175,175,2025-07-10,afternoon,6.82,30.1,,,,,
Fish Tank 3,Fish Tanks,175,175,2025-07-10,morning,6.34,29.2,,,,,
Fish Tank 3,Fish Tanks,175,175,2025-07-11,afternoon,6.58,31.8,,,,,
Fish Tank 3,Fish Tanks,175,175,2025-07-11,morning,6.26,28.2,,,,,
Fish Tank 3,Fish Tanks,175,175,2025-07-15,afternoon,5.33,32.8,,,,,
Fish Tank 3,Fish Tanks,175,175,2025-07-15,morning,5.92,29.2,,,,,
Fish Tank 3,Fish Tanks,175,175,2025-07-16,afternoon,4.58,32.4,,,,,
Fish Tank 3,Fish Tanks,175,175,2025-07-17,afternoon,4.51,33.1,,,,,
Fish Tank 3,Fish Tanks,175,175,2025-07-17,morning,4.92,29.5,,,,,
Fish Tank 3,Fish Tanks,175,175,2025-07-18,afternoon,5.74,33.1,,,,,
Fish Tank 3,Fish Tanks,175,175,2025-07-18,morning,5.32,29.9,,,,,
Fish Tank 3,Fish Tanks,175,175,2025-07-21,afternoon,6.36,32.8,,,,,
Fish Tank 3,Fish Tanks,175,175,2025-07-21,morning,6.37,29.1,,,,,
Fish Tank 3,Fish Tanks,175,175,2025-07-22,afternoon,5.28,33.2,,,,,
Fish Tank 3,Fish Tanks,175,175,2025-07-23,afternoon,5.27,32.2,,,,,
Fish Tank 3,Fish Tanks,175,175,2025-07-23,morning,4.9,29.2,,,,,
Fish Tank 3,Fish Tanks,175,175,2025-07-24,afternoon,5.98,32.9,,,,,
Fish Tank 3,Fish Tanks,175,175,2025-07-24,morning,7.02,29.3,,,,,
Fish Tank 3,Fish Tanks,175,175,2025-07-25,afternoon,9.12,32.9,,,,,
Fish Tank 3,Fish Tanks,175,175,2025-07-28,afternoon,5.28,33.8,,,,,
Fish Tank 3,Fish Tanks,175,175,2025-07-28,morning,6.42,31.3,,,,,
Fish Tank 3,Fish Tanks,175,175,2025-07-29,afternoon,4.62,32.8,,,,,
Fish Tank 3,Fish Tanks,175,175,2025-07-29,morning,5.65,30.0,,,,,
Fish Tank 3,Fish Tanks,175,175,2025-07-30,afternoon,5.48,30.6,,,,,
Fish Tank 3,Fish Tanks,176,176,2025-07-01,afternoon,5.07,32.7,,,,,
Fish Tank 3,Fish Tanks,176,176,2025-07-01,morning,6.44,29.6,,,,,
Fish Tank 3,Fish Tanks,176,176,2025-07-02,afternoon,4.77,31.3,,,,,
Fish Tank 3,Fish Tanks,176,176,2025-07-02,morning,5.73,29.3,,,,,
Fish Tank 3,Fish Tanks,176,176,2025-07-03,morning,5.72,27.9,,,,,
Fish Tank 3,Fish Tanks,176,176,2025-07-04,afternoon,5.81,31.9,,,,,
Fish Tank 3,Fish Tanks,176,176,2025-07-04,morning,5.9,29.0,,,,,
Fish Tank 3,Fish Tanks,176,176,2025-07-08,afternoon,5.64,31.1,,,,,
Fish Tank 3,Fish Tanks,176,176,2025-07-10,afternoon,6.25,30.3,,,,,
Fish Tank 3,Fish Tanks,176,176,2025-07-10,morning,6.37,29.3,,,,,
Fish Tank 3,Fish Tanks,176,176,2025-07-11,afternoon,5.91,32.1,,,,,
Fish Tank 3,Fish Tanks,176,176,2025-07-11,morning,5.93,28.2,,,,,
Fish Tank 3,Fish Tanks,176,176,2025-07-15,afternoon,5.49,32.7,,,,,
Fish Tank 3,Fish Tanks,176,176,2025-07-15,morning,5.72,29.3,,,,,
Fish Tank 3,Fish Tanks,176,176,2025-07-16,afternoon,4.18,32.5,,,,,
Fish Tank 3,Fish Tanks,176,176,2025-07-17,afternoon,3.58,33.1,,,,,
Fish Tank 3,Fish Tanks,176,176,2025-07-17,morning,4.96,29.5,,,,,
Fish Tank 3,Fish Tanks,176,176,2025-07-18,afternoon,5.27,33.1,,,,,
Fish Tank 3,Fish Tanks,176,176,2025-07-18,morning,4.74,30.0,,,,,
Fish Tank 3,Fish Tanks,176,176,2025-07-21,afternoon,6.25,33.0,,,,,
Fish Tank 3,Fish Tanks,176,176,2025-07-21,morning,6.26,29.2,,,,,
Fish Tank 3,Fish Tanks,176,176,2025-07-22,afternoon,4.51,33.2,,,,,
Fish Tank 3,Fish Tanks,176,176,2025-07-23,afternoon,5.32,32.2,,,,,
Fish Tank 3,Fish Tanks,176,176,2025-07-23,morning,5.08,29.2,,,,,
Fish Tank 3,Fish Tanks,176,176,2025-07-24,afternoon,5.81,32.9,,,,,
Fish Tank 3,Fish Tanks,176,176,2025-07-24,morning,6.36,29.3,,,,,
Fish Tank 3,Fish Tanks,176,176,2025-07-25,afternoon,8.14,33.1,,,,,
Fish Tank 3,Fish Tanks,176,176,2025-07-28,afternoon,4.89,33.7,,,,,
Fish Tank 3,Fish Tanks,176,176,2025-07-28,morning,5.85,31.2,6.98,9.4,,,
Fish Tank 3,Fish Tanks,176,176,2025-07-29,afternoon,3.83,33.0,,,,,
Fish Tank 3,Fish Tanks,176,176,2025-07-29,morning,5.37,30.0,,,,,
Fish Tank 3,Fish Tanks,176,176,2025-07-30,afternoon,5.31,30.6,,,,,
Fish Tank 3,Fish Tanks,177,177,2025-07-01,afternoon,5.25,32.3,,,,,
Fish Tank 3,Fish Tanks,177,177,2025-07-01,morning,6.63,29.4,,,,,
Fish Tank 3,Fish Tanks,177,177,2025-07-02,afternoon,5.0,30.9,,,,,
Fish Tank 3,Fish Tanks,177,177,2025-07-02,morning,6.25,29.2,,,,,
Fish Tank 3,Fish Tanks,177,177,2025-07-03,morning,5.9,27.8,,,,,
Fish Tank 3,Fish Tanks,177,177,2025-07-04,afternoon,6.27,31.6,,,,,
Fish Tank 3,Fish Tanks,177,177,2025-07-04,morning,5.95,28.9,,,,,
Fish Tank 3,Fish Tanks,177,177,2025-07-08,afternoon,5.36,31.0,,,,,
Fish Tank 3,Fish Tanks,177,177,2025-07-10,afternoon,6.18,30.1,,,,,
Fish Tank 3,Fish Tanks,177,177,2025-07-10,morning,5.97,29.1,,,,,
Fish Tank 3,Fish Tanks,177,177,2025-07-11,afternoon,5.8,31.7,,,,,
Fish Tank 3,Fish Tanks,177,177,2025-07-11,morning,6.29,28.1,,,,,
Fish Tank 3,Fish Tanks,177,177,2025-07-15,afternoon,5.78,32.6,,,,,
Fish Tank 3,Fish Tanks,177,177,2025-07-15,morning,5.66,29.1,,,,,
Fish Tank 3,Fish Tanks,177,177,2025-07-16,afternoon,4.54,32.3,,,,,
Fish Tank 3,Fish Tanks,177,177,2025-07-17,afternoon,5.14,32.7,,,,,
Fish Tank 3,Fish Tanks,177,177,2025-07-17,morning,5.23,29.8,,,,,
Fish Tank 3,Fish Tanks,177,177,2025-07-18,afternoon,5.58,32.9,,,,,
Fish Tank 3,Fish Tanks,177,177,2025-07-18,morning,5.51,29.7,,,,,
Fish Tank 3,Fish Tanks,177,177,2025-07-21,afternoon,6.83,32.5,,,,,
Fish Tank 3,Fish Tanks,177,177,2025-07-21,morning,6.6,29.0,,,,,
Fish Tank 3,Fish Tanks,177,177,2025-07-22,afternoon,5.25,33.2,,,,,
Fish Tank 3,Fish Tanks,177,177,2025-07-23,afternoon,5.74,31.6,,,,,
Fish Tank 3,Fish Tanks,177,177,2025-07-23,morning,6.14,29.4,,,,,
Fish Tank 3,Fish Tanks,177,177,2025-07-24,afternoon,6.47,32.7,,,,,
Fish Tank 3,Fish Tanks,177,177,2025-07-24,morning,6.73,29.2,,,,,
Fish Tank 3,Fish Tanks,177,177,2025-07-25,afternoon,8.33,32.9,,,,,
Fish Tank 3,Fish Tanks,177,177,2025-07-28,afternoon,5.07,33.8,,,,,
Fish Tank 3,Fish Tanks,177,177,2025-07-28,morning,6.01,31.4,,,,,
Fish Tank 3,Fish Tanks,177,177,2025-07-29,afternoon,4.48,32.0,,,,,
Fish Tank 3,Fish Tanks,177,177,2025-07-29,morning,5.68,30.0,,,,,
Fish Tank 3,Fish Tanks,177,177,2025-07-30,afternoon,6.33,30.6,,,,,
Fish Tank 3,Fish Tanks,178,178,2025-07-01,afternoon,5.31,32.1,,,,,
Fish Tank 3,Fish Tanks,178,178,2025-07-01,morning,6.54,29.4,,,,,
Fish Tank 3,Fish Tanks,178,178,2025-07-02,afternoon,4.75,30.6,,,,,
Fish Tank 3,Fish Tanks,178,178,2025-07-02,morning,6.1,29.0,,,,,
Fish Tank 3,Fish Tanks,178,178,2025-07-03,morning,5.94,27.7,,,,,
Fish Tank 3,Fish Tanks,178,178,2025-07-04,afternoon,6.16,31.5,,,,,
Fish Tank 3,Fish Tanks,178,178,2025-07-04,morning,6.24,28.5,,,,,
Fish Tank 3,Fish Tanks,178,178,2025-07-08,afternoon,5.56,30.9,,,,,
Fish Tank 3,Fish Tanks,178,178,2025-07-10,afternoon,6.36,30.0,,,,,
Fish Tank 3,Fish Tanks,178,178,2025-07-10,morning,6.12,29.1,,,,,
Fish Tank 3,Fish Tanks,178,178,2025-07-11,afternoon,6.8,31.5,,,,,
Fish Tank 3,Fish Tanks,178,178,2025-07-11,morning,6.37,28.1,,,,,
Fish Tank 3,Fish Tanks,178,178,2025-07-15,afternoon,5.66,32.7,,,,,
Fish Tank 3,Fish Tanks,178,178,2025-07-15,morning,5.13,29.1,,,,,
Fish Tank 3,Fish Tanks,178,178,2025-07-16,afternoon,4.24,32.2,,,,,
Fish Tank 3,Fish Tanks,178,178,2025-07-17,afternoon,5.15,32.8,,,,,
Fish Tank 3,Fish Tanks,178,178,2025-07-17,morning,5.61,29.7,,,,,
Fish Tank 3,Fish Tanks,178,178,2025-07-18,afternoon,6.0,32.8,,,,,
Fish Tank 3,Fish Tanks,178,178,2025-07-18,morning,5.58,29.7,,,,,
Fish Tank 3,Fish Tanks,178,178,2025-07-21,afternoon,6.25,32.6,,,,,
Fish Tank 3,Fish Tanks,178,178,2025-07-21,morning,6.45,29.0,,,,,
Fish Tank 3,Fish Tanks,178,178,2025-07-22,afternoon,5.27,33.2,,,,,
Fish Tank 3,Fish Tanks,178,178,2025-07-23,afternoon,5.88,31.7,,,,,
Fish Tank 3,Fish Tanks,178,178,2025-07-23,morning,5.43,29.5,,,,,
Fish Tank 3,Fish Tanks,178,178,2025-07-24,afternoon,6.21,32.6,,,,,
Fish Tank 3,Fish Tanks,178,178,2025-07-24,morning,6.4,29.1,,,,,
Fish Tank 3,Fish Tanks,178,178,2025-07-25,afternoon,8.71,32.7,,,,,
Fish Tank 3,Fish Tanks,178,178,2025-07-28,afternoon,4.9,33.8,,,,,
Fish Tank 3,Fish Tanks,178,178,2025-07-28,morning,6.07,31.3,,,,,
Fish Tank 3,Fish Tanks,178,178,2025-07-29,afternoon,4.06,32.8,,,,,
Fish Tank 3,Fish Tanks,178,178,2025-07-29,morning,5.21,30.0,,,,,
Fish Tank 3,Fish Tanks,178,178,2025-07-30,afternoon,5.26,30.8,,,,,
Fish Tank 3,Fish Tanks,179,179,2025-07-01,afternoon,5.2,32.0,,,,,
Fish Tank 3,Fish Tanks,179,179,2025-07-01,morning,6.53,29.5,,,,,
Fish Tank 3,Fish Tanks,179,179,2025-07-02,afternoon,4.88,30.6,,,,,
Fish Tank 3,Fish Tanks,179,179,2025-07-02,morning,5.77,29.2,,,,,
Fish Tank 3,Fish Tanks,179,179,2025-07-03,morning,5.59,27.8,,,,,
Fish Tank 3,Fish Tanks,179,179,2025-07-04,afternoon,6.54,31.4,,,,,
Fish Tank 3,Fish Tanks,179,179,2025-07-04,morning,5.94,25.5,,,,,
Fish Tank 3,Fish Tanks,179,179,2025-07-08,afternoon,5.6,30.9,,,,,
Fish Tank 3,Fish Tanks,179,179,2025-07-10,afternoon,6.92,30.0,,,,,
Fish Tank 3,Fish Tanks,179,179,2025-07-10,morning,6.51,29.1,,,,,
Fish Tank 3,Fish Tanks,179,179,2025-07-11,afternoon,6.99,31.7,,,,,
Fish Tank 3,Fish Tanks,179,179,2025-07-11,morning,6.52,28.1,,,,,
Fish Tank 3,Fish Tanks,179,179,2025-07-15,afternoon,5.56,32.6,,,,,
Fish Tank 3,Fish Tanks,179,179,2025-07-15,morning,5.23,29.2,,,,,
Fish Tank 3,Fish Tanks,179,179,2025-07-16,afternoon,4.48,32.2,,,,,
Fish Tank 3,Fish Tanks,179,179,2025-07-17,afternoon,5.04,32.7,,,,,
Fish Tank 3,Fish Tanks,179,179,2025-07-17,morning,5.47,29.8,,,,,
Fish Tank 3,Fish Tanks,179,179,2025-07-18,afternoon,6.07,32.8,,,,,
Fish Tank 3,Fish Tanks,179,179,2025-07-18,morning,4.99,29.9,,,,,
Fish Tank 3,Fish Tanks,179,179,2025-07-21,afternoon,6.74,32.5,,,,,
Fish Tank 3,Fish Tanks,179,179,2025-07-21,morning,6.27,29.0,,,,,
Fish Tank 3,Fish Tanks,179,179,2025-07-22,afternoon,4.77,33.2,,,,,
Fish Tank 3,Fish Tanks,179,179,2025-07-23,afternoon,6.84,31.7,,,,,
Fish Tank 3,Fish Tanks,179,179,2025-07-23,morning,5.43,29.5,,,,,
Fish Tank 3,Fish Tanks,179,179,2025-07-24,afternoon,6.24,32.6,,,,,
Fish Tank 3,Fish Tanks,179,179,2025-07-24,morning,6.0,29.3,,,,,
Fish Tank 3,Fish Tanks,179,179,2025-07-25,afternoon,8.74,32.7,,,,,
Fish Tank 3,Fish Tanks,179,179,2025-07-28,afternoon,4.67,33.8,,,,,
Fish Tank 3,Fish Tanks,179,179,2025-07-28,morning,5.9,31.3,,,,,
Fish Tank 3,Fish Tanks,179,179,2025-07-29,afternoon,3.9,32.9,,,,,
Fish Tank 3,Fish Tanks,179,179,2025-07-29,morning,5.29,30.1,,,,,
Fish Tank 3,Fish Tanks,179,179,2025-07-30,afternoon,5.42,30.4,,,,,
Fish Tank 3,Fish Tanks,180,180,2025-07-01,afternoon,5.85,32.8,,,,,
Fish Tank 3,Fish Tanks,180,180,2025-07-01,morning,6.1,29.2,,,,,
Fish Tank 3,Fish Tanks,180,180,2025-07-02,afternoon,4.77,30.6,,,,,
Fish Tank 3,Fish Tanks,180,180,2025-07-02,morning,6.28,29.3,,,,,
Fish Tank 3,Fish Tanks,180,180,2025-07-03,morning,5.82,27.8,,,,,
Fish Tank 3,Fish Tanks,180,180,2025-07-04,afternoon,6.01,31.4,,,,,
Fish Tank 3,Fish Tanks,180,180,2025-07-04,morning,5.54,28.5,,,,,
Fish Tank 3,Fish Tanks,180,180,2025-07-08,afternoon,5.59,31.0,,,,,
Fish Tank 3,Fish Tanks,180,180,2025-07-10,afternoon,6.95,30.0,,,,,
Fish Tank 3,Fish Tanks,180,180,2025-07-10,morning,6.46,29.1,,,,,
Fish Tank 3,Fish Tanks,180,180,2025-07-11,afternoon,6.72,31.6,,,,,
Fish Tank 3,Fish Tanks,180,180,2025-07-11,morning,6.06,28.1,,,,,
Fish Tank 3,Fish Tanks,180,180,2025-07-15,afternoon,5.39,32.6,,,,,
Fish Tank 3,Fish Tanks,180,180,2025-07-15,morning,4.97,29.1,,,,,
Fish Tank 3,Fish Tanks,180,180,2025-07-16,afternoon,4.54,32.3,,,,,
Fish Tank 3,Fish Tanks,180,180,2025-07-17,afternoon,4.59,32.9,,,,,
Fish Tank 3,Fish Tanks,180,180,2025-07-17,morning,5.41,29.8,,,,,
Fish Tank 3,Fish Tanks,180,180,2025-07-18,afternoon,6.13,33.0,,,,,
Fish Tank 3,Fish Tanks,180,180,2025-07-18,morning,5.33,29.8,,,,,
Fish Tank 3,Fish Tanks,180,180,2025-07-21,afternoon,6.17,32.7,,,,,
Fish Tank 3,Fish Tanks,180,180,2025-07-21,morning,6.04,29.0,,,,,
Fish Tank 3,Fish Tanks,180,180,2025-07-22,afternoon,4.95,33.2,,,,,
Fish Tank 3,Fish Tanks,180,180,2025-07-23,afternoon,5.64,32.4,,,,,
Fish Tank 3,Fish Tanks,180,180,2025-07-23,morning,5.79,29.4,,,,,
Fish Tank 3,Fish Tanks,180,180,2025-07-24,afternoon,5.77,32.8,,,,,
Fish Tank 3,Fish Tanks,180,180,2025-07-24,morning,6.33,29.3,,,,,
Fish Tank 3,Fish Tanks,180,180,2025-07-25,afternoon,9.11,32.8,,,,,
Fish Tank 3,Fish Tanks,180,180,2025-07-28,afternoon,4.67,33.8,,,,,
Fish Tank 3,Fish Tanks,180,180,2025-07-28,morning,6.44,31.3,,,,,
Fish Tank 3,Fish Tanks,180,180,2025-07-29,afternoon,4.15,32.9,,,,,
Fish Tank 3,Fish Tanks,180,180,2025-07-29,morning,5.73,30.0,,,,,
Fish Tank 3,Fish Tanks,180,180,2025-07-30,afternoon,6.09,30.6,,,,,
Fish Tank 3,Fish Tanks,181,181,2025-07-01,afternoon,6.08,33.0,,,,,
Fish Tank 3,Fish Tanks,181,181,2025-07-01,morning,6.61,29.2,,,,,
Fish Tank 3,Fish Tanks,181,181,2025-07-02,afternoon,5.11,30.7,,,,,
Fish Tank 3,Fish Tanks,181,181,2025-07-02,morning,6.11,29.3,,,,,
Fish Tank 3,Fish Tanks,181,181,2025-07-03,morning,5.84,27.8,,,,,
Fish Tank 3,Fish Tanks,181,181,2025-07-04,afternoon,6.25,31.6,,,,,
Fish Tank 3,Fish Tanks,181,181,2025-07-04,morning,5.96,28.5,,,,,
Fish Tank 3,Fish Tanks,181,181,2025-07-08,afternoon,5.65,30.9,,,,,
Fish Tank 3,Fish Tanks,181,181,2025-07-10,afternoon,6.1,30.1,,,,,
Fish Tank 3,Fish Tanks,181,181,2025-07-10,morning,6.011,29.1,,,,,
Fish Tank 3,Fish Tanks,181,181,2025-07-11,afternoon,6.26,31.8,,,,,
Fish Tank 3,Fish Tanks,181,181,2025-07-11,morning,6.47,28.1,,,,,
Fish Tank 3,Fish Tanks,181,181,2025-07-15,afternoon,5.46,32.8,,,,,
Fish Tank 3,Fish Tanks,181,181,2025-07-15,morning,5.35,29.1,,,,,
Fish Tank 3,Fish Tanks,181,181,2025-07-16,afternoon,4.58,32.4,,,,,
Fish Tank 3,Fish Tanks,181,181,2025-07-17,afternoon,4.5,33.0,,,,,
Fish Tank 3,Fish Tanks,181,181,2025-07-17,morning,5.31,29.8,,,,,
Fish Tank 3,Fish Tanks,181,181,2025-07-18,afternoon,6.17,33.1,,,,,
Fish Tank 3,Fish Tanks,181,181,2025-07-18,morning,5.32,29.8,,,,,
Fish Tank 3,Fish Tanks,181,181,2025-07-21,afternoon,6.52,32.8,,,,,
Fish Tank 3,Fish Tanks,181,181,2025-07-21,morning,6.27,29.0,,,,,
Fish Tank 3,Fish Tanks,181,181,2025-07-22,afternoon,5.14,33.3,,,,,
Fish Tank 3,Fish Tanks,181,181,2025-07-23,afternoon,5.68,32.6,,,,,
Fish Tank 3,Fish Tanks,181,181,2025-07-23,morning,6.13,29.2,,,,,
Fish Tank 3,Fish Tanks,181,181,2025-07-24,afternoon,6.7,32.9,,,,,
Fish Tank 3,Fish Tanks,181,181,2025-07-24,morning,6.46,29.3,,,,,
Fish Tank 3,Fish Tanks,181,181,2025-07-25,afternoon,8.95,32.9,,,,,
Fish Tank 3,Fish Tanks,181,181,2025-07-28,afternoon,5.19,33.8,,,,,
Fish Tank 3,Fish Tanks,181,181,2025-07-28,morning,6.3,31.3,,,,,
Fish Tank 3,Fish Tanks,181,181,2025-07-29,afternoon,4.45,32.8,,,,,
Fish Tank 3,Fish Tanks,181,181,2025-07-29,morning,5.62,30.0,,,,,
Fish Tank 3,Fish Tanks,181,181,2025-07-30,afternoon,6.14,30.6,,,,,
Fish Tank 3,Fish Tanks,182,182,2025-07-23,afternoon,5.57,31.6,,,,,
Fish Tank 3,Fish Tanks,182,182,2025-07-24,afternoon,6.31,32.9,,,,,
Fish Tank 3,Fish Tanks,182,182,2025-07-24,morning,7.89,29.5,,,,,
Fish Tank 3,Fish Tanks,182,182,2025-07-25,afternoon,6.77,32.8,,,,,
Fish Tank 3,Fish Tanks,182,182,2025-07-28,afternoon,5.45,33.5,,,,,
Fish Tank 3,Fish Tanks,182,182,2025-07-28,morning,5.85,31.3,,,,,
Fish Tank 3,Fish Tanks,182,182,2025-07-29,afternoon,4.53,32.8,,,,,
Fish Tank 3,Fish Tanks,182,182,2025-07-29,morning,5.64,29.9,,,,,
Fish Tank 3,Fish Tanks,182,182,2025-07-30,afternoon,6.83,30.5,,,,,
Fish Tank 3,Fish Tanks,183,183,2025-07-24,afternoon,6.0,32.8,,,,,
Fish Tank 3,Fish Tanks,183,183,2025-07-28,afternoon,6.69,33.1,,,,,
Fish Tank 3,Fish Tanks,184,184,2025-07-01,afternoon,6.15,32.9,,,,,
Fish Tank 3,Fish Tanks,184,184,2025-07-01,morning,6.32,29.2,,,,,
Fish Tank 3,Fish Tanks,184,184,2025-07-02,afternoon,5.01,30.7,,,,,
Fish Tank 3,Fish Tanks,184,184,2025-07-02,morning,6.36,29.3,,,,,
Fish Tank 3,Fish Tanks,184,184,2025-07-03,morning,5.9,27.9,,,,,
Fish Tank 3,Fish Tanks,184,184,2025-07-04,afternoon,5.31,31.6,,,,,
Fish Tank 3,Fish Tanks,184,184,2025-07-04,morning,5.9,28.6,,,,,
Fish Tank 3,Fish Tanks,184,184,2025-07-08,afternoon,5.54,30.8,,,,,
Fish Tank 3,Fish Tanks,184,184,2025-07-10,afternoon,6.48,30.1,,,,,
Fish Tank 3,Fish Tanks,184,184,2025-07-10,morning,6.28,29.1,,,,,
Fish Tank 3,Fish Tanks,184,184,2025-07-11,afternoon,6.33,31.8,,,,,
Fish Tank 3,Fish Tanks,184,184,2025-07-11,morning,6.16,28.1,,,,,
Fish Tank 3,Fish Tanks,184,184,2025-07-15,afternoon,5.26,32.9,,,,,
Fish Tank 3,Fish Tanks,184,184,2025-07-15,morning,5.58,29.0,,,,,
Fish Tank 3,Fish Tanks,184,184,2025-07-16,afternoon,4.45,32.4,,,,,
Fish Tank 3,Fish Tanks,184,184,2025-07-17,afternoon,4.75,33.1,,,,,
Fish Tank 3,Fish Tanks,184,184,2025-07-17,morning,5.51,29.8,,,,,
Fish Tank 3,Fish Tanks,184,184,2025-07-18,afternoon,6.22,33.1,,,,,
Fish Tank 3,Fish Tanks,184,184,2025-07-18,morning,5.5,29.8,,,,,
Fish Tank 3,Fish Tanks,184,184,2025-07-21,afternoon,6.27,32.8,,,,,
Fish Tank 3,Fish Tanks,184,184,2025-07-21,morning,6.38,28.9,,,,,
Fish Tank 3,Fish Tanks,184,184,2025-07-22,afternoon,5.29,33.3,,,,,
Fish Tank 3,Fish Tanks,184,184,2025-07-23,afternoon,6.73,31.7,,,,,
Fish Tank 3,Fish Tanks,184,184,2025-07-23,morning,6.33,29.2,,,,,
Fish Tank 3,Fish Tanks,184,184,2025-07-24,afternoon,7.32,32.9,,,,,
Fish Tank 3,Fish Tanks,184,184,2025-07-24,morning,6.84,59.3,,,,,
Fish Tank 3,Fish Tanks,184,184,2025-07-25,afternoon,9.38,33.0,,,,,
Fish Tank 3,Fish Tanks,184,184,2025-07-28,afternoon,4.97,33.8,,,,,
Fish Tank 3,Fish Tanks,184,184,2025-07-28,morning,5.94,29.2,,,,,
Fish Tank 3,Fish Tanks,184,184,2025-07-29,afternoon,4.26,33.0,,,,,
Fish Tank 3,Fish Tanks,184,184,2025-07-29,morning,5.56,30.0,,,,,
Fish Tank 3,Fish Tanks,184,184,2025-07-30,afternoon,5.55,31.0,,,,,
Fish Tank 3,Fish Tanks,186,186,2025-07-01,afternoon,6.25,32.9,,,,,
Fish Tank 3,Fish Tanks,186,186,2025-07-01,morning,6.62,29.2,,,,,
Fish Tank 3,Fish Tanks,186,186,2025-07-02,afternoon,5.11,30.7,,,,,
Fish Tank 3,Fish Tanks,186,186,2025-07-02,morning,6.35,29.2,,,,,
Fish Tank 3,Fish Tanks,186,186,2025-07-03,morning,6.03,27.9,,,,,
Fish Tank 3,Fish Tanks,186,186,2025-07-04,afternoon,6.08,31.6,,,,,
Fish Tank 3,Fish Tanks,186,186,2025-07-04,morning,5.95,28.6,,,,,
Fish Tank 3,Fish Tanks,186,186,2025-07-08,afternoon,5.91,30.9,,,,,
Fish Tank 3,Fish Tanks,186,186,2025-07-10,afternoon,6.38,30.2,,,,,
Fish Tank 3,Fish Tanks,186,186,2025-07-10,morning,6.01,29.1,,,,,
Fish Tank 3,Fish Tanks,186,186,2025-07-11,afternoon,6.98,31.9,,,,,
Fish Tank 3,Fish Tanks,186,186,2025-07-11,morning,6.33,28.1,,,,,
Fish Tank 3,Fish Tanks,186,186,2025-07-15,afternoon,5.55,32.9,,,,,
Fish Tank 3,Fish Tanks,186,186,2025-07-15,morning,5.64,28.9,,,,,
Fish Tank 3,Fish Tanks,186,186,2025-07-16,afternoon,5.08,32.4,,,,,
Fish Tank 3,Fish Tanks,186,186,2025-07-17,afternoon,4.69,33.0,,,,,
Fish Tank 3,Fish Tanks,186,186,2025-07-17,morning,5.5,29.8,,,,,
Fish Tank 3,Fish Tanks,186,186,2025-07-18,afternoon,5.59,33.2,,,,,
Fish Tank 3,Fish Tanks,186,186,2025-07-18,morning,5.36,29.8,,,,,
Fish Tank 3,Fish Tanks,186,186,2025-07-21,afternoon,6.0,32.9,,,,,
Fish Tank 3,Fish Tanks,186,186,2025-07-21,morning,6.04,28.9,,,,,
Fish Tank 3,Fish Tanks,186,186,2025-07-22,afternoon,5.45,33.4,,,,,
Fish Tank 3,Fish Tanks,186,186,2025-07-23,afternoon,5.52,32.2,,,,,
Fish Tank 3,Fish Tanks,186,186,2025-07-23,morning,6.19,29.1,,,,,
Fish Tank 3,Fish Tanks,186,186,2025-07-24,afternoon,6.83,33.0,,,,,
Fish Tank 3,Fish Tanks,186,186,2025-07-24,morning,6.79,29.3,,,,,
Fish Tank 3,Fish Tanks,186,186,2025-07-25,afternoon,8.81,33.1,,,,,
Fish Tank 3,Fish Tanks,186,186,2025-07-28,afternoon,5.47,33.9,,,,,
Fish Tank 3,Fish Tanks,186,186,2025-07-28,morning,6.15,29.2,,,,,
Fish Tank 3,Fish Tanks,186,186,2025-07-29,afternoon,4.55,33.1,,,,,
Fish Tank 3,Fish Tanks,186,186,2025-07-29,morning,5.71,30.0,,,,,
Fish Tank 3,Fish Tanks,186,186,2025-07-30,afternoon,6.98,30.4,,,,,
Fish Tank 3,Fish Tanks,188,188,2025-07-01,afternoon,6.09,32.0,,,,,
Fish Tank 3,Fish Tanks,188,188,2025-07-01,morning,6.89,29.2,,,,,
Fish Tank 3,Fish Tanks,188,188,2025-07-02,afternoon,5.33,30.4,,,,,
Fish Tank 3,Fish Tanks,188,188,2025-07-02,morning,6.6,29.3,,,,,
Fish Tank 3,Fish Tanks,188,188,2025-07-03,morning,6.08,27.7,,,,,
Fish Tank 3,Fish Tanks,188,188,2025-07-04,afternoon,7.02,31.2,,,,,
Fish Tank 3,Fish Tanks,188,188,2025-07-04,morning,6.32,28.5,,,,,
Fish Tank 3,Fish Tanks,188,188,2025-07-07,morning,,,7.12,3.2,0.9,0.64,
Fish Tank 3,Fish Tanks,188,188,2025-07-08,afternoon,5.81,30.5,,,,,
Fish Tank 3,Fish Tanks,188,188,2025-07-10,afternoon,6.22,30.1,,,,,
Fish Tank 3,Fish Tanks,188,188,2025-07-10,morning,6.42,29.1,,,,,
Fish Tank 3,Fish Tanks,188,188,2025-07-11,afternoon,6.17,31.8,,,,,
Fish Tank 3,Fish Tanks,188,188,2025-07-11,morning,6.35,28.1,7.05,3.09,1.3,1.05,
Fish Tank 3,Fish Tanks,188,188,2025-07-15,afternoon,5.8,32.7,,,,,
Fish Tank 3,Fish Tanks,188,188,2025-07-15,morning,5.64,28.8,,,,,
Fish Tank 3,Fish Tanks,188,188,2025-07-16,afternoon,4.85,32.2,,,,,
Fish Tank 3,Fish Tanks,188,188,2025-07-17,afternoon,4.93,32.7,,,,,
Fish Tank 3,Fish Tanks,188,188,2025-07-17,morning,5.37,29.7,,,,,
Fish Tank 3,Fish Tanks,188,188,2025-07-18,afternoon,6.21,33.1,,,,,
Fish Tank 3,Fish Tanks,188,188,2025-07-18,morning,5.54,29.7,,,,,
Fish Tank 3,Fish Tanks,188,188,2025-07-21,afternoon,6.14,32.9,,,,,
Fish Tank 3,Fish Tanks,188,188,2025-07-21,morning,6.23,28.8,,,,,
Fish Tank 3,Fish Tanks,188,188,2025-07-22,afternoon,4.75,33.3,,,,,
Fish Tank 3,Fish Tanks,188,188,2025-07-23,afternoon,6.3,32.0,,,,,
Fish Tank 3,Fish Tanks,188,188,2025-07-23,morning,6.04,29.3,,,,,
Fish Tank 3,Fish Tanks,188,188,2025-07-24,afternoon,7.21,32.7,,,,,
Fish Tank 3,Fish Tanks,188,188,2025-07-24,morning,7.0,29.2,,,,,
Fish Tank 3,Fish Tanks,188,188,2025-07-25,afternoon,8.13,32.9,,,,,
Fish Tank 3,Fish Tanks,188,188,2025-07-28,afternoon,5.4,33.5,,,,,
Fish Tank 3,Fish Tanks,188,188,2025-07-28,morning,5.69,29.1,,,,,
Fish Tank 3,Fish Tanks,188,188,2025-07-29,afternoon,4.48,32.7,,,,,
Fish Tank 3,Fish Tanks,188,188,2025-07-29,morning,5.82,29.9,,,,,
Fish Tank 3,Fish Tanks,188,188,2025-07-30,afternoon,5.15,30.8,,,,,
Fish Tank 3,Fish Tanks,189,189,2025-07-01,afternoon,6.08,32.7,,,,,
Fish Tank 3,Fish Tanks,189,189,2025-07-01,morning,6.59,29.2,,,,,
Fish Tank 3,Fish Tanks,189,189,2025-07-02,afternoon,5.0,30.6,,,,,
Fish Tank 3,Fish Tanks,189,189,2025-07-02,morning,6.21,29.3,,,,,
Fish Tank 3,Fish Tanks,189,189,2025-07-03,morning,5.91,27.9,,,,,
Fish Tank 3,Fish Tanks,189,189,2025-07-04,afternoon,6.3,31.4,,,,,
Fish Tank 3,Fish Tanks,189,189,2025-07-04,morning,5.66,28.6,,,,,
Fish Tank 3,Fish Tanks,189,189,2025-07-08,afternoon,5.49,30.5,,,,,
Fish Tank 3,Fish Tanks,189,189,2025-07-10,afternoon,6.49,30.2,,,,,
Fish Tank 3,Fish Tanks,189,189,2025-07-10,morning,6.11,29.2,,,,,
Fish Tank 3,Fish Tanks,189,189,2025-07-11,afternoon,6.86,31.8,,,,,
Fish Tank 3,Fish Tanks,189,189,2025-07-11,morning,6.3,28.2,,,,,
Fish Tank 3,Fish Tanks,189,189,2025-07-15,afternoon,5.43,32.7,,,,,
Fish Tank 3,Fish Tanks,189,189,2025-07-15,morning,5.04,28.9,,,,,
Fish Tank 3,Fish Tanks,189,189,2025-07-16,afternoon,4.52,32.3,,,,,
Fish Tank 3,Fish Tanks,189,189,2025-07-17,afternoon,4.33,32.9,,,,,
Fish Tank 3,Fish Tanks,189,189,2025-07-17,morning,5.24,29.8,,,,,
Fish Tank 3,Fish Tanks,189,189,2025-07-18,afternoon,5.45,33.1,,,,,
Fish Tank 3,Fish Tanks,189,189,2025-07-18,morning,4.81,29.9,,,,,
Fish Tank 3,Fish Tanks,189,189,2025-07-21,afternoon,6.69,32.9,,,,,
Fish Tank 3,Fish Tanks,189,189,2025-07-21,morning,6.46,28.9,,,,,
Fish Tank 3,Fish Tanks,189,189,2025-07-22,afternoon,4.88,33.2,,,,,
Fish Tank 3,Fish Tanks,189,189,2025-07-23,afternoon,6.28,31.8,,,,,
Fish Tank 3,Fish Tanks,189,189,2025-07-23,morning,6.32,29.2,,,,,
Fish Tank 3,Fish Tanks,189,189,2025-07-24,afternoon,7.16,32.8,,,,,
Fish Tank 3,Fish Tanks,189,189,2025-07-24,morning,6.19,29.4,,,,,
Fish Tank 3,Fish Tanks,189,189,2025-07-25,afternoon,9.41,33.0,,,,,
Fish Tank 3,Fish Tanks,189,189,2025-07-28,afternoon,4.8,33.6,,,,,
Fish Tank 3,Fish Tanks,189,189,2025-07-28,morning,5.9,29.2,,,,,
Fish Tank 3,Fish Tanks,189,189,2025-07-29,afternoon,3.85,32.8,,,,,
Fish Tank 3,Fish Tanks,189,189,2025-07-29,morning,5.63,30.0,,,,,
Fish Tank 3,Fish Tanks,189,189,2025-07-30,afternoon,5.21,30.8,,,,,
Fish Tank 3,Fish Tanks,190,190,2025-07-01,afternoon,6.15,32.7,,,,,
Fish Tank 3,Fish Tanks,190,190,2025-07-01,morning,6.61,29.3,,,,,
Fish Tank 3,Fish Tanks,190,190,2025-07-02,afternoon,5.12,30.6,,,,,
Fish Tank 3,Fish Tanks,190,190,2025-07-02,morning,6.22,29.2,,,,,
Fish Tank 3,Fish Tanks,190,190,2025-07-03,morning,6.15,27.8,,,,,
Fish Tank 3,Fish Tanks,190,190,2025-07-04,afternoon,6.61,31.2,,,,,
Fish Tank 3,Fish Tanks,190,190,2025-07-04,morning,5.44,28.6,,,,,
Fish Tank 3,Fish Tanks,190,190,2025-07-08,afternoon,5.87,30.5,,,,,
Fish Tank 3,Fish Tanks,190,190,2025-07-10,afternoon,6.54,30.3,,,,,
Fish Tank 3,Fish Tanks,190,190,2025-07-10,morning,5.96,29.3,,,,,
Fish Tank 3,Fish Tanks,190,190,2025-07-11,afternoon,6.49,,,,,,
Fish Tank 3,Fish Tanks,190,190,2025-07-11,morning,6.25,28.2,,,,,
Fish Tank 3,Fish Tanks,190,190,2025-07-15,afternoon,5.61,32.6,,,,,
Fish Tank 3,Fish Tanks,190,190,2025-07-15,morning,5.52,28.8,,,,,
Fish Tank 3,Fish Tanks,190,190,2025-07-16,afternoon,4.78,32.1,,,,,
Fish Tank 3,Fish Tanks,190,190,2025-07-17,afternoon,4.7,32.6,,,,,
Fish Tank 3,Fish Tanks,190,190,2025-07-17,morning,5.48,29.7,,,,,
Fish Tank 3,Fish Tanks,190,190,2025-07-18,afternoon,5.92,33.0,,,,,
Fish Tank 3,Fish Tanks,190,190,2025-07-18,morning,5.36,29.8,,,,,
Fish Tank 3,Fish Tanks,190,190,2025-07-21,afternoon,5.72,32.7,,,,,
Fish Tank 3,Fish Tanks,190,190,2025-07-21,morning,6.39,28.8,,,,,
Fish Tank 3,Fish Tanks,190,190,2025-07-22,afternoon,5.32,33.2,,,,,
Fish Tank 3,Fish Tanks,190,190,2025-07-23,afternoon,5.48,32.1,,,,,
Fish Tank 3,Fish Tanks,190,190,2025-07-23,morning,5.59,29.4,,,,,
Fish Tank 3,Fish Tanks,190,190,2025-07-24,afternoon,6.41,32.6,,,,,
Fish Tank 3,Fish Tanks,190,190,2025-07-24,morning,6.47,29.3,,,,,
Fish Tank 3,Fish Tanks,190,190,2025-07-25,afternoon,7.66,32.8,,,,,
Fish Tank 3,Fish Tanks,190,190,2025-07-28,afternoon,5.09,33.4,,,,,
Fish Tank 3,Fish Tanks,190,190,2025-07-28,morning,5.65,29.1,7.04,8.1,,,
Fish Tank 3,Fish Tanks,190,190,2025-07-29,afternoon,4.47,32.6,,,,,
Fish Tank 3,Fish Tanks,190,190,2025-07-29,morning,5.61,30.0,,,,,
Fish Tank 3,Fish Tanks,190,190,2025-07-30,afternoon,5.58,30.8,,,,,
Fish Tank 3,Fish Tanks,191,191,2025-07-01,afternoon,6.23,32.7,,,,,
Fish Tank 3,Fish Tanks,191,191,2025-07-01,morning,6.16,29.2,,,,,
Fish Tank 3,Fish Tanks,191,191,2025-07-02,afternoon,5.3,30.6,,,,,
Fish Tank 3,Fish Tanks,191,191,2025-07-02,morning,6.38,29.0,,,,,
Fish Tank 3,Fish Tanks,191,191,2025-07-03,morning,6.19,27.8,,,,,
Fish Tank 3,Fish Tanks,191,191,2025-07-04,afternoon,6.01,31.2,,,,,
Fish Tank 3,Fish Tanks,191,191,2025-07-04,morning,6.06,28.6,,,,,
Fish Tank 3,Fish Tanks,191,191,2025-07-08,afternoon,5.81,30.5,,,,,
Fish Tank 3,Fish Tanks,191,191,2025-07-10,afternoon,6.36,30.3,,,,,
Fish Tank 3,Fish Tanks,191,191,2025-07-10,morning,6.25,29.2,,,,,
Fish Tank 3,Fish Tanks,191,191,2025-07-11,afternoon,6.45,31.7,,,,,
Fish Tank 3,Fish Tanks,191,191,2025-07-11,morning,6.2,28.2,,,,,
Fish Tank 3,Fish Tanks,191,191,2025-07-15,afternoon,5.32,32.6,,,,,
Fish Tank 3,Fish Tanks,191,191,2025-07-15,morning,5.62,28.9,,,,,
Fish Tank 3,Fish Tanks,191,191,2025-07-16,afternoon,4.61,32.1,,,,,
Fish Tank 3,Fish Tanks,191,191,2025-07-17,afternoon,5.0,32.6,,,,,
Fish Tank 3,Fish Tanks,191,191,2025-07-17,morning,5.34,29.8,,,,,
Fish Tank 3,Fish Tanks,191,191,2025-07-18,afternoon,6.04,33.0,,,,,
Fish Tank 3,Fish Tanks,191,191,2025-07-18,morning,5.02,29.8,,,,,
Fish Tank 3,Fish Tanks,191,191,2025-07-21,afternoon,6.26,32.6,,,,,
Fish Tank 3,Fish Tanks,191,191,2025-07-21,morning,6.07,28.9,,,,,
Fish Tank 3,Fish Tanks,191,191,2025-07-22,afternoon,5.1,33.2,,,,,
Fish Tank 3,Fish Tanks,191,191,2025-07-23,afternoon,5.4,32.2,,,,,
Fish Tank 3,Fish Tanks,191,191,2025-07-23,morning,5.78,29.4,,,,,
Fish Tank 3,Fish Tanks,191,191,2025-07-24,afternoon,6.74,32.5,,,,,
Fish Tank 3,Fish Tanks,191,191,2025-07-24,morning,6.29,29.4,,,,,
Fish Tank 3,Fish Tanks,191,191,2025-07-25,afternoon,8.54,32.7,,,,,
Fish Tank 3,Fish Tanks,191,191,2025-07-28,afternoon,5.2,33.3,,,,,
Fish Tank 3,Fish Tanks,191,191,2025-07-28,morning,5.3,29.2,,,,,
Fish Tank 3,Fish Tanks,191,191,2025-07-29,afternoon,4.19,32.8,,,,,
Fish Tank 3,Fish Tanks,191,191,2025-07-29,morning,5.44,30.0,,,,,
Fish Tank 3,Fish Tanks,191,191,2025-07-30,afternoon,5.71,30.2,,,,,
Fish Tank 3,Fish Tanks,194,194,2025-07-01,afternoon,5.93,32.6,,,,,
Fish Tank 3,Fish Tanks,194,194,2025-07-01,morning,6.67,29.1,,,,,
Fish Tank 3,Fish Tanks,194,194,2025-07-02,afternoon,5.01,30.7,,,,,
Fish Tank 3,Fish Tanks,194,194,2025-07-02,morning,6.39,29.3,,,,,
Fish Tank 3,Fish Tanks,194,194,2025-07-03,morning,5.92,27.7,,,,,
Fish Tank 3,Fish Tanks,194,194,2025-07-04,afternoon,6.5,31.3,,,,,
Fish Tank 3,Fish Tanks,194,194,2025-07-04,morning,5.72,28.5,,,,,
Fish Tank 3,Fish Tanks,194,194,2025-07-07,morning,,,7.02,3.1,2.7,2.53,
Fish Tank 3,Fish Tanks,194,194,2025-07-08,afternoon,5.82,30.5,,,,,
Fish Tank 3,Fish Tanks,194,194,2025-07-10,afternoon,6.53,30.2,,,,,
Fish Tank 3,Fish Tanks,194,194,2025-07-10,morning,6.24,29.2,,,,,
Fish Tank 3,Fish Tanks,194,194,2025-07-11,afternoon,7.13,32.0,,,,,
Fish Tank 3,Fish Tanks,194,194,2025-07-11,morning,6.11,28.2,6.92,3.2,1.1,1.62,
Fish Tank 3,Fish Tanks,194,194,2025-07-15,afternoon,5.25,32.6,,,,,
Fish Tank 3,Fish Tanks,194,194,2025-07-15,morning,5.78,29.0,,,,,
Fish Tank 3,Fish Tanks,194,194,2025-07-16,afternoon,4.97,32.3,,,,,
Fish Tank 3,Fish Tanks,194,194,2025-07-17,afternoon,5.4,32.9,,,,,
Fish Tank 3,Fish Tanks,194,194,2025-07-17,morning,5.92,29.8,,,,,
Fish Tank 3,Fish Tanks,194,194,2025-07-18,afternoon,7.21,33.1,,,,,
Fish Tank 3,Fish Tanks,194,194,2025-07-18,morning,5.47,29.8,,,,,
Fish Tank 3,Fish Tanks,194,194,2025-07-21,afternoon,7.08,32.8,,,,,
Fish Tank 3,Fish Tanks,194,194,2025-07-21,morning,6.84,28.9,,,,,
Fish Tank 3,Fish Tanks,194,194,2025-07-22,afternoon,4.29,33.2,,,,,
Fish Tank 3,Fish Tanks,194,194,2025-07-23,afternoon,5.68,32.0,,,,,
Fish Tank 3,Fish Tanks,194,194,2025-07-23,morning,5.63,29.2,,,,,
Fish Tank 3,Fish Tanks,194,194,2025-07-24,afternoon,6.86,32.7,,,,,
Fish Tank 3,Fish Tanks,194,194,2025-07-24,morning,6.74,29.4,,,,,
Fish Tank 3,Fish Tanks,194,194,2025-07-25,afternoon,9.1,33.0,,,,,
Fish Tank 3,Fish Tanks,194,194,2025-07-28,afternoon,5.61,32.7,,,,,
Fish Tank 3,Fish Tanks,194,194,2025-07-28,morning,5.59,29.2,,,,,
Fish Tank 3,Fish Tanks,194,194,2025-07-29,afternoon,4.89,33.7,,,,,
Fish Tank 3,Fish Tanks,194,194,2025-07-29,morning,5.23,29.8,,,,,
Fish Tank 3,Fish Tanks,194,194,2025-07-30,afternoon,6.13,30.3,,,,,
Fish Tank 3,Fish Tanks,195,195,2025-07-01,afternoon,6.33,32.6,,,,,
Fish Tank 3,Fish Tanks,195,195,2025-07-01,morning,6.62,29.1,,,,,
Fish Tank 3,Fish Tanks,195,195,2025-07-02,afternoon,5.11,30.6,,,,,
Fish Tank 3,Fish Tanks,195,195,2025-07-02,morning,6.15,29.3,,,,,
Fish Tank 3,Fish Tanks,195,195,2025-07-03,morning,5.74,27.9,,,,,
Fish Tank 3,Fish Tanks,195,195,2025-07-04,afternoon,5.63,31.2,,,,,
Fish Tank 3,Fish Tanks,195,195,2025-07-04,morning,6.04,28.6,,,,,
Fish Tank 3,Fish Tanks,195,195,2025-07-08,afternoon,6.12,30.4,,,,,
Fish Tank 3,Fish Tanks,195,195,2025-07-10,afternoon,6.19,30.1,,,,,
Fish Tank 3,Fish Tanks,195,195,2025-07-10,morning,6.4,29.2,,,,,
Fish Tank 3,Fish Tanks,195,195,2025-07-11,afternoon,6.17,31.8,,,,,
Fish Tank 3,Fish Tanks,195,195,2025-07-11,morning,6.25,28.2,,,,,
Fish Tank 3,Fish Tanks,195,195,2025-07-15,afternoon,5.14,32.5,,,,,
Fish Tank 3,Fish Tanks,195,195,2025-07-15,morning,5.83,28.9,,,,,
Fish Tank 3,Fish Tanks,195,195,2025-07-16,afternoon,4.72,32.1,,,,,
Fish Tank 3,Fish Tanks,195,195,2025-07-17,afternoon,4.54,32.5,,,,,
Fish Tank 3,Fish Tanks,195,195,2025-07-17,morning,5.65,29.8,,,,,
Fish Tank 3,Fish Tanks,195,195,2025-07-18,afternoon,6.17,32.9,,,,,
Fish Tank 3,Fish Tanks,195,195,2025-07-18,morning,5.45,29.8,,,,,
Fish Tank 3,Fish Tanks,195,195,2025-07-21,afternoon,6.92,32.6,,,,,
Fish Tank 3,Fish Tanks,195,195,2025-07-21,morning,6.55,28.9,,,,,
Fish Tank 3,Fish Tanks,195,195,2025-07-22,afternoon,5.68,33.1,,,,,
Fish Tank 3,Fish Tanks,195,195,2025-07-23,afternoon,5.74,32.0,,,,,
Fish Tank 3,Fish Tanks,195,195,2025-07-23,morning,5.99,29.4,,,,,
Fish Tank 3,Fish Tanks,195,195,2025-07-24,afternoon,7.39,32.5,,,,,
Fish Tank 3,Fish Tanks,195,195,2025-07-24,morning,7.1,29.3,,,,,
Fish Tank 3,Fish Tanks,195,195,2025-07-25,afternoon,8.67,32.8,,,,,
Fish Tank 3,Fish Tanks,195,195,2025-07-28,afternoon,6.13,32.5,,,,,
Fish Tank 3,Fish Tanks,195,195,2025-07-28,morning,6.15,29.2,,,,,
Fish Tank 3,Fish Tanks,195,195,2025-07-29,afternoon,4.79,33.4,,,,,
Fish Tank 3,Fish Tanks,195,195,2025-07-29,morning,5.51,29.7,,,,,
Fish Tank 3,Fish Tanks,195,195,2025-07-30,afternoon,5.45,30.9,,,,,
Fish Tank 3,Fish Tanks,196,196,2025-07-01,afternoon,6.34,32.6,,,,,
Fish Tank 3,Fish Tanks,196,196,2025-07-01,morning,6.57,29.2,,,,,
Fish Tank 3,Fish Tanks,196,196,2025-07-02,afternoon,5.04,30.7,,,,,
Fish Tank 3,Fish Tanks,196,196,2025-07-02,morning,6.53,29.3,,,,,
Fish Tank 3,Fish Tanks,196,196,2025-07-03,morning,5.94,27.9,,,,,
Fish Tank 3,Fish Tanks,196,196,2025-07-04,afternoon,6.9,31.4,,,,,
Fish Tank 3,Fish Tanks,196,196,2025-07-04,morning,5.98,28.7,,,,,
Fish Tank 3,Fish Tanks,196,196,2025-07-08,afternoon,6.15,30.4,,,,,
Fish Tank 3,Fish Tanks,196,196,2025-07-10,afternoon,7.26,30.1,,,,,
Fish Tank 3,Fish Tanks,196,196,2025-07-10,morning,6.82,29.2,,,,,
Fish Tank 3,Fish Tanks,196,196,2025-07-11,afternoon,7.06,31.8,,,,,
Fish Tank 3,Fish Tanks,196,196,2025-07-11,morning,6.38,28.1,,,,,
Fish Tank 3,Fish Tanks,196,196,2025-07-15,afternoon,5.6,32.6,,,,,
Fish Tank 3,Fish Tanks,196,196,2025-07-15,morning,5.9,29.0,,,,,
Fish Tank 3,Fish Tanks,196,196,2025-07-16,afternoon,4.64,32.3,,,,,
Fish Tank 3,Fish Tanks,196,196,2025-07-17,afternoon,4.92,32.9,,,,,
Fish Tank 3,Fish Tanks,196,196,2025-07-17,morning,5.92,29.9,,,,,
Fish Tank 3,Fish Tanks,196,196,2025-07-18,afternoon,6.23,33.2,,,,,
Fish Tank 3,Fish Tanks,196,196,2025-07-18,morning,5.36,29.9,,,,,
Fish Tank 3,Fish Tanks,196,196,2025-07-21,afternoon,6.84,32.8,,,,,
Fish Tank 3,Fish Tanks,196,196,2025-07-21,morning,6.42,29.0,,,,,
Fish Tank 3,Fish Tanks,196,196,2025-07-22,afternoon,5.47,33.1,,,,,
Fish Tank 3,Fish Tanks,196,196,2025-07-23,afternoon,5.79,32.0,,,,,
Fish Tank 3,Fish Tanks,196,196,2025-07-23,morning,5.52,29.4,,,,,
Fish Tank 3,Fish Tanks,196,196,2025-07-24,afternoon,7.73,32.7,,,,,
Fish Tank 3,Fish Tanks,196,196,2025-07-24,morning,6.95,29.2,,,,,
Fish Tank 3,Fish Tanks,196,196,2025-07-25,afternoon,8.93,33.0,,,,,
Fish Tank 3,Fish Tanks,196,196,2025-07-28,afternoon,6.57,32.8,,,,,
Fish Tank 3,Fish Tanks,196,196,2025-07-28,morning,6.2,29.2,,,,,
Fish Tank 3,Fish Tanks,196,196,2025-07-29,afternoon,4.91,33.8,,,,,
Fish Tank 3,Fish Tanks,196,196,2025-07-29,morning,5.66,29.7,,,,,
Fish Tank 3,Fish Tanks,196,196,2025-07-30,afternoon,5.45,32.1,,,,,
Fish Tank 3,Fish Tanks,197,197,2025-07-28,afternoon,6.26,33.0,,,,,
Fish Tank 3,Fish Tanks,198,198,2025-07-01,afternoon,5.9,32.0,,,,,
Fish Tank 3,Fish Tanks,198,198,2025-07-01,morning,6.83,29.3,6.71,0.66,1.2,0.001,
Fish Tank 3,Fish Tanks,198,198,2025-07-02,afternoon,5.4,30.6,,,,,
Fish Tank 3,Fish Tanks,198,198,2025-07-02,morning,6.66,28.8,,,,,
Fish Tank 3,Fish Tanks,198,198,2025-07-03,morning,6.22,27.8,,,,,
Fish Tank 3,Fish Tanks,198,198,2025-07-04,afternoon,6.75,31.5,,,,,
Fish Tank 3,Fish Tanks,198,198,2025-07-04,morning,6.02,28.6,6.98,2.0,1.1,0.072,
Fish Tank 3,Fish Tanks,198,198,2025-07-08,afternoon,6.03,30.5,,,,,
Fish Tank 3,Fish Tanks,198,198,2025-07-10,afternoon,6.26,30.0,,,,,
Fish Tank 3,Fish Tanks,198,198,2025-07-10,morning,6.45,29.0,,,,,
Fish Tank 3,Fish Tanks,198,198,2025-07-11,afternoon,6.21,32.0,,,,,
Fish Tank 3,Fish Tanks,198,198,2025-07-11,morning,5.88,28.1,,,,,
Fish Tank 3,Fish Tanks,198,198,2025-07-15,afternoon,5.58,32.8,,,,,
Fish Tank 3,Fish Tanks,198,198,2025-07-15,morning,6.03,28.9,,,,,
Fish Tank 3,Fish Tanks,198,198,2025-07-16,afternoon,4.66,32.3,,,,,
Fish Tank 3,Fish Tanks,198,198,2025-07-17,afternoon,4.3,33.0,,,,,
Fish Tank 3,Fish Tanks,198,198,2025-07-17,morning,5.16,29.8,,,,,
Fish Tank 3,Fish Tanks,198,198,2025-07-18,afternoon,6.27,33.1,,,,,
Fish Tank 3,Fish Tanks,198,198,2025-07-18,morning,4.92,29.8,,,,,
Fish Tank 3,Fish Tanks,198,198,2025-07-21,afternoon,6.32,32.8,,,,,
Fish Tank 3,Fish Tanks,198,198,2025-07-21,morning,5.78,29.0,,,,,
Fish Tank 3,Fish Tanks,198,198,2025-07-22,afternoon,5.55,33.3,,,,,
Fish Tank 3,Fish Tanks,198,198,2025-07-23,afternoon,6.44,31.9,,,,,
Fish Tank 3,Fish Tanks,198,198,2025-07-23,morning,5.9,29.4,,,,,
Fish Tank 3,Fish Tanks,198,198,2025-07-24,afternoon,6.65,32.9,,,,,
Fish Tank 3,Fish Tanks,198,198,2025-07-24,morning,6.9,29.3,,,,,
Fish Tank 3,Fish Tanks,198,198,2025-07-25,afternoon,9.53,33.0,,,,,
Fish Tank 3,Fish Tanks,198,198,2025-07-28,afternoon,6.25,33.0,,,,,
Fish Tank 3,Fish Tanks,198,198,2025-07-28,morning,5.86,29.2,,,,,
Fish Tank 3,Fish Tanks,198,198,2025-07-29,afternoon,4.81,33.8,,,,,
Fish Tank 3,Fish Tanks,198,198,2025-07-29,morning,5.45,29.7,,,,,
Fish Tank 3,Fish Tanks,198,198,2025-07-30,afternoon,6.14,30.7,,,,,
Fish Tank 3,Fish Tanks,199,199,2025-07-01,afternoon,6.13,32.8,,,,,
Fish Tank 3,Fish Tanks,199,199,2025-07-01,morning,6.5,29.1,,,,,
Fish Tank 3,Fish Tanks,199,199,2025-07-02,afternoon,4.95,30.8,,,,,
Fish Tank 3,Fish Tanks,199,199,2025-07-02,morning,6.3,29.2,,,,,
Fish Tank 3,Fish Tanks,199,199,2025-07-03,morning,6.14,27.9,,,,,
Fish Tank 3,Fish Tanks,199,199,2025-07-04,afternoon,6.51,31.6,,,,,
Fish Tank 3,Fish Tanks,199,199,2025-07-04,morning,5.92,28.6,,,,,
Fish Tank 3,Fish Tanks,199,199,2025-07-08,afternoon,5.95,30.7,,,,,
Fish Tank 3,Fish Tanks,199,199,2025-07-10,afternoon,5.46,30.0,,,,,
Fish Tank 3,Fish Tanks,199,199,2025-07-10,morning,6.12,29.1,,,,,
Fish Tank 3,Fish Tanks,199,199,2025-07-11,afternoon,6.2,32.0,,,,,
Fish Tank 3,Fish Tanks,199,199,2025-07-11,morning,6.03,28.1,,,,,
Fish Tank 3,Fish Tanks,199,199,2025-07-15,afternoon,5.92,32.7,,,,,
Fish Tank 3,Fish Tanks,199,199,2025-07-15,morning,5.94,29.0,,,,,
Fish Tank 3,Fish Tanks,199,199,2025-07-16,afternoon,4.92,32.4,,,,,
Fish Tank 3,Fish Tanks,199,199,2025-07-17,afternoon,5.14,33.1,,,,,
Fish Tank 3,Fish Tanks,199,199,2025-07-17,morning,5.77,29.5,,,,,
Fish Tank 3,Fish Tanks,199,199,2025-07-18,afternoon,5.81,33.1,,,,,
Fish Tank 3,Fish Tanks,199,199,2025-07-18,morning,5.22,29.8,,,,,
Fish Tank 3,Fish Tanks,199,199,2025-07-21,afternoon,6.07,32.8,,,,,
Fish Tank 3,Fish Tanks,199,199,2025-07-21,morning,5.85,29.0,,,,,
Fish Tank 3,Fish Tanks,199,199,2025-07-22,afternoon,4.92,33.2,,,,,
Fish Tank 3,Fish Tanks,199,199,2025-07-23,afternoon,5.69,32.0,,,,,
Fish Tank 3,Fish Tanks,199,199,2025-07-23,morning,5.79,29.4,,,,,
Fish Tank 3,Fish Tanks,199,199,2025-07-24,afternoon,6.52,32.9,,,,,
Fish Tank 3,Fish Tanks,199,199,2025-07-24,morning,6.66,29.3,,,,,
Fish Tank 3,Fish Tanks,199,199,2025-07-25,afternoon,9.97,33.1,,,,,
Fish Tank 3,Fish Tanks,199,199,2025-07-28,afternoon,6.76,32.9,,,,,
Fish Tank 3,Fish Tanks,199,199,2025-07-28,morning,6.24,29.2,,,,,
Fish Tank 3,Fish Tanks,199,199,2025-07-29,afternoon,4.94,33.9,,,,,
Fish Tank 3,Fish Tanks,199,199,2025-07-29,morning,5.57,29.8,,,,,
Fish Tank 3,Fish Tanks,199,199,2025-07-30,afternoon,5.99,30.8,,,,,
Fish Tank 3,Fish Tanks,200,200,2025-07-01,afternoon,6.28,32.8,,,,,
Fish Tank 3,Fish Tanks,200,200,2025-07-01,morning,6.74,29.1,,,,,
Fish Tank 3,Fish Tanks,200,200,2025-07-02,afternoon,5.28,30.8,,,,,
Fish Tank 3,Fish Tanks,200,200,2025-07-02,morning,6.39,29.3,,,,,
Fish Tank 3,Fish Tanks,200,200,2025-07-03,morning,6.21,27.9,,,,,
Fish Tank 3,Fish Tanks,200,200,2025-07-04,afternoon,6.16,31.6,,,,,
Fish Tank 3,Fish Tanks,200,200,2025-07-04,morning,5.83,28.7,,,,,
Fish Tank 3,Fish Tanks,200,200,2025-07-08,afternoon,5.18,31.3,,,,,
Fish Tank 3,Fish Tanks,200,200,2025-07-10,afternoon,5.72,30.1,,,,,
Fish Tank 3,Fish Tanks,200,200,2025-07-10,morning,6.21,29.1,,,,,
Fish Tank 3,Fish Tanks,200,200,2025-07-11,afternoon,5.86,32.0,,,,,
Fish Tank 3,Fish Tanks,200,200,2025-07-11,morning,6.37,28.1,,,,,
Fish Tank 3,Fish Tanks,200,200,2025-07-15,afternoon,5.79,32.8,,,,,
Fish Tank 3,Fish Tanks,200,200,2025-07-15,morning,6.1,29.0,,,,,
Fish Tank 3,Fish Tanks,200,200,2025-07-16,afternoon,4.58,32.5,,,,,
Fish Tank 3,Fish Tanks,200,200,2025-07-17,afternoon,5.29,33.1,,,,,
Fish Tank 3,Fish Tanks,200,200,2025-07-17,morning,5.31,29.8,,,,,
Fish Tank 3,Fish Tanks,200,200,2025-07-18,afternoon,6.49,33.1,,,,,
Fish Tank 3,Fish Tanks,200,200,2025-07-18,morning,5.46,29.8,,,,,
Fish Tank 3,Fish Tanks,200,200,2025-07-21,afternoon,6.39,32.8,,,,,
Fish Tank 3,Fish Tanks,200,200,2025-07-21,morning,6.11,29.0,,,,,
Fish Tank 3,Fish Tanks,200,200,2025-07-22,afternoon,5.57,33.2,,,,,
Fish Tank 3,Fish Tanks,200,200,2025-07-23,afternoon,5.32,32.5,,,,,
Fish Tank 3,Fish Tanks,200,200,2025-07-23,morning,5.62,29.4,,,,,
Fish Tank 3,Fish Tanks,200,200,2025-07-24,afternoon,7.06,32.9,,,,,
Fish Tank 3,Fish Tanks,200,200,2025-07-24,morning,7.12,29.2,,,,,
Fish Tank 3,Fish Tanks,200,200,2025-07-25,afternoon,9.84,33.1,,,,,
Fish Tank 3,Fish Tanks,200,200,2025-07-28,morning,6.67,29.2,,,,,
Fish Tank 3,Fish Tanks,200,200,2025-07-29,afternoon,4.67,33.8,,,,,
Fish Tank 3,Fish Tanks,200,200,2025-07-29,morning,5.53,29.8,,,,,
Fish Tank 3,Fish Tanks,200,200,2025-07-30,afternoon,6.07,30.8,,,,,
Fish Tank 3,Fish Tanks,201,201,2025-07-01,afternoon,6.18,32.7,,,,,
Fish Tank 3,Fish Tanks,201,201,2025-07-01,morning,6.55,29.0,,,,,
Fish Tank 3,Fish Tanks,201,201,2025-07-02,afternoon,5.16,30.6,,,,,
Fish Tank 3,Fish Tanks,201,201,2025-07-02,morning,6.53,29.2,,,,,
Fish Tank 3,Fish Tanks,201,201,2025-07-03,morning,6.13,27.9,,,,,
Fish Tank 3,Fish Tanks,201,201,2025-07-04,afternoon,6.3,31.4,,,,,
Fish Tank 3,Fish Tanks,201,201,2025-07-04,morning,5.73,28.6,,,,,
Fish Tank 3,Fish Tanks,201,201,2025-07-08,afternoon,6.14,31.0,,,,,
Fish Tank 3,Fish Tanks,201,201,2025-07-10,afternoon,5.81,30.0,,,,,
Fish Tank 3,Fish Tanks,201,201,2025-07-10,morning,6.27,29.1,,,,,
Fish Tank 3,Fish Tanks,201,201,2025-07-11,afternoon,6.24,31.8,,,,,
Fish Tank 3,Fish Tanks,201,201,2025-07-11,morning,6.39,28.1,,,,,
Fish Tank 3,Fish Tanks,201,201,2025-07-15,afternoon,5.73,32.7,,,,,
Fish Tank 3,Fish Tanks,201,201,2025-07-15,morning,5.83,28.9,,,,,
Fish Tank 3,Fish Tanks,201,201,2025-07-16,afternoon,4.83,32.3,,,,,
Fish Tank 3,Fish Tanks,201,201,2025-07-17,afternoon,4.6,32.9,,,,,
Fish Tank 3,Fish Tanks,201,201,2025-07-17,morning,5.75,29.8,,,,,
Fish Tank 3,Fish Tanks,201,201,2025-07-18,afternoon,6.83,33.0,,,,,
Fish Tank 3,Fish Tanks,201,201,2025-07-18,morning,5.19,29.8,,,,,
Fish Tank 3,Fish Tanks,201,201,2025-07-21,afternoon,4.99,32.7,,,,,
Fish Tank 3,Fish Tanks,201,201,2025-07-21,morning,6.02,28.9,,,,,
Fish Tank 3,Fish Tanks,201,201,2025-07-22,afternoon,5.54,33.1,,,,,
Fish Tank 3,Fish Tanks,201,201,2025-07-23,afternoon,5.76,32.2,,,,,
Fish Tank 3,Fish Tanks,201,201,2025-07-23,morning,5.8,29.4,,,,,
Fish Tank 3,Fish Tanks,201,201,2025-07-24,afternoon,5.2,32.7,,,,,
Fish Tank 3,Fish Tanks,201,201,2025-07-24,morning,6.63,29.2,,,,,
Fish Tank 3,Fish Tanks,201,201,2025-07-25,afternoon,7.41,32.9,,,,,
Fish Tank 3,Fish Tanks,201,201,2025-07-28,afternoon,7.3,32.8,,,,,
Fish Tank 3,Fish Tanks,201,201,2025-07-28,morning,6.43,29.1,,,,,
Fish Tank 3,Fish Tanks,201,201,2025-07-29,afternoon,5.13,33.8,,,,,
Fish Tank 3,Fish Tanks,201,201,2025-07-29,morning,5.62,29.8,,,,,
Fish Tank 3,Fish Tanks,201,201,2025-07-30,afternoon,5.76,30.9,,,,,
Fish Tank 3,Fish Tanks,202,202,2025-07-01,afternoon,6.02,32.9,,,,,
Fish Tank 3,Fish Tanks,202,202,2025-07-01,morning,6.44,29.2,,,,,
Fish Tank 3,Fish Tanks,202,202,2025-07-02,afternoon,4.78,30.8,,,,,
Fish Tank 3,Fish Tanks,202,202,2025-07-02,morning,6.57,29.2,,,,,
Fish Tank 3,Fish Tanks,202,202,2025-07-03,morning,5.61,27.9,,,,,
Fish Tank 3,Fish Tanks,202,202,2025-07-04,afternoon,5.64,31.7,,,,,
Fish Tank 3,Fish Tanks,202,202,2025-07-04,morning,5.17,28.6,,,,,
Fish Tank 3,Fish Tanks,202,202,2025-07-08,afternoon,6.03,31.4,,,,,
Fish Tank 3,Fish Tanks,202,202,2025-07-10,afternoon,5.66,30.0,,,,,
Fish Tank 3,Fish Tanks,202,202,2025-07-10,morning,5.92,29.1,,,,,
Fish Tank 3,Fish Tanks,202,202,2025-07-11,afternoon,6.18,31.9,,,,,
Fish Tank 3,Fish Tanks,202,202,2025-07-11,morning,6.3,28.1,,,,,
Fish Tank 3,Fish Tanks,202,202,2025-07-15,afternoon,5.36,32.9,,,,,
Fish Tank 3,Fish Tanks,202,202,2025-07-15,morning,5.57,29.0,,,,,
Fish Tank 3,Fish Tanks,202,202,2025-07-16,afternoon,4.68,32.5,,,,,
Fish Tank 3,Fish Tanks,202,202,2025-07-17,afternoon,5.35,33.2,,,,,
Fish Tank 3,Fish Tanks,202,202,2025-07-17,morning,5.3,29.8,,,,,
Fish Tank 3,Fish Tanks,202,202,2025-07-18,afternoon,6.79,33.1,,,,,
Fish Tank 3,Fish Tanks,202,202,2025-07-18,morning,4.95,29.8,,,,,
Fish Tank 3,Fish Tanks,202,202,2025-07-21,afternoon,5.1,32.9,,,,,
Fish Tank 3,Fish Tanks,202,202,2025-07-21,morning,5.97,28.9,,,,,
Fish Tank 3,Fish Tanks,202,202,2025-07-22,afternoon,5.32,33.2,,,,,
Fish Tank 3,Fish Tanks,202,202,2025-07-23,afternoon,7.37,33.0,,,,,
Fish Tank 3,Fish Tanks,202,202,2025-07-23,morning,5.69,29.5,,,,,
Fish Tank 3,Fish Tanks,202,202,2025-07-24,afternoon,5.37,33.0,,,,,
Fish Tank 3,Fish Tanks,202,202,2025-07-24,morning,6.56,29.3,,,,,
Fish Tank 3,Fish Tanks,202,202,2025-07-25,afternoon,8.66,33.1,,,,,
Fish Tank 3,Fish Tanks,202,202,2025-07-28,afternoon,7.67,32.9,,,,,
Fish Tank 3,Fish Tanks,202,202,2025-07-28,morning,6.57,29.2,,,,,
Fish Tank 3,Fish Tanks,202,202,2025-07-29,afternoon,4.51,33.9,,,,,
Fish Tank 3,Fish Tanks,202,202,2025-07-29,morning,5.64,29.9,,,,,
Fish Tank 3,Fish Tanks,202,202,2025-07-30,afternoon,5.62,31.0,,,,,
Fish Tank 3,Fish Tanks,203,203,2025-07-01,afternoon,6.13,32.9,,,,,
Fish Tank 3,Fish Tanks,203,203,2025-07-01,morning,6.47,29.1,,,,,
Fish Tank 3,Fish Tanks,203,203,2025-07-02,afternoon,5.11,30.8,,,,,
Fish Tank 3,Fish Tanks,203,203,2025-07-02,morning,6.48,29.1,,,,,
Fish Tank 3,Fish Tanks,203,203,2025-07-03,morning,5.91,27.9,,,,,
Fish Tank 3,Fish Tanks,203,203,2025-07-04,afternoon,6.12,31.6,,,,,
Fish Tank 3,Fish Tanks,203,203,2025-07-04,morning,5.19,28.6,,,,,
Fish Tank 3,Fish Tanks,203,203,2025-07-08,afternoon,6.29,31.5,,,,,
Fish Tank 3,Fish Tanks,203,203,2025-07-10,afternoon,5.92,30.0,,,,,
Fish Tank 3,Fish Tanks,203,203,2025-07-10,morning,6.32,29.1,,,,,
Fish Tank 3,Fish Tanks,203,203,2025-07-11,afternoon,6.23,32.0,,,,,
Fish Tank 3,Fish Tanks,203,203,2025-07-11,morning,6.53,28.1,,,,,
Fish Tank 3,Fish Tanks,203,203,2025-07-15,afternoon,5.5,32.8,,,,,
Fish Tank 3,Fish Tanks,203,203,2025-07-15,morning,5.8,29.0,,,,,
Fish Tank 3,Fish Tanks,203,203,2025-07-16,afternoon,4.59,32.5,,,,,
Fish Tank 3,Fish Tanks,203,203,2025-07-17,afternoon,4.91,33.1,,,,,
Fish Tank 3,Fish Tanks,203,203,2025-07-17,morning,5.4,29.8,,,,,
Fish Tank 3,Fish Tanks,203,203,2025-07-18,afternoon,5.61,33.2,,,,,
Fish Tank 3,Fish Tanks,203,203,2025-07-18,morning,4.8,29.8,,,,,
Fish Tank 3,Fish Tanks,203,203,2025-07-21,afternoon,6.58,32.9,,,,,
Fish Tank 3,Fish Tanks,203,203,2025-07-21,morning,6.27,29.0,,,,,
Fish Tank 3,Fish Tanks,203,203,2025-07-22,afternoon,5.07,33.3,,,,,
Fish Tank 3,Fish Tanks,203,203,2025-07-23,afternoon,6.07,33.4,,,,,
Fish Tank 3,Fish Tanks,203,203,2025-07-23,morning,6.07,29.4,,,,,
Fish Tank 3,Fish Tanks,203,203,2025-07-24,afternoon,6.55,33.0,,,,,
Fish Tank 3,Fish Tanks,203,203,2025-07-24,morning,6.54,29.2,,,,,
Fish Tank 3,Fish Tanks,203,203,2025-07-25,afternoon,9.46,33.1,,,,,
Fish Tank 3,Fish Tanks,203,203,2025-07-28,afternoon,7.07,33.0,,,,,
Fish Tank 3,Fish Tanks,203,203,2025-07-28,morning,6.23,29.1,,,,,
Fish Tank 3,Fish Tanks,203,203,2025-07-29,afternoon,4.52,34.0,,,,,
Fish Tank 3,Fish Tanks,203,203,2025-07-29,morning,5.51,29.8,,,,,
Fish Tank 3,Fish Tanks,203,203,2025-07-30,afternoon,6.16,30.6,,,,,
Fish Tank 3,Fish Tanks,205,205,2025-07-01,afternoon,6.24,32.8,,,,,
Fish Tank 3,Fish Tanks,205,205,2025-07-01,morning,6.53,29.1,6.63,2.0,1.8,0.082,
Fish Tank 3,Fish Tanks,205,205,2025-07-02,afternoon,5.12,30.7,,,,,
Fish Tank 3,Fish Tanks,205,205,2025-07-02,morning,6.44,29.2,,,,,
Fish Tank 3,Fish Tanks,205,205,2025-07-03,morning,5.93,27.8,,,,,
Fish Tank 3,Fish Tanks,205,205,2025-07-04,afternoon,6.14,31.5,,,,,
Fish Tank 3,Fish Tanks,205,205,2025-07-04,morning,5.7,28.6,6.9,1.6,1.3,0.035,
Fish Tank 3,Fish Tanks,205,205,2025-07-08,afternoon,6.2,31.4,,,,,
Fish Tank 3,Fish Tanks,205,205,2025-07-10,afternoon,5.37,29.9,,,,,
Fish Tank 3,Fish Tanks,205,205,2025-07-10,morning,6.16,29.0,,,,,
Fish Tank 3,Fish Tanks,205,205,2025-07-11,afternoon,5.52,31.8,,,,,
Fish Tank 3,Fish Tanks,205,205,2025-07-11,morning,5.85,28.1,,,,,
Fish Tank 3,Fish Tanks,205,205,2025-07-15,afternoon,5.6,32.7,,,,,
Fish Tank 3,Fish Tanks,205,205,2025-07-16,afternoon,4.61,32.4,,,,,
Fish Tank 3,Fish Tanks,205,205,2025-07-17,afternoon,5.1,33.0,,,,,
Fish Tank 3,Fish Tanks,205,205,2025-07-17,morning,5.25,29.8,,,,,
Fish Tank 3,Fish Tanks,205,205,2025-07-18,afternoon,6.31,33.0,,,,,
Fish Tank 3,Fish Tanks,205,205,2025-07-18,morning,5.23,29.8,,,,,
Fish Tank 3,Fish Tanks,205,205,2025-07-21,afternoon,6.34,32.7,,,,,
Fish Tank 3,Fish Tanks,205,205,2025-07-21,morning,6.05,28.9,,,,,
Fish Tank 3,Fish Tanks,205,205,2025-07-22,afternoon,5.45,33.1,,,,,
Fish Tank 3,Fish Tanks,205,205,2025-07-23,afternoon,6.78,32.0,,,,,
Fish Tank 3,Fish Tanks,205,205,2025-07-23,morning,6.0,29.4,,,,,
Fish Tank 3,Fish Tanks,205,205,2025-07-24,afternoon,6.2,32.8,,,,,
Fish Tank 3,Fish Tanks,205,205,2025-07-24,morning,6.77,29.2,,,,,
Fish Tank 3,Fish Tanks,205,205,2025-07-25,afternoon,9.57,32.9,,,,,
Fish Tank 3,Fish Tanks,205,205,2025-07-28,afternoon,6.14,32.9,,,,,
Fish Tank 3,Fish Tanks,205,205,2025-07-28,morning,6.1,29.2,,,,,
Fish Tank 3,Fish Tanks,205,205,2025-07-29,afternoon,4.9,33.8,,,,,
Fish Tank 3,Fish Tanks,205,205,2025-07-29,morning,5.37,29.7,,,,,
Fish Tank 3,Fish Tanks,205,205,2025-07-30,afternoon,6.09,30.6,,,,,
Fish Tank 3,Fish Tanks,206,206,2025-07-01,afternoon,6.26,32.8,,,,,
Fish Tank 3,Fish Tanks,206,206,2025-07-01,morning,6.72,29.0,,,,,
Fish Tank 3,Fish Tanks,206,206,2025-07-02,afternoon,5.3,30.7,,,,,
Fish Tank 3,Fish Tanks,206,206,2025-07-02,morning,6.52,29.3,,,,,
Fish Tank 3,Fish Tanks,206,206,2025-07-03,morning,6.15,27.8,,,,,
Fish Tank 3,Fish Tanks,206,206,2025-07-04,afternoon,6.46,31.4,,,,,
Fish Tank 3,Fish Tanks,206,206,2025-07-04,morning,6.05,28.6,,,,,
Fish Tank 3,Fish Tanks,206,206,2025-07-08,afternoon,6.3,31.5,,,,,
Fish Tank 3,Fish Tanks,206,206,2025-07-10,afternoon,6.07,29.8,,,,,
Fish Tank 3,Fish Tanks,206,206,2025-07-10,morning,6.13,29.0,,,,,
Fish Tank 3,Fish Tanks,206,206,2025-07-11,afternoon,6.11,31.7,,,,,
Fish Tank 3,Fish Tanks,206,206,2025-07-11,morning,6.34,28.0,,,,,
Fish Tank 3,Fish Tanks,206,206,2025-07-15,afternoon,5.59,32.6,,,,,
Fish Tank 3,Fish Tanks,206,206,2025-07-16,afternoon,4.66,32.2,,,,,
Fish Tank 3,Fish Tanks,206,206,2025-07-17,afternoon,5.08,32.8,,,,,
Fish Tank 3,Fish Tanks,206,206,2025-07-17,morning,5.73,29.7,,,,,
Fish Tank 3,Fish Tanks,206,206,2025-07-18,afternoon,6.23,32.9,,,,,
Fish Tank 3,Fish Tanks,206,206,2025-07-18,morning,5.12,29.7,,,,,
Fish Tank 3,Fish Tanks,206,206,2025-07-21,afternoon,6.64,32.5,,,,,
Fish Tank 3,Fish Tanks,206,206,2025-07-21,morning,6.4,29.0,,,,,
Fish Tank 3,Fish Tanks,206,206,2025-07-22,afternoon,5.48,33.0,,,,,
Fish Tank 3,Fish Tanks,206,206,2025-07-23,afternoon,6.56,32.0,,,,,
Fish Tank 3,Fish Tanks,206,206,2025-07-23,morning,5.93,29.4,,,,,
Fish Tank 3,Fish Tanks,206,206,2025-07-24,afternoon,6.26,32.6,,,,,
Fish Tank 3,Fish Tanks,206,206,2025-07-24,morning,7.05,29.1,,,,,
Fish Tank 3,Fish Tanks,206,206,2025-07-25,afternoon,9.45,32.8,,,,,
Fish Tank 3,Fish Tanks,206,206,2025-07-28,afternoon,5.91,32.7,,,,,
Fish Tank 3,Fish Tanks,206,206,2025-07-28,morning,6.0,29.1,,,,,
Fish Tank 3,Fish Tanks,206,206,2025-07-29,afternoon,5.03,33.8,,,,,
Fish Tank 3,Fish Tanks,206,206,2025-07-29,morning,5.33,29.7,,,,,
Fish Tank 3,Fish Tanks,206,206,2025-07-30,afternoon,5.23,30.7,,,,,
Fish Tank 3,Fish Tanks,207,207,2025-07-01,afternoon,5.95,32.7,,,,,
Fish Tank 3,Fish Tanks,207,207,2025-07-01,morning,6.57,28.9,,,,,
Fish Tank 3,Fish Tanks,207,207,2025-07-02,afternoon,5.17,30.7,,,,,
Fish Tank 3,Fish Tanks,207,207,2025-07-02,morning,6.47,29.1,,,,,
Fish Tank 3,Fish Tanks,207,207,2025-07-03,morning,5.93,27.8,,,,,
Fish Tank 3,Fish Tanks,207,207,2025-07-04,afternoon,5.07,31.2,,,,,
Fish Tank 3,Fish Tanks,207,207,2025-07-04,morning,5.91,28.6,,,,,
Fish Tank 3,Fish Tanks,207,207,2025-07-08,afternoon,6.23,31.3,,,,,
Fish Tank 3,Fish Tanks,207,207,2025-07-10,afternoon,5.91,29.7,,,,,
Fish Tank 3,Fish Tanks,207,207,2025-07-10,morning,6.4,28.9,,,,,
Fish Tank 3,Fish Tanks,207,207,2025-07-11,afternoon,5.76,31.4,,,,,
Fish Tank 3,Fish Tanks,207,207,2025-07-11,morning,6.6,27.9,,,,,
Fish Tank 3,Fish Tanks,207,207,2025-07-15,afternoon,5.46,32.5,,,,,
Fish Tank 3,Fish Tanks,207,207,2025-07-16,afternoon,4.52,31.9,,,,,
Fish Tank 3,Fish Tanks,207,207,2025-07-17,afternoon,5.09,32.4,,,,,
Fish Tank 3,Fish Tanks,207,207,2025-07-17,morning,5.64,29.6,,,,,
Fish Tank 3,Fish Tanks,207,207,2025-07-18,afternoon,5.59,32.7,,,,,
Fish Tank 3,Fish Tanks,207,207,2025-07-18,morning,5.49,29.6,,,,,
Fish Tank 3,Fish Tanks,207,207,2025-07-21,afternoon,5.9,32.4,,,,,
Fish Tank 3,Fish Tanks,207,207,2025-07-21,morning,6.34,29.0,,,,,
Fish Tank 3,Fish Tanks,207,207,2025-07-22,afternoon,5.01,32.9,,,,,
Fish Tank 3,Fish Tanks,207,207,2025-07-23,afternoon,6.48,32.0,,,,,
Fish Tank 3,Fish Tanks,207,207,2025-07-23,morning,5.96,29.3,,,,,
Fish Tank 3,Fish Tanks,207,207,2025-07-24,afternoon,5.27,32.4,,,,,
Fish Tank 3,Fish Tanks,207,207,2025-07-24,morning,6.55,29.1,,,,,
Fish Tank 3,Fish Tanks,207,207,2025-07-25,afternoon,7.98,32.5,,,,,
Fish Tank 3,Fish Tanks,207,207,2025-07-28,afternoon,5.07,32.4,,,,,
Fish Tank 3,Fish Tanks,207,207,2025-07-28,morning,5.68,29.1,7.18,7.7,,,
Fish Tank 3,Fish Tanks,207,207,2025-07-29,afternoon,4.83,33.6,,,,,
Fish Tank 3,Fish Tanks,207,207,2025-07-29,morning,5.52,29.6,,,,,
Fish Tank 3,Fish Tanks,207,207,2025-07-30,afternoon,5.25,30.8,,,,,
Fish Tank 3,Fish Tanks,208,208,2025-07-01,afternoon,5.9,32.7,,,,,
Fish Tank 3,Fish Tanks,208,208,2025-07-01,morning,6.78,28.8,,,,,
Fish Tank 3,Fish Tanks,208,208,2025-07-02,afternoon,5.03,30.8,,,,,
Fish Tank 3,Fish Tanks,208,208,2025-07-02,morning,6.22,29.2,,,,,
Fish Tank 3,Fish Tanks,208,208,2025-07-03,morning,5.93,27.8,,,,,
Fish Tank 3,Fish Tanks,208,208,2025-07-04,afternoon,5.74,31.1,,,,,
Fish Tank 3,Fish Tanks,208,208,2025-07-04,morning,5.94,28.8,,,,,
Fish Tank 3,Fish Tanks,208,208,2025-07-07,afternoon,6.07,32.4,,,,,
Fish Tank 3,Fish Tanks,208,208,2025-07-07,morning,,,7.05,1.8,0.1,0.93,
Fish Tank 3,Fish Tanks,208,208,2025-07-08,afternoon,5.48,31.5,,,,,
Fish Tank 3,Fish Tanks,208,208,2025-07-09,afternoon,5.25,31.0,,,,,
Fish Tank 3,Fish Tanks,208,208,2025-07-10,afternoon,6.21,29.8,,,,,
Fish Tank 3,Fish Tanks,208,208,2025-07-10,morning,5.86,29.0,,,,,
Fish Tank 3,Fish Tanks,208,208,2025-07-11,afternoon,5.59,31.3,,,,,
Fish Tank 3,Fish Tanks,208,208,2025-07-11,morning,6.73,28.0,6.88,2.65,1.1,2.12,
Fish Tank 3,Fish Tanks,208,208,2025-07-15,afternoon,4.87,32.5,,,,,
Fish Tank 3,Fish Tanks,208,208,2025-07-16,afternoon,4.92,31.7,,,,,
Fish Tank 3,Fish Tanks,208,208,2025-07-16,morning,5.54,28.8,,,,,
Fish Tank 3,Fish Tanks,208,208,2025-07-17,afternoon,4.25,32.2,,,,,
Fish Tank 3,Fish Tanks,208,208,2025-07-17,morning,5.59,29.7,,,,,
Fish Tank 3,Fish Tanks,208,208,2025-07-18,afternoon,4.78,32.3,,,,,
Fish Tank 3,Fish Tanks,208,208,2025-07-18,morning,5.18,29.5,,,,,
Fish Tank 3,Fish Tanks,208,208,2025-07-21,afternoon,5.82,32.2,,,,,
Fish Tank 3,Fish Tanks,208,208,2025-07-21,morning,6.35,29.0,,,,,
Fish Tank 3,Fish Tanks,208,208,2025-07-22,afternoon,5.31,32.9,,,,,
Fish Tank 3,Fish Tanks,208,208,2025-07-23,afternoon,5.68,31.6,,,,,
Fish Tank 3,Fish Tanks,208,208,2025-07-23,morning,5.77,29.3,,,,,
Fish Tank 3,Fish Tanks,208,208,2025-07-24,afternoon,5.6,32.1,,,,,
Fish Tank 3,Fish Tanks,208,208,2025-07-24,morning,6.71,29.0,,,,,
Fish Tank 3,Fish Tanks,208,208,2025-07-25,afternoon,7.82,32.3,,,,,
Fish Tank 3,Fish Tanks,208,208,2025-07-28,afternoon,4.29,32.4,,,,,
Fish Tank 3,Fish Tanks,208,208,2025-07-28,morning,5.75,29.2,,,,,
Fish Tank 3,Fish Tanks,208,208,2025-07-29,afternoon,4.5,33.4,,,,,
Fish Tank 3,Fish Tanks,208,208,2025-07-29,morning,5.17,29.6,,,,,
Fish Tank 3,Fish Tanks,208,208,2025-07-30,afternoon,5.07,31.0,,,,,
Fish Tank 3,Fish Tanks,209,209,2025-07-01,afternoon,6.11,32.7,,,,,
Fish Tank 3,Fish Tanks,209,209,2025-07-01,morning,6.78,28.9,,,,,
Fish Tank 3,Fish Tanks,209,209,2025-07-02,afternoon,5.08,30.8,,,,,
Fish Tank 3,Fish Tanks,209,209,2025-07-02,morning,6.36,29.2,,,,,
Fish Tank 3,Fish Tanks,209,209,2025-07-03,morning,6.17,27.8,,,,,
Fish Tank 3,Fish Tanks,209,209,2025-07-04,afternoon,6.28,31.4,,,,,
Fish Tank 3,Fish Tanks,209,209,2025-07-04,morning,5.78,28.8,,,,,
Fish Tank 3,Fish Tanks,209,209,2025-07-07,afternoon,5.45,32.7,,,,,
Fish Tank 3,Fish Tanks,209,209,2025-07-08,afternoon,5.65,31.5,,,,,
Fish Tank 3,Fish Tanks,209,209,2025-07-09,afternoon,5.38,31.0,,,,,
Fish Tank 3,Fish Tanks,209,209,2025-07-10,afternoon,6.06,29.7,,,,,
Fish Tank 3,Fish Tanks,209,209,2025-07-10,morning,6.25,28.9,,,,,
Fish Tank 3,Fish Tanks,209,209,2025-07-11,afternoon,5.68,31.5,,,,,
Fish Tank 3,Fish Tanks,209,209,2025-07-11,morning,6.66,27.9,,,,,
Fish Tank 3,Fish Tanks,209,209,2025-07-15,afternoon,5.6,32.6,,,,,
Fish Tank 3,Fish Tanks,209,209,2025-07-16,afternoon,4.57,31.8,,,,,
Fish Tank 3,Fish Tanks,209,209,2025-07-16,morning,5.61,28.9,,,,,
Fish Tank 3,Fish Tanks,209,209,2025-07-17,afternoon,4.91,32.3,,,,,
Fish Tank 3,Fish Tanks,209,209,2025-07-17,morning,5.44,29.8,,,,,
Fish Tank 3,Fish Tanks,209,209,2025-07-18,afternoon,5.21,32.5,,,,,
Fish Tank 3,Fish Tanks,209,209,2025-07-18,morning,5.67,29.5,,,,,
Fish Tank 3,Fish Tanks,209,209,2025-07-21,afternoon,5.4,32.2,,,,,
Fish Tank 3,Fish Tanks,209,209,2025-07-21,morning,6.43,29.0,,,,,
Fish Tank 3,Fish Tanks,209,209,2025-07-22,afternoon,5.27,32.9,,,,,
Fish Tank 3,Fish Tanks,209,209,2025-07-23,morning,5.87,29.3,,,,,
Hatchery,Hatchery,1,1,2025-07-10,morning,6.36,28.0,7.5,1.13,1.1,0.005,
Hatchery,Hatchery,1,1,2025-07-11,morning,6.96,27.5,6.9,1.67,0.0,0.006,
Hatchery,Hatchery,1,1,2025-07-12,morning,5.62,28.0,,,,,
Hatchery,Hatchery,1,1,2025-07-13,morning,6.13,27.4,6.99,5.1,2.0,0.012,
Hatchery,Hatchery,1,1,2025-07-14,morning,5.44,27.4,8.94,5.9,1.5,0.032,
Hatchery,Hatchery,1,1,2025-07-15,morning,5.95,28.0,6.96,0.87,2.6,0.053,
Hatchery,Hatchery,1,1,2025-07-16,morning,5.68,27.7,7.49,1.08,0.9,0.133,
Hatchery,Hatchery,1,1,2025-07-17,morning,6.3,29.1,7.27,0.96,0.9,0.031,
Hatchery,Hatchery,1,1,2025-07-18,morning,6.32,28.6,7.0,2.07,1.1,0.127,
Hatchery,Hatchery,1,1,2025-07-20,morning,,,6.75,2.8,,,
Hatchery,Hatchery,1,1,2025-07-21,morning,6.64,28.0,7.46,2.2,7.4,2.55,
Hatchery,Hatchery,1,1,2025-07-22,morning,5.23,28.1,,,,,
Hatchery,Hatchery,1,1,2025-07-23,morning,5.27,28.2,6.97,2.6,,,
Hatchery,Hatchery,1,1,2025-07-24,morning,8.38,28.9,,,,,
Hatchery,Hatchery,1,1,2025-07-28,morning,5.29,28.3,,,,,
Hatchery,Hatchery,1,1,2025-07-29,morning,4.95,31.4,,,,,
Hatchery,Hatchery,2,2,2025-07-10,afternoon,6.54,28.2,,,,,
Hatchery,Hatchery,2,2,2025-07-10,morning,6.7,28.0,7.32,0.87,1.2,0.004,
Hatchery,Hatchery,2,2,2025-07-11,afternoon,5.36,28.4,,,,,
Hatchery,Hatchery,2,2,2025-07-11,morning,6.69,27.4,6.95,2.35,1.1,0.016,
Hatchery,Hatchery,2,2,2025-07-12,afternoon,5.85,28.7,,,,,
Hatchery,Hatchery,2,2,2025-07-12,morning,6.05,27.9,,,,,
Hatchery,Hatchery,2,2,2025-07-13,afternoon,5.79,28.1,,,,,
Hatchery,Hatchery,2,2,2025-07-13,morning,6.1,27.4,6.8,2.7,1.1,0.012,
Hatchery,Hatchery,2,2,2025-07-14,afternoon,5.87,28.6,,,,,
Hatchery,Hatchery,2,2,2025-07-14,morning,5.98,27.4,8.44,5.9,0.9,0.006,
Hatchery,Hatchery,2,2,2025-07-15,afternoon,5.81,28.7,,,,,
Hatchery,Hatchery,2,2,2025-07-15,morning,6.7,27.7,6.95,0.73,2.4,0.023,
Hatchery,Hatchery,2,2,2025-07-16,afternoon,5.62,30.9,,,,,
Hatchery,Hatchery,2,2,2025-07-16,morning,6.0,27.7,7.52,1.2,0.5,0.092,
Hatchery,Hatchery,2,2,2025-07-17,afternoon,5.52,29.6,,,,,
Hatchery,Hatchery,2,2,2025-07-17,morning,5.77,29.1,7.23,0.98,0.8,0.02,
Hatchery,Hatchery,2,2,2025-07-18,afternoon,6.03,29.6,,,,,
Hatchery,Hatchery,2,2,2025-07-18,morning,5.94,28.3,7.3,2.16,1.1,0.08,
Hatchery,Hatchery,2,2,2025-07-20,morning,,,6.85,2.2,,,
Hatchery,Hatchery,2,2,2025-07-21,afternoon,5.09,29.0,,,,,
Hatchery,Hatchery,2,2,2025-07-21,morning,6.24,27.9,7.5,2.8,5.2,2.22,
Hatchery,Hatchery,2,2,2025-07-22,afternoon,4.67,29.1,7.61,5.5,,,
Hatchery,Hatchery,2,2,2025-07-22,morning,5.55,28.0,,,,,
Hatchery,Hatchery,2,2,2025-07-23,afternoon,6.71,31.1,,,,,
Hatchery,Hatchery,2,2,2025-07-23,morning,5.45,28.1,7.01,4.6,,,
Hatchery,Hatchery,2,2,2025-07-24,afternoon,6.29,29.5,,,,,
Hatchery,Hatchery,2,2,2025-07-24,morning,7.92,28.8,,,,,
Hatchery,Hatchery,2,2,2025-07-25,afternoon,5.83,29.5,,,,,
Hatchery,Hatchery,2,2,2025-07-28,afternoon,4.86,29.2,,,,,
Hatchery,Hatchery,2,2,2025-07-28,morning,5.1,28.2,,,,,
Hatchery,Hatchery,2,2,2025-07-29,afternoon,5.32,31.6,,,,,
Hatchery,Hatchery,2,2,2025-07-29,morning,5.54,31.4,,,,,
Hatchery,Hatchery,2,2,2025-07-30,afternoon,6.19,29.7,,,,,
Hatchery,Hatchery,3,3,2025-07-10,afternoon,6.25,28.1,,,,,
Hatchery,Hatchery,3,3,2025-07-10,morning,6.7,27.9,7.16,0.92,1.0,0.005,
Hatchery,Hatchery,3,3,2025-07-11,afternoon,5.84,28.4,,,,,
Hatchery,Hatchery,3,3,2025-07-11,morning,6.61,27.3,6.92,3.15,1.3,0.006,
Hatchery,Hatchery,3,3,2025-07-12,afternoon,5.71,28.7,,,,,
Hatchery,Hatchery,3,3,2025-07-12,morning,5.61,27.8,,,,,
Hatchery,Hatchery,3,3,2025-07-13,afternoon,5.37,28.0,,,,,
Hatchery,Hatchery,3,3,2025-07-13,morning,5.58,27.3,7.0,7.1,1.4,0.02,
Hatchery,Hatchery,3,3,2025-07-14,afternoon,4.8,28.6,,,,,
Hatchery,Hatchery,3,3,2025-07-14,morning,5.08,27.3,8.25,7.3,1.1,0.013,
Hatchery,Hatchery,3,3,2025-07-15,afternoon,5.25,28.8,,,,,
Hatchery,Hatchery,3,3,2025-07-15,morning,6.14,27.5,6.94,0.86,1.5,0.041,
Hatchery,Hatchery,3,3,2025-07-16,afternoon,5.54,30.9,,,,,
Hatchery,Hatchery,3,3,2025-07-16,morning,6.35,27.5,7.35,1.54,0.2,0.103,
Hatchery,Hatchery,3,3,2025-07-17,afternoon,5.26,29.7,,,,,
Hatchery,Hatchery,3,3,2025-07-17,morning,5.65,29.1,7.11,1.09,0.8,0.02,
Hatchery,Hatchery,3,3,2025-07-18,afternoon,5.87,29.6,,,,,
Hatchery,Hatchery,3,3,2025-07-18,morning,5.71,28.6,7.82,2.22,0.9,0.094,
Hatchery,Hatchery,3,3,2025-07-20,morning,,,6.97,2.1,,,
Hatchery,Hatchery,3,3,2025-07-21,afternoon,5.03,29.0,,,,,
Hatchery,Hatchery,3,3,2025-07-21,morning,6.57,27.9,7.84,3.3,6.0,1.87,
Hatchery,Hatchery,3,3,2025-07-22,afternoon,4.04,29.1,7.2,4.9,,,
Hatchery,Hatchery,3,3,2025-07-22,morning,5.48,27.7,,,,,
Hatchery,Hatchery,3,3,2025-07-23,afternoon,6.76,31.3,,,,,
Hatchery,Hatchery,3,3,2025-07-23,morning,5.19,28.1,6.93,5.0,,,
Hatchery,Hatchery,3,3,2025-07-24,afternoon,5.44,29.6,,,,,
Hatchery,Hatchery,3,3,2025-07-24,morning,7.66,28.9,,,,,
Hatchery,Hatchery,3,3,2025-07-25,afternoon,5.02,29.3,,,,,
Hatchery,Hatchery,3,3,2025-07-28,afternoon,3.75,29.2,,,,,
Hatchery,Hatchery,3,3,2025-07-28,morning,4.22,28.1,,,,,
Hatchery,Hatchery,3,3,2025-07-29,afternoon,4.98,31.6,,,,,
Hatchery,Hatchery,3,3,2025-07-29,morning,5.64,31.6,,,,,
Hatchery,Hatchery,3,3,2025-07-30,afternoon,6.36,29.8,,,,,
Hatchery,Hatchery,4,4,2025-07-10,afternoon,6.96,28.1,,,,,
Hatchery,Hatchery,4,4,2025-07-10,morning,6.8,27.9,7.12,0.89,0.9,0.01,
Hatchery,Hatchery,4,4,2025-07-11,afternoon,6.49,28.3,,,,,
Hatchery,Hatchery,4,4,2025-07-11,morning,7.22,27.2,7.0,3.0,8.0,0.05,
Hatchery,Hatchery,4,4,2025-07-12,afternoon,5.53,28.6,,,,,
Hatchery,Hatchery,4,4,2025-07-12,morning,5.81,27.7,,,,,
Hatchery,Hatchery,4,4,2025-07-13,afternoon,5.86,27.9,,,,,
Hatchery,Hatchery,4,4,2025-07-13,morning,5.78,27.2,7.01,5.2,0.9,0.012,
Hatchery,Hatchery,4,4,2025-07-14,afternoon,5.63,28.5,,,,,
Hatchery,Hatchery,4,4,2025-07-14,morning,5.72,27.2,8.05,2.07,1.5,0.022,
Hatchery,Hatchery,4,4,2025-07-15,afternoon,5.98,28.6,,,,,
Hatchery,Hatchery,4,4,2025-07-15,morning,6.32,27.8,6.97,0.73,0.2,0.032,
Hatchery,Hatchery,4,4,2025-07-16,afternoon,5.71,31.0,,,,,
Hatchery,Hatchery,4,4,2025-07-16,morning,6.42,27.5,7.26,1.11,0.0,0.081,
Hatchery,Hatchery,4,4,2025-07-17,afternoon,5.67,29.6,,,,,
Hatchery,Hatchery,4,4,2025-07-17,morning,5.99,29.1,7.17,1.1,0.5,0.029,
Hatchery,Hatchery,4,4,2025-07-18,afternoon,6.12,29.5,,,,,
Hatchery,Hatchery,4,4,2025-07-18,morning,6.39,28.6,7.58,2.23,0.9,0.086,
Hatchery,Hatchery,4,4,2025-07-20,morning,,,7.0,2.5,,,
Hatchery,Hatchery,4,4,2025-07-21,afternoon,5.67,29.0,,,,,
Hatchery,Hatchery,4,4,2025-07-21,morning,6.9,27.9,7.56,4.1,4.4,1.7,
Hatchery,Hatchery,4,4,2025-07-22,afternoon,5.01,29.0,7.31,5.4,,,
Hatchery,Hatchery,4,4,2025-07-22,morning,5.57,27.9,,,,,
Hatchery,Hatchery,4,4,2025-07-23,afternoon,6.94,31.2,,,,,
Hatchery,Hatchery,4,4,2025-07-23,morning,5.52,28.1,7.14,6.3,,,
Hatchery,Hatchery,4,4,2025-07-24,afternoon,6.22,29.6,,,,,
Hatchery,Hatchery,4,4,2025-07-24,morning,8.27,28.9,,,,,
Hatchery,Hatchery,4,4,2025-07-25,afternoon,5.85,29.4,,,,,
Hatchery,Hatchery,4,4,2025-07-28,afternoon,4.28,29.1,,,,,
Hatchery,Hatchery,4,4,2025-07-28,morning,4.71,28.0,,,,,
Hatchery,Hatchery,4,4,2025-07-29,afternoon,5.54,31.6,,,,,
Hatchery,Hatchery,4,4,2025-07-29,morning,5.95,31.5,,,,,
Hatchery,Hatchery,4,4,2025-07-30,afternoon,6.22,29.7,,,,,
Hatchery,Hatchery,5,5,2025-07-10,afternoon,6.1,28.2,,,,,
Hatchery,Hatchery,5,5,2025-07-10,morning,6.9,28.0,7.03,0.63,1.0,0.004,
Hatchery,Hatchery,5,5,2025-07-11,afternoon,5.9,28.4,,,,,
Hatchery,Hatchery,5,5,2025-07-11,morning,6.79,27.4,6.97,1.23,0.7,0.005,
Hatchery,Hatchery,5,5,2025-07-12,afternoon,5.21,28.6,,,,,
Hatchery,Hatchery,5,5,2025-07-12,morning,5.86,27.8,,,,,
Hatchery,Hatchery,5,5,2025-07-13,afternoon,5.37,28.0,,,,,
Hatchery,Hatchery,5,5,2025-07-13,morning,5.91,27.3,7.05,2.8,0.8,0.01,
Hatchery,Hatchery,5,5,2025-07-14,afternoon,4.94,28.5,,,,,
Hatchery,Hatchery,5,5,2025-07-14,morning,6.07,27.3,7.94,6.3,1.2,0.016,
Hatchery,Hatchery,5,5,2025-07-15,afternoon,5.46,28.7,,,,,
Hatchery,Hatchery,5,5,2025-07-15,morning,6.56,27.5,7.14,0.47,1.3,0.018,
Hatchery,Hatchery,5,5,2025-07-16,afternoon,4.67,30.9,,,,,
Hatchery,Hatchery,5,5,2025-07-16,morning,5.85,27.7,7.36,0.79,0.7,0.018,
Hatchery,Hatchery,5,5,2025-07-17,afternoon,4.94,29.7,,,,,
Hatchery,Hatchery,5,5,2025-07-17,morning,5.65,29.1,7.13,0.74,0.7,0.019,
Hatchery,Hatchery,5,5,2025-07-18,afternoon,5.35,29.6,,,,,
Hatchery,Hatchery,5,5,2025-07-18,morning,5.3,28.7,7.38,1.99,0.8,0.017,
Hatchery,Hatchery,5,5,2025-07-20,morning,,,7.01,2.7,,,
Hatchery,Hatchery,5,5,2025-07-21,afternoon,4.9,29.0,,,,,
Hatchery,Hatchery,5,5,2025-07-21,morning,6.64,28.0,7.82,4.8,0.9,0.127,
Hatchery,Hatchery,5,5,2025-07-22,afternoon,4.92,29.0,7.43,7.3,,,
Hatchery,Hatchery,5,5,2025-07-22,morning,5.73,27.9,,,,,
Hatchery,Hatchery,5,5,2025-07-23,afternoon,6.46,31.2,,,,,
Hatchery,Hatchery,5,5,2025-07-23,morning,5.25,28.0,7.11,6.4,,,
Hatchery,Hatchery,5,5,2025-07-24,afternoon,8.16,29.5,,,,,
Hatchery,Hatchery,5,5,2025-07-24,morning,9.11,28.9,,,,,
Hatchery,Hatchery,5,5,2025-07-25,afternoon,6.55,29.3,,,,,
Hatchery,Hatchery,5,5,2025-07-28,afternoon,5.36,29.1,,,,,
Hatchery,Hatchery,5,5,2025-07-28,morning,5.35,27.9,,,,,
Hatchery,Hatchery,5,5,2025-07-29,afternoon,5.28,31.7,,,,,
Hatchery,Hatchery,5,5,2025-07-29,morning,5.61,31.6,,,,,
Hatchery,Hatchery,5,5,2025-07-30,afternoon,6.33,29.8,,,,,
Hatchery,Hatchery,6,6,2025-07-10,afternoon,6.42,28.1,,,,,
Hatchery,Hatchery,6,6,2025-07-10,morning,6.77,28.1,6.9,1.37,1.1,0.008,
Hatchery,Hatchery,6,6,2025-07-11,afternoon,6.27,28.3,,,,,
Hatchery,Hatchery,6,6,2025-07-11,morning,6.86,27.4,6.86,1.86,1.1,0.007,
Hatchery,Hatchery,6,6,2025-07-12,afternoon,5.08,28.6,,,,,
Hatchery,Hatchery,6,6,2025-07-12,morning,5.92,27.8,,,,,
Hatchery,Hatchery,6,6,2025-07-13,afternoon,5.79,27.9,,,,,
Hatchery,Hatchery,6,6,2025-07-13,morning,5.81,27.3,6.09,3.8,0.1,0.025,
Hatchery,Hatchery,6,6,2025-07-14,afternoon,5.5,28.4,,,,,
Hatchery,Hatchery,6,6,2025-07-14,morning,5.69,27.2,7.8,9.4,1.3,0.015,
Hatchery,Hatchery,6,6,2025-07-15,afternoon,5.46,28.6,,,,,
Hatchery,Hatchery,6,6,2025-07-15,morning,6.1,27.8,7.05,0.7,1.4,0.028,
Hatchery,Hatchery,6,6,2025-07-16,afternoon,5.85,30.8,,,,,
Hatchery,Hatchery,6,6,2025-07-16,morning,5.07,27.6,7.44,0.61,0.7,0.015,
Hatchery,Hatchery,6,6,2025-07-17,afternoon,5.51,29.6,,,,,
Hatchery,Hatchery,6,6,2025-07-17,morning,6.01,29.0,7.04,0.74,0.5,0.016,
Hatchery,Hatchery,6,6,2025-07-18,afternoon,6.35,29.5,,,,,
Hatchery,Hatchery,6,6,2025-07-18,morning,6.3,28.6,7.17,1.54,0.3,0.007,
Hatchery,Hatchery,6,6,2025-07-20,morning,,,7.04,1.6,,,
Hatchery,Hatchery,6,6,2025-07-21,afternoon,5.74,28.9,,,,,
Hatchery,Hatchery,6,6,2025-07-21,morning,7.0,27.9,7.72,3.1,0.4,0.018,
Hatchery,Hatchery,6,6,2025-07-22,afternoon,5.29,28.9,7.25,4.9,,,
Hatchery,Hatchery,6,6,2025-07-22,morning,5.74,27.8,,,,,
Hatchery,Hatchery,6,6,2025-07-23,afternoon,7.09,31.2,,,,,
Hatchery,Hatchery,6,6,2025-07-23,morning,6.65,27.9,7.14,5.3,,,
Hatchery,Hatchery,6,6,2025-07-24,afternoon,8.76,29.5,,,,,
Hatchery,Hatchery,6,6,2025-07-24,morning,9.61,28.9,,,,,
Hatchery,Hatchery,6,6,2025-07-25,afternoon,7.26,29.2,,,,,
Hatchery,Hatchery,6,6,2025-07-28,afternoon,5.69,29.0,,,,,
Hatchery,Hatchery,6,6,2025-07-28,morning,6.09,27.9,,,,,
Hatchery,Hatchery,6,6,2025-07-29,afternoon,5.35,31.7,,,,,
Hatchery,Hatchery,6,6,2025-07-29,morning,5.51,31.7,,,,,
Hatchery,Hatchery,6,6,2025-07-30,afternoon,6.03,29.8,,,,,
Hatchery,Hatchery,7,7,2025-07-10,afternoon,5.96,28.1,,,,,
Hatchery,Hatchery,7,7,2025-07-10,morning,6.67,28.0,6.87,0.8,1.1,0.004,
Hatchery,Hatchery,7,7,2025-07-11,afternoon,5.62,28.3,,,,,
Hatchery,Hatchery,7,7,2025-07-11,morning,6.44,27.3,6.92,1.55,1.4,0.005,
Hatchery,Hatchery,7,7,2025-07-12,afternoon,4.81,28.6,,,,,
Hatchery,Hatchery,7,7,2025-07-12,morning,5.23,27.8,,,,,
Hatchery,Hatchery,7,7,2025-07-13,afternoon,5.01,27.8,,,,,
Hatchery,Hatchery,7,7,2025-07-13,morning,5.63,27.3,7.19,4.6,0.4,0.034,
Hatchery,Hatchery,7,7,2025-07-14,afternoon,4.73,28.4,,,,,
Hatchery,Hatchery,7,7,2025-07-14,morning,5.39,27.2,7.75,8.6,1.2,0.015,
Hatchery,Hatchery,7,7,2025-07-15,afternoon,5.18,28.6,,,,,
Hatchery,Hatchery,7,7,2025-07-15,morning,6.07,27.6,7.02,0.6,1.1,0.022,
Hatchery,Hatchery,7,7,2025-07-16,afternoon,5.57,31.0,,,,,
Hatchery,Hatchery,7,7,2025-07-16,morning,5.95,27.5,7.27,1.12,0.1,0.024,
Hatchery,Hatchery,7,7,2025-07-17,afternoon,5.04,29.7,,,,,
Hatchery,Hatchery,7,7,2025-07-17,morning,5.72,29.2,6.98,0.7,0.8,0.008,
Hatchery,Hatchery,7,7,2025-07-18,afternoon,5.49,29.6,,,,,
Hatchery,Hatchery,7,7,2025-07-18,morning,5.96,28.8,7.1,1.58,1.0,0.014,
Hatchery,Hatchery,7,7,2025-07-20,morning,,,6.98,1.7,,,
Hatchery,Hatchery,7,7,2025-07-21,afternoon,4.31,29.0,,,,,
Hatchery,Hatchery,7,7,2025-07-21,morning,6.55,28.1,7.62,2.7,1.5,0.209,
Hatchery,Hatchery,7,7,2025-07-22,afternoon,4.74,29.0,7.3,4.4,,,
Hatchery,Hatchery,7,7,2025-07-22,morning,5.63,27.7,,,,,
Hatchery,Hatchery,7,7,2025-07-23,afternoon,6.57,30.6,,,,,
Hatchery,Hatchery,7,7,2025-07-23,morning,6.28,27.9,7.21,4.6,,,
Hatchery,Hatchery,7,7,2025-07-24,afternoon,7.4,29.5,,,,,
Hatchery,Hatchery,7,7,2025-07-24,morning,8.79,28.9,,,,,
Hatchery,Hatchery,7,7,2025-07-25,afternoon,6.23,29.2,,,,,
Hatchery,Hatchery,7,7,2025-07-28,afternoon,4.47,29.1,,,,,
Hatchery,Hatchery,7,7,2025-07-28,morning,5.08,28.0,,,,,
Hatchery,Hatchery,7,7,2025-07-29,afternoon,4.86,31.7,,,,,
Hatchery,Hatchery,7,7,2025-07-29,morning,5.36,31.6,,,,,
Hatchery,Hatchery,7,7,2025-07-30,afternoon,5.36,29.7,,,,,
Hatchery,Hatchery,8,8,2025-07-10,afternoon,5.88,28.0,,,,,
Hatchery,Hatchery,8,8,2025-07-10,morning,6.49,27.9,6.82,1.97,1.1,0.018,
Hatchery,Hatchery,8,8,2025-07-11,afternoon,5.62,28.2,,,,,
Hatchery,Hatchery,8,8,2025-07-11,morning,6.55,27.2,6.88,2.98,1.3,0.018,
Hatchery,Hatchery,8,8,2025-07-12,afternoon,5.21,28.4,,,,,
Hatchery,Hatchery,8,8,2025-07-12,morning,5.1,27.7,,,,,
Hatchery,Hatchery,8,8,2025-07-13,afternoon,5.06,27.7,,,,,
Hatchery,Hatchery,8,8,2025-07-13,morning,5.95,27.2,7.12,7.1,1.0,0.027,
Hatchery,Hatchery,8,8,2025-07-14,afternoon,5.04,28.2,,,,,
Hatchery,Hatchery,8,8,2025-07-14,morning,5.75,27.1,7.73,5.0,1.2,0.026,
Hatchery,Hatchery,8,8,2025-07-15,afternoon,5.23,28.4,,,,,
Hatchery,Hatchery,8,8,2025-07-15,morning,5.83,27.4,7.05,1.02,1.8,0.022,
Hatchery,Hatchery,8,8,2025-07-16,afternoon,5.83,29.9,,,,,
Hatchery,Hatchery,8,8,2025-07-16,morning,7.0,27.3,7.4,1.29,0.6,0.018,
Hatchery,Hatchery,8,8,2025-07-17,afternoon,5.45,29.2,,,,,
Hatchery,Hatchery,8,8,2025-07-17,morning,5.88,28.7,7.03,0.74,1.1,0.017,
Hatchery,Hatchery,8,8,2025-07-18,afternoon,5.64,29.3,,,,,
Hatchery,Hatchery,8,8,2025-07-18,morning,5.35,28.5,7.07,1.63,1.1,0.004,
Hatchery,Hatchery,8,8,2025-07-20,morning,,,6.93,1.8,,,
Hatchery,Hatchery,8,8,2025-07-21,afternoon,5.14,28.8,,,,,
Hatchery,Hatchery,8,8,2025-07-21,morning,6.76,27.9,7.52,3.8,1.5,0.011,
Hatchery,Hatchery,8,8,2025-07-22,afternoon,5.0,28.8,7.16,7.0,,,
Hatchery,Hatchery,8,8,2025-07-22,morning,5.67,27.7,,,,,
Hatchery,Hatchery,8,8,2025-07-23,afternoon,6.87,31.0,,,,,
Hatchery,Hatchery,8,8,2025-07-23,morning,7.0,27.9,7.23,5.2,,,
Hatchery,Hatchery,8,8,2025-07-24,afternoon,8.12,29.3,,,,,
Hatchery,Hatchery,8,8,2025-07-24,morning,8.6,28.7,,,,,
Hatchery,Hatchery,8,8,2025-07-25,afternoon,6.84,29.0,,,,,
Hatchery,Hatchery,8,8,2025-07-28,afternoon,5.22,28.9,,,,,
Hatchery,Hatchery,8,8,2025-07-28,morning,5.2,27.8,,,,,
Hatchery,Hatchery,8,8,2025-07-29,afternoon,5.43,31.5,,,,,
Hatchery,Hatchery,8,8,2025-07-29,morning,5.72,31.5,,,,,
Hatchery,Hatchery,8,8,2025-07-30,afternoon,5.14,29.4,,,,,
Hatchery,Hatchery,9,9,2025-07-10,afternoon,6.2,27.9,,,,,
Hatchery,Hatchery,9,9,2025-07-10,morning,6.71,27.8,6.83,1.67,0.9,0.004,
Hatchery,Hatchery,9,9,2025-07-11,afternoon,5.86,28.2,,,,,
Hatchery,Hatchery,9,9,2025-07-11,morning,6.71,27.2,6.86,2.56,1.1,0.02,
Hatchery,Hatchery,9,9,2025-07-12,afternoon,5.44,28.4,,,,,
Hatchery,Hatchery,9,9,2025-07-12,morning,5.63,27.7,,,,,
Hatchery,Hatchery,9,9,2025-07-13,afternoon,5.53,27.7,,,,,
Hatchery,Hatchery,9,9,2025-07-13,morning,5.87,27.1,6.13,6.4,0.2,0.013,
Hatchery,Hatchery,9,9,2025-07-14,afternoon,5.19,28.2,,,,,
Hatchery,Hatchery,9,9,2025-07-14,morning,5.65,27.1,7.73,4.2,1.4,0.023,
Hatchery,Hatchery,9,9,2025-07-15,afternoon,5.51,28.4,,,,,
Hatchery,Hatchery,9,9,2025-07-15,morning,6.25,27.6,7.01,0.76,1.4,0.017,
Hatchery,Hatchery,9,9,2025-07-16,afternoon,5.75,30.7,,,,,
Hatchery,Hatchery,9,9,2025-07-16,morning,5.53,27.4,7.42,1.11,0.6,0.014,
Hatchery,Hatchery,9,9,2025-07-17,afternoon,5.45,29.5,,,,,
Hatchery,Hatchery,9,9,2025-07-17,morning,5.69,29.1,7.02,0.7,0.9,0.007,
Hatchery,Hatchery,9,9,2025-07-18,afternoon,5.53,29.3,,,,,
Hatchery,Hatchery,9,9,2025-07-18,morning,5.75,28.6,7.1,1.63,0.9,0.015,
Hatchery,Hatchery,9,9,2025-07-20,morning,,,6.99,1.5,,,
Hatchery,Hatchery,9,9,2025-07-21,afternoon,5.23,28.8,,,,,
Hatchery,Hatchery,9,9,2025-07-21,morning,6.56,27.8,7.49,3.4,0.9,0.025,
Hatchery,Hatchery,9,9,2025-07-22,afternoon,4.81,28.8,7.43,5.6,,,
Hatchery,Hatchery,9,9,2025-07-22,morning,5.21,27.8,,,,,
Hatchery,Hatchery,9,9,2025-07-23,afternoon,6.88,30.3,,,,,
Hatchery,Hatchery,9,9,2025-07-23,morning,6.43,27.8,7.2,6.4,,,
Hatchery,Hatchery,9,9,2025-07-24,afternoon,8.29,29.3,,,,,
Hatchery,Hatchery,9,9,2025-07-24,morning,9.07,28.7,,,,,
Hatchery,Hatchery,9,9,2025-07-25,afternoon,6.81,29.0,,,,,
Hatchery,Hatchery,9,9,2025-07-28,afternoon,5.05,28.9,,,,,
Hatchery,Hatchery,9,9,2025-07-28,morning,5.34,27.8,,,,,
Hatchery,Hatchery,9,9,2025-07-29,afternoon,5.17,31.6,,,,,
Hatchery,Hatchery,9,9,2025-07-29,morning,5.88,31.8,,,,,
Hatchery,Hatchery,9,9,2025-07-30,afternoon,5.36,29.4,,,,,
Hatchery,Hatchery,10,10,2025-07-10,afternoon,6.35,27.9,,,,,
Hatchery,Hatchery,10,10,2025-07-10,morning,6.66,27.8,6.83,0.58,1.2,0.006,
Hatchery,Hatchery,10,10,2025-07-11,afternoon,5.59,28.2,,,,,
Hatchery,Hatchery,10,10,2025-07-11,morning,6.39,27.4,6.9,1.17,1.0,0.014,
Hatchery,Hatchery,10,10,2025-07-12,afternoon,5.58,28.4,,,,,
Hatchery,Hatchery,10,10,2025-07-12,morning,5.95,27.8,,,,,
Hatchery,Hatchery,10,10,2025-07-13,afternoon,5.21,27.7,,,,,
Hatchery,Hatchery,10,10,2025-07-13,morning,5.72,27.3,7.13,1.8,1.3,0.015,
Hatchery,Hatchery,10,10,2025-07-14,afternoon,5.12,28.3,,,,,
Hatchery,Hatchery,10,10,2025-07-14,morning,5.61,27.3,7.66,5.0,0.8,0.023,
Hatchery,Hatchery,10,10,2025-07-15,afternoon,5.17,28.4,,,,,
Hatchery,Hatchery,10,10,2025-07-15,morning,5.7,27.5,6.94,0.53,1.2,0.028,
Hatchery,Hatchery,10,10,2025-07-16,afternoon,5.51,30.7,,,,,
Hatchery,Hatchery,10,10,2025-07-16,morning,6.67,27.2,7.29,0.92,4.1,0.055,
Hatchery,Hatchery,10,10,2025-07-17,afternoon,5.31,29.5,,,,,
Hatchery,Hatchery,10,10,2025-07-17,morning,5.75,29.1,7.02,0.76,0.7,0.011,
Hatchery,Hatchery,10,10,2025-07-18,afternoon,5.32,29.3,,,,,
Hatchery,Hatchery,10,10,2025-07-18,morning,6.04,28.6,7.01,1.7,0.8,0.029,
Hatchery,Hatchery,10,10,2025-07-20,morning,,,7.05,2.1,,,
Hatchery,Hatchery,10,10,2025-07-21,afternoon,4.92,28.7,,,,,
Hatchery,Hatchery,10,10,2025-07-21,morning,6.62,27.9,7.56,2.0,2.3,0.51,
Hatchery,Hatchery,10,10,2025-07-22,afternoon,5.02,28.6,7.04,4.5,,,
Hatchery,Hatchery,10,10,2025-07-22,morning,5.55,27.8,,,,,
Hatchery,Hatchery,10,10,2025-07-23,afternoon,5.22,30.1,,,,,
Hatchery,Hatchery,10,10,2025-07-23,morning,6.93,27.7,7.14,2.7,,,
Hatchery,Hatchery,10,10,2025-07-24,afternoon,8.33,29.2,,,,,
Hatchery,Hatchery,10,10,2025-07-24,morning,9.05,28.7,,,,,
Hatchery,Hatchery,10,10,2025-07-25,afternoon,6.74,29.0,,,,,
Hatchery,Hatchery,10,10,2025-07-28,afternoon,5.21,28.8,,,,,
Hatchery,Hatchery,10,10,2025-07-28,morning,5.32,27.8,,,,,
Hatchery,Hatchery,10,10,2025-07-29,afternoon,4.91,31.4,,,,,
Hatchery,Hatchery,10,10,2025-07-29,morning,5.5,31.5,,,,,
Hatchery,Hatchery,10,10,2025-07-30,afternoon,6.16,,,,,,
Hatchery,Hatchery,11,11,2025-07-10,afternoon,6.06,27.9,,,,,
Hatchery,Hatchery,11,11,2025-07-10,morning,6.7,27.8,6.73,0.58,0.7,0.012,
Hatchery,Hatchery,11,11,2025-07-11,afternoon,5.8,28.1,,,,,
Hatchery,Hatchery,11,11,2025-07-11,morning,6.45,27.3,6.85,1.15,1.0,0.009,
Hatchery,Hatchery,11,11,2025-07-12,afternoon,5.03,28.3,,,,,
Hatchery,Hatchery,11,11,2025-07-12,morning,5.48,27.8,,,,,
Hatchery,Hatchery,11,11,2025-07-13,afternoon,4.76,27.7,,,,,
Hatchery,Hatchery,11,11,2025-07-13,morning,5.61,27.3,7.12,3.6,0.3,0.01,
Hatchery,Hatchery,11,11,2025-07-14,afternoon,4.89,28.1,,,,,
Hatchery,Hatchery,11,11,2025-07-14,morning,5.34,27.1,7.6,4.3,1.2,0.014,
Hatchery,Hatchery,11,11,2025-07-15,afternoon,4.81,28.3,,,,,
Hatchery,Hatchery,11,11,2025-07-15,morning,6.06,27.8,6.88,0.69,1.1,0.024,
Hatchery,Hatchery,11,11,2025-07-16,afternoon,5.82,30.5,,,,,
Hatchery,Hatchery,11,11,2025-07-16,morning,6.31,27.4,7.26,0.98,0.6,0.041,
Hatchery,Hatchery,11,11,2025-07-17,afternoon,5.16,29.4,,,,,
Hatchery,Hatchery,11,11,2025-07-17,morning,5.83,29.0,7.02,0.64,0.6,0.014,
Hatchery,Hatchery,11,11,2025-07-18,afternoon,5.1,29.2,,,,,
Hatchery,Hatchery,11,11,2025-07-18,morning,5.86,28.5,6.97,1.88,1.2,0.023,
Hatchery,Hatchery,11,11,2025-07-20,morning,,,7.0,1.5,,,
Hatchery,Hatchery,11,11,2025-07-21,afternoon,5.14,28.7,,,,,
Hatchery,Hatchery,11,11,2025-07-21,morning,6.61,27.8,7.36,3.8,1.1,0.301,
Hatchery,Hatchery,11,11,2025-07-22,afternoon,4.87,28.6,6.99,6.9,,,
Hatchery,Hatchery,11,11,2025-07-22,morning,5.45,27.7,,,,,
Hatchery,Hatchery,11,11,2025-07-23,afternoon,5.36,30.2,,,,,
Hatchery,Hatchery,11,11,2025-07-23,morning,6.47,27.8,6.96,5.3,,,
Hatchery,Hatchery,11,11,2025-07-24,afternoon,8.35,29.2,,,,,
Hatchery,Hatchery,11,11,2025-07-24,morning,9.17,28.8,,,,,
Hatchery,Hatchery,11,11,2025-07-25,afternoon,7.17,29.0,,,,,
Hatchery,Hatchery,11,11,2025-07-28,afternoon,5.51,28.8,,,,,
Hatchery,Hatchery,11,11,2025-07-28,morning,5.32,27.8,,,,,
Hatchery,Hatchery,11,11,2025-07-29,afternoon,5.17,31.5,,,,,
Hatchery,Hatchery,11,11,2025-07-29,morning,5.64,31.4,,,,,
Hatchery,Hatchery,11,11,2025-07-30,afternoon,5.14,29.8,,,,,
Hatchery,Hatchery,12,12,2025-07-10,afternoon,5.57,28.0,,,,,
Hatchery,Hatchery,12,12,2025-07-10,morning,6.63,27.8,6.77,1.11,0.8,0.008,
Hatchery,Hatchery,12,12,2025-07-11,afternoon,5.64,28.2,,,,,
Hatchery,Hatchery,12,12,2025-07-11,morning,6.59,27.3,6.76,1.79,0.9,0.013,
Hatchery,Hatchery,12,12,2025-07-12,afternoon,5.04,28.4,,,,,
Hatchery,Hatchery,12,12,2025-07-12,morning,5.43,27.8,,,,,
Hatchery,Hatchery,12,12,2025-07-13,afternoon,5.05,27.8,,,,,
Hatchery,Hatchery,12,12,2025-07-13,morning,5.77,27.3,7.42,5.4,0.2,0.018,
Hatchery,Hatchery,12,12,2025-07-14,afternoon,4.46,28.2,,,,,
Hatchery,Hatchery,12,12,2025-07-14,morning,5.35,27.2,7.51,3.8,1.5,0.021,
Hatchery,Hatchery,12,12,2025-07-15,afternoon,5.14,28.4,,,,,
Hatchery,Hatchery,12,12,2025-07-15,morning,6.9,27.2,6.88,0.65,0.8,0.022,
Hatchery,Hatchery,12,12,2025-07-16,afternoon,5.52,30.8,,,,,
Hatchery,Hatchery,12,12,2025-07-16,morning,7.17,27.3,7.18,1.37,0.0,0.016,
Hatchery,Hatchery,12,12,2025-07-17,afternoon,5.14,29.6,,,,,
Hatchery,Hatchery,12,12,2025-07-17,morning,5.48,29.1,7.0,0.66,1.0,0.016,
Hatchery,Hatchery,12,12,2025-07-18,afternoon,5.45,29.3,,,,,
Hatchery,Hatchery,12,12,2025-07-18,morning,5.6,28.6,7.17,1.39,0.6,0.014,
Hatchery,Hatchery,12,12,2025-07-20,morning,,,7.0,1.2,,,
Hatchery,Hatchery,12,12,2025-07-21,afternoon,4.57,28.8,,,,,
Hatchery,Hatchery,12,12,2025-07-21,morning,6.68,27.9,7.37,2.9,0.8,0.038,
Hatchery,Hatchery,12,12,2025-07-22,afternoon,4.4,28.8,7.32,5.9,,,
Hatchery,Hatchery,12,12,2025-07-22,morning,5.58,27.6,,,,,
Hatchery,Hatchery,12,12,2025-07-23,afternoon,6.25,30.1,,,,,
Hatchery,Hatchery,12,12,2025-07-23,morning,5.94,27.9,7.21,5.3,,,
Hatchery,Hatchery,12,12,2025-07-24,afternoon,7.51,29.4,,,,,
Hatchery,Hatchery,12,12,2025-07-24,morning,8.6,28.9,,,,,
Hatchery,Hatchery,12,12,2025-07-25,afternoon,6.38,29.1,,,,,
Hatchery,Hatchery,12,12,2025-07-28,afternoon,4.67,28.8,,,,,
Hatchery,Hatchery,12,12,2025-07-28,morning,5.12,27.9,,,,,
Hatchery,Hatchery,12,12,2025-07-29,afternoon,5.11,31.5,,,,,
Hatchery,Hatchery,12,12,2025-07-29,morning,5.82,31.6,,,,,
Hatchery,Hatchery,12,12,2025-07-30,afternoon,5.11,29.4,,,,,
Hatchery,Hatchery,13,13,2025-07-10,afternoon,6.61,27.9,,,,,
Hatchery,Hatchery,13,13,2025-07-10,morning,7.02,27.8,6.8,0.71,0.9,0.005,
Hatchery,Hatchery,13,13,2025-07-11,afternoon,6.43,28.2,,,,,
Hatchery,Hatchery,13,13,2025-07-11,morning,7.03,27.3,6.86,1.26,0.8,0.001,
Hatchery,Hatchery,13,13,2025-07-12,afternoon,5.66,28.4,,,,,
Hatchery,Hatchery,13,13,2025-07-12,morning,6.14,27.8,,,,,
Hatchery,Hatchery,13,13,2025-07-13,afternoon,5.78,27.8,,,,,
Hatchery,Hatchery,13,13,2025-07-13,morning,6.18,27.3,7.1,3.5,0.1,0.012,
Hatchery,Hatchery,13,13,2025-07-14,afternoon,5.34,28.2,,,,,
Hatchery,Hatchery,13,13,2025-07-14,morning,5.75,27.1,7.36,4.5,1.1,0.026,
Hatchery,Hatchery,13,13,2025-07-15,afternoon,5.83,28.4,,,,,
Hatchery,Hatchery,13,13,2025-07-15,morning,6.37,27.4,6.87,0.51,1.8,0.022,
Hatchery,Hatchery,13,13,2025-07-16,afternoon,6.07,30.8,,,,,
Hatchery,Hatchery,13,13,2025-07-16,morning,6.95,27.4,7.37,0.8,0.7,0.043,
Hatchery,Hatchery,13,13,2025-07-17,afternoon,6.2,29.4,,,,,
Hatchery,Hatchery,13,13,2025-07-17,morning,6.19,29.0,6.96,0.63,0.9,0.015,
Hatchery,Hatchery,13,13,2025-07-18,afternoon,5.88,29.3,,,,,
Hatchery,Hatchery,13,13,2025-07-18,morning,5.99,28.5,7.05,1.42,1.1,0.03,
Hatchery,Hatchery,13,13,2025-07-20,morning,,,6.96,1.3,,,
Hatchery,Hatchery,13,13,2025-07-21,afternoon,4.89,28.8,,,,,
Hatchery,Hatchery,13,13,2025-07-21,morning,6.88,27.5,7.62,2.0,1.7,0.61,
Hatchery,Hatchery,13,13,2025-07-22,afternoon,5.07,28.8,6.98,6.8,,,
Hatchery,Hatchery,13,13,2025-07-22,morning,5.66,27.8,,,,,
Hatchery,Hatchery,13,13,2025-07-23,afternoon,6.19,31.2,,,,,
Hatchery,Hatchery,13,13,2025-07-23,morning,6.76,27.8,7.02,2.9,,,
Hatchery,Hatchery,13,13,2025-07-24,afternoon,7.74,29.4,,,,,
Hatchery,Hatchery,13,13,2025-07-24,morning,9.27,28.9,,,,,
Hatchery,Hatchery,13,13,2025-07-25,afternoon,7.12,29.1,,,,,
Hatchery,Hatchery,13,13,2025-07-28,afternoon,5.37,28.9,,,,,
Hatchery,Hatchery,13,13,2025-07-28,morning,5.32,27.9,,,,,
Hatchery,Hatchery,13,13,2025-07-29,afternoon,5.14,31.7,,,,,
Hatchery,Hatchery,13,13,2025-07-29,morning,5.54,31.6,,,,,
Hatchery,Hatchery,13,13,2025-07-30,afternoon,5.33,29.7,,,,,
Hatchery,Hatchery,14,14,2025-07-10,afternoon,6.18,28.0,,,,,
Hatchery,Hatchery,14,14,2025-07-10,morning,6.67,27.9,6.77,0.63,1.1,0.003,
Hatchery,Hatchery,14,14,2025-07-11,afternoon,5.75,28.2,,,,,
Hatchery,Hatchery,14,14,2025-07-11,morning,6.38,27.3,6.85,1.3,1.3,0.004,
Hatchery,Hatchery,14,14,2025-07-12,afternoon,5.34,28.4,,,,,
Hatchery,Hatchery,14,14,2025-07-12,morning,6.06,27.7,,,,,
Hatchery,Hatchery,14,14,2025-07-13,afternoon,5.53,27.8,,,,,
Hatchery,Hatchery,14,14,2025-07-13,morning,5.71,27.3,7.11,3.4,0.0,0.01,
Hatchery,Hatchery,14,14,2025-07-14,afternoon,5.17,28.2,,,,,
Hatchery,Hatchery,14,14,2025-07-14,morning,5.69,27.2,7.34,4.4,1.1,0.007,
Hatchery,Hatchery,14,14,2025-07-15,afternoon,5.42,28.5,,,,,
Hatchery,Hatchery,14,14,2025-07-15,morning,6.28,27.5,6.89,0.58,1.3,0.012,
Hatchery,Hatchery,14,14,2025-07-16,afternoon,5.32,30.8,,,,,
Hatchery,Hatchery,14,14,2025-07-16,morning,6.16,27.4,7.33,1.09,0.1,0.023,
Hatchery,Hatchery,14,14,2025-07-17,afternoon,5.22,29.5,,,,,
Hatchery,Hatchery,14,14,2025-07-17,morning,5.7,29.0,6.92,0.93,0.7,0.022,
Hatchery,Hatchery,14,14,2025-07-18,afternoon,5.84,29.2,,,,,
Hatchery,Hatchery,14,14,2025-07-18,morning,6.06,28.5,7.01,1.96,0.3,0.016,
Hatchery,Hatchery,14,14,2025-07-20,morning,,,7.14,2.1,,,
Hatchery,Hatchery,14,14,2025-07-21,afternoon,4.53,28.7,,,,,
Hatchery,Hatchery,14,14,2025-07-21,morning,6.54,27.8,7.32,3.6,1.0,0.214,
Hatchery,Hatchery,14,14,2025-07-22,afternoon,4.94,28.8,7.41,6.4,,,
Hatchery,Hatchery,14,14,2025-07-22,morning,5.78,27.8,,,,,
Hatchery,Hatchery,14,14,2025-07-23,afternoon,6.63,31.2,,,,,
Hatchery,Hatchery,14,14,2025-07-23,morning,6.32,27.8,7.1,4.9,,,
Hatchery,Hatchery,14,14,2025-07-24,afternoon,8.06,29.5,,,,,
Hatchery,Hatchery,14,14,2025-07-24,morning,8.93,29.0,,,,,
Hatchery,Hatchery,14,14,2025-07-25,afternoon,6.43,29.2,,,,,
Hatchery,Hatchery,14,14,2025-07-28,afternoon,5.11,28.9,,,,,
Hatchery,Hatchery,14,14,2025-07-28,morning,5.56,27.9,,,,,
Hatchery,Hatchery,14,14,2025-07-29,afternoon,5.12,31.6,,,,,
Hatchery,Hatchery,14,14,2025-07-29,morning,5.29,31.4,,,,,
Hatchery,Hatchery,14,14,2025-07-30,afternoon,6.65,30.0,,,,,
Hatchery,Hatchery,15,15,2025-07-10,afternoon,6.41,27.9,,,,,
Hatchery,Hatchery,15,15,2025-07-10,morning,6.82,27.8,6.73,0.82,0.9,0.008,
Hatchery,Hatchery,15,15,2025-07-11,afternoon,6.07,28.2,,,,,
Hatchery,Hatchery,15,15,2025-07-11,morning,6.9,27.2,6.85,1.72,1.1,0.009,
Hatchery,Hatchery,15,15,2025-07-12,afternoon,5.41,28.4,,,,,
Hatchery,Hatchery,15,15,2025-07-12,morning,5.75,27.7,,,,,
Hatchery,Hatchery,15,15,2025-07-13,afternoon,5.7,27.8,,,,,
Hatchery,Hatchery,15,15,2025-07-13,morning,6.15,27.2,7.06,5.4,1.3,0.011,
Hatchery,Hatchery,15,15,2025-07-14,afternoon,5.4,28.2,,,,,
Hatchery,Hatchery,15,15,2025-07-14,morning,5.91,27.1,7.32,6.2,1.0,0.015,
Hatchery,Hatchery,15,15,2025-07-15,afternoon,5.74,28.4,,,,,
Hatchery,Hatchery,15,15,2025-07-15,morning,6.75,27.5,6.92,0.77,2.3,0.042,
Hatchery,Hatchery,15,15,2025-07-16,afternoon,5.29,31.2,,,,,
Hatchery,Hatchery,15,15,2025-07-16,morning,6.98,27.4,7.19,1.76,0.1,0.115,
Hatchery,Hatchery,15,15,2025-07-17,afternoon,5.33,29.5,,,,,
Hatchery,Hatchery,15,15,2025-07-17,morning,5.31,29.1,7.0,0.95,0.7,0.051,
Hatchery,Hatchery,15,15,2025-07-18,afternoon,5.52,29.2,,,,,
Hatchery,Hatchery,15,15,2025-07-18,morning,5.57,28.5,6.93,2.19,1.1,0.139,
Hatchery,Hatchery,15,15,2025-07-20,morning,,,7.12,1.9,,,
Hatchery,Hatchery,15,15,2025-07-21,afternoon,4.65,28.8,,,,,
Hatchery,Hatchery,15,15,2025-07-21,morning,6.48,27.8,7.5,2.9,5.3,1.74,
Hatchery,Hatchery,15,15,2025-07-22,afternoon,4.31,28.8,6.87,4.8,,,
Hatchery,Hatchery,15,15,2025-07-22,morning,5.49,27.7,,,,,
Hatchery,Hatchery,15,15,2025-07-23,afternoon,7.14,31.1,,,,,
Hatchery,Hatchery,15,15,2025-07-23,morning,5.39,27.8,6.88,3.1,,,
Hatchery,Hatchery,15,15,2025-07-24,afternoon,6.2,29.5,,,,,
Hatchery,Hatchery,15,15,2025-07-24,morning,7.88,29.0,,,,,
Hatchery,Hatchery,15,15,2025-07-25,afternoon,5.58,29.3,,,,,
Hatchery,Hatchery,15,15,2025-07-28,afternoon,4.79,28.9,,,,,
Hatchery,Hatchery,15,15,2025-07-28,morning,4.21,27.9,,,,,
Hatchery,Hatchery,15,15,2025-07-29,afternoon,5.15,31.6,,,,,
Hatchery,Hatchery,15,15,2025-07-29,morning,5.16,31.3,,,,,
Hatchery,Hatchery,15,15,2025-07-30,afternoon,6.87,29.8,,,,,
Hatchery,Hatchery,16,16,2025-07-10,afternoon,6.43,28.0,,,,,
Hatchery,Hatchery,16,16,2025-07-10,morning,6.71,27.8,6.76,0.75,0.8,0.017,
Hatchery,Hatchery,16,16,2025-07-11,afternoon,6.01,28.3,,,,,
Hatchery,Hatchery,16,16,2025-07-11,morning,6.83,27.3,6.86,1.42,0.7,0.01,
Hatchery,Hatchery,16,16,2025-07-12,afternoon,4.8,28.5,,,,,
Hatchery,Hatchery,16,16,2025-07-12,morning,5.57,27.7,,,,,
Hatchery,Hatchery,16,16,2025-07-13,afternoon,5.8,27.8,,,,,
Hatchery,Hatchery,16,16,2025-07-13,morning,6.04,27.3,7.05,3.8,1.0,0.014,
Hatchery,Hatchery,16,16,2025-07-14,afternoon,5.26,28.3,,,,,
Hatchery,Hatchery,16,16,2025-07-14,morning,5.84,27.1,7.36,5.6,1.3,0.011,
Hatchery,Hatchery,16,16,2025-07-15,afternoon,5.62,28.5,,,,,
Hatchery,Hatchery,16,16,2025-07-15,morning,5.99,27.5,6.89,0.76,1.2,0.037,
Hatchery,Hatchery,16,16,2025-07-16,afternoon,6.02,30.8,,,,,
Hatchery,Hatchery,16,16,2025-07-16,morning,6.89,27.4,7.33,1.06,0.4,0.109,
Hatchery,Hatchery,16,16,2025-07-17,afternoon,5.75,29.5,,,,,
Hatchery,Hatchery,16,16,2025-07-17,morning,5.87,29.0,6.93,0.94,0.9,0.027,
Hatchery,Hatchery,16,16,2025-07-18,afternoon,5.96,29.1,,,,,
Hatchery,Hatchery,16,16,2025-07-18,morning,6.17,28.5,7.01,1.88,0.9,0.093,
Hatchery,Hatchery,16,16,2025-07-20,morning,,,7.19,1.6,,,
Hatchery,Hatchery,16,16,2025-07-21,afternoon,5.25,28.8,,,,,
Hatchery,Hatchery,16,16,2025-07-21,morning,6.99,27.8,7.14,2.4,4.0,1.68,
Hatchery,Hatchery,16,16,2025-07-22,afternoon,4.86,28.9,7.23,3.4,,,
Hatchery,Hatchery,16,16,2025-07-22,morning,5.5,27.8,,,,,
Hatchery,Hatchery,16,16,2025-07-23,afternoon,6.39,30.8,,,,,
Hatchery,Hatchery,16,16,2025-07-23,morning,6.47,27.8,6.82,4.2,,,
Hatchery,Hatchery,16,16,2025-07-24,afternoon,6.74,29.5,,,,,
Hatchery,Hatchery,16,16,2025-07-24,morning,8.15,28.9,,,,,
Hatchery,Hatchery,16,16,2025-07-25,afternoon,5.92,29.3,,,,,
Hatchery,Hatchery,16,16,2025-07-28,afternoon,4.3,29.0,,,,,
Hatchery,Hatchery,16,16,2025-07-28,morning,4.29,27.9,,,,,
Hatchery,Hatchery,16,16,2025-07-29,afternoon,5.26,31.6,,,,,
Hatchery,Hatchery,16,16,2025-07-29,morning,4.96,31.5,,,,,
Hatchery,Hatchery,16,16,2025-07-30,afternoon,6.36,29.7,,,,,
Hatchery,Hatchery,17,17,2025-07-10,afternoon,6.29,28.1,,,,,
Hatchery,Hatchery,17,17,2025-07-10,morning,6.74,28.0,6.79,0.75,0.9,0.007,
Hatchery,Hatchery,17,17,2025-07-11,afternoon,5.94,28.4,,,,,
Hatchery,Hatchery,17,17,2025-07-11,morning,6.73,27.4,6.79,1.49,1.3,0.015,
Hatchery,Hatchery,17,17,2025-07-12,afternoon,5.13,28.6,,,,,
Hatchery,Hatchery,17,17,2025-07-12,morning,5.54,27.9,,,,,
Hatchery,Hatchery,17,17,2025-07-13,afternoon,5.54,28.0,,,,,
Hatchery,Hatchery,17,17,2025-07-13,morning,5.83,27.5,7.1,8.5,0.9,0.011,
Hatchery,Hatchery,17,17,2025-07-14,afternoon,5.05,28.4,,,,,
Hatchery,Hatchery,17,17,2025-07-14,morning,5.63,27.3,7.46,7.4,0.9,0.014,
Hatchery,Hatchery,17,17,2025-07-15,afternoon,5.42,28.7,,,,,
Hatchery,Hatchery,17,17,2025-07-15,morning,5.03,27.6,6.87,0.75,1.7,0.03,
Hatchery,Hatchery,17,17,2025-07-16,afternoon,5.57,30.8,,,,,
Hatchery,Hatchery,17,17,2025-07-16,morning,6.21,27.6,7.36,1.25,0.6,0.082,
Hatchery,Hatchery,17,17,2025-07-17,afternoon,5.36,29.5,,,,,
Hatchery,Hatchery,17,17,2025-07-17,morning,6.13,29.1,6.95,0.92,0.9,0.02,
Hatchery,Hatchery,17,17,2025-07-18,afternoon,5.67,29.2,,,,,
Hatchery,Hatchery,17,17,2025-07-18,morning,6.07,28.6,7.01,2.06,0.9,0.078,
Hatchery,Hatchery,17,17,2025-07-20,morning,,,7.18,1.9,,,
Hatchery,Hatchery,17,17,2025-07-21,afternoon,5.21,28.9,,,,,
Hatchery,Hatchery,17,17,2025-07-21,morning,6.73,27.9,7.52,2.8,3.9,1.7,
Hatchery,Hatchery,17,17,2025-07-22,afternoon,4.91,29.0,6.81,3.6,,,
Hatchery,Hatchery,17,17,2025-07-22,morning,5.46,27.9,,,,,
Hatchery,Hatchery,17,17,2025-07-23,afternoon,6.86,31.4,,,,,
Hatchery,Hatchery,17,17,2025-07-23,morning,6.02,27.9,6.81,3.3,,,
Hatchery,Hatchery,17,17,2025-07-24,afternoon,5.51,29.6,,,,,
Hatchery,Hatchery,17,17,2025-07-24,morning,7.62,29.0,,,,,
Hatchery,Hatchery,17,17,2025-07-25,afternoon,5.08,29.6,,,,,
Hatchery,Hatchery,17,17,2025-07-28,afternoon,3.7,29.1,,,,,
Hatchery,Hatchery,17,17,2025-07-28,morning,3.25,28.1,,,,,
Hatchery,Hatchery,17,17,2025-07-29,afternoon,5.05,31.6,,,,,
Hatchery,Hatchery,17,17,2025-07-29,morning,5.32,31.3,,,,,
Hatchery,Hatchery,17,17,2025-07-30,afternoon,6.71,29.7,,,,,
Hatchery,Hatchery,18,18,2025-07-10,afternoon,6.11,28.2,,,,,
Hatchery,Hatchery,18,18,2025-07-10,morning,6.51,28.1,6.69,0.85,1.2,0.005,
Hatchery,Hatchery,18,18,2025-07-11,afternoon,5.56,28.5,,,,,
Hatchery,Hatchery,18,18,2025-07-11,morning,6.62,27.5,6.96,1.85,1.3,0.004,
Hatchery,Hatchery,18,18,2025-07-12,afternoon,4.67,28.8,,,,,
Hatchery,Hatchery,18,18,2025-07-12,morning,4.95,28.1,,,,,
Hatchery,Hatchery,18,18,2025-07-13,afternoon,4.98,28.1,,,,,
Hatchery,Hatchery,18,18,2025-07-13,morning,5.56,27.5,7.04,4.4,0.9,0.016,
Hatchery,Hatchery,18,18,2025-07-14,afternoon,5.34,28.6,,,,,
Hatchery,Hatchery,18,18,2025-07-14,morning,5.7,27.4,7.31,8.0,1.3,0.012,
Hatchery,Hatchery,18,18,2025-07-15,afternoon,5.4,28.9,,,,,
Hatchery,Hatchery,18,18,2025-07-15,morning,6.73,27.4,6.94,0.94,2.3,0.056,
Hatchery,Hatchery,18,18,2025-07-16,afternoon,5.77,30.9,,,,,
Hatchery,Hatchery,18,18,2025-07-16,morning,5.98,27.7,7.36,1.41,0.5,0.206,
Hatchery,Hatchery,18,18,2025-07-17,afternoon,5.56,29.7,,,,,
Hatchery,Hatchery,18,18,2025-07-17,morning,5.84,29.1,6.96,0.99,0.9,0.091,
Hatchery,Hatchery,18,18,2025-07-18,afternoon,5.65,29.4,,,,,
Hatchery,Hatchery,18,18,2025-07-18,morning,6.09,28.7,6.96,1.83,1.9,0.45,
Hatchery,Hatchery,18,18,2025-07-20,morning,,,7.17,1.7,,,
Hatchery,Hatchery,18,18,2025-07-21,afternoon,5.36,29.0,,,,,
Hatchery,Hatchery,18,18,2025-07-21,morning,6.61,28.1,7.01,1.5,9.0,3.9,
Hatchery,Hatchery,18,18,2025-07-22,afternoon,4.38,29.2,6.94,2.3,,,
Hatchery,Hatchery,18,18,2025-07-22,morning,5.54,27.9,,,,,
Hatchery,Hatchery,18,18,2025-07-23,afternoon,6.92,31.4,,,,,
Hatchery,Hatchery,18,18,2025-07-23,morning,5.73,27.9,6.68,2.9,,,
Hatchery,Hatchery,18,18,2025-07-24,afternoon,6.44,29.6,,,,,
Hatchery,Hatchery,18,18,2025-07-24,morning,7.78,29.0,,,,,
Hatchery,Hatchery,18,18,2025-07-25,afternoon,5.79,29.8,,,,,
Hatchery,Hatchery,18,18,2025-07-28,afternoon,4.51,29.2,,,,,
Hatchery,Hatchery,18,18,2025-07-28,morning,4.55,28.2,,,,,
Hatchery,Hatchery,18,18,2025-07-29,afternoon,4.97,31.6,,,,,
Hatchery,Hatchery,18,18,2025-07-29,morning,5.68,31.7,,,,,
Hatchery,Hatchery,18,18,2025-07-30,afternoon,6.35,29.7,,,,,
Pond,Pond,1,1,2025-07-08,morning,,,8.15,0.23,1.0,0.006,
Pond,Pond,1,1,2025-07-10,morning,,,7.2,0.35,0.1,0.009,
Pond,Pond,2,2,2025-07-08,morning,,,8.4,0.21,1.5,0.007,
Pond,Pond,2,2,2025-07-10,morning,,,7.24,0.26,0.0,0.008,
